horizon_days,left_edge,right_edge,legacy_mass,control_mass,joint_mass
3.000000000000000000e+01,1.803702432703507156e+03,1.898897838873969931e+03,8.223660969162082876e-05,8.229446236557213449e-05,-7.249451995684723464e-13
3.000000000000000000e+01,1.898897838873969931e+03,1.994093245044432933e+03,5.038744035135677546e-05,5.043465028746977875e-05,-4.622095242758604594e-13
3.000000000000000000e+01,1.994093245044432933e+03,2.089288651214895708e+03,2.329390524755856650e-05,2.320347675474814187e-05,-1.337310102278604495e-13
3.000000000000000000e+01,2.089288651214895708e+03,2.184484057385358938e+03,5.865815682026385657e-06,5.810672452459559134e-06,1.066740381248683069e-12
3.000000000000000000e+01,2.184484057385358938e+03,2.279679463555821712e+03,1.026763236192359580e-19,-4.903834199941463763e-12,2.514371106035412619e-13
3.000000000000000000e+01,2.279679463555821712e+03,2.374874869726284487e+03,1.260372052714973294e-17,1.677111958382980961e-12,-4.722358896277667912e-13
3.000000000000000000e+01,2.374874869726284487e+03,2.470070275896747262e+03,0.000000000000000000e+00,-3.396212962106436733e-13,1.230810723789690065e-13
3.000000000000000000e+01,2.470070275896747262e+03,2.565265682067210037e+03,5.582139698681008170e-18,-3.190280719465945948e-13,-2.664749936643177700e-13
3.000000000000000000e+01,2.565265682067210037e+03,2.660461088237673266e+03,2.372353194973314826e-18,3.676375285143599560e-13,-1.519638216325051177e-13
3.000000000000000000e+01,2.660461088237673266e+03,2.755656494408136041e+03,7.194828362142662185e-18,1.721488786435479969e-14,4.527451062333915287e-13
3.000000000000000000e+01,2.755656494408136041e+03,2.850851900578598816e+03,4.185873868669588885e-18,-1.139166295991337264e-13,7.112062430103835117e-13
3.000000000000000000e+01,2.850851900578598816e+03,2.946047306749061590e+03,5.702362838648098499e-18,-1.750560152377679831e-13,-5.752950428837501727e-14
3.000000000000000000e+01,2.946047306749061590e+03,3.041242712919524820e+03,0.000000000000000000e+00,5.151532444426809748e-14,-2.969899058050058869e-13
3.000000000000000000e+01,3.041242712919524820e+03,3.136438119089988049e+03,0.000000000000000000e+00,1.876040519648778737e-13,-6.255350559114503354e-13
3.000000000000000000e+01,3.136438119089988049e+03,3.231633525260450369e+03,3.351391100585944858e-18,2.311265530730689964e-13,3.755561514293125790e-13
3.000000000000000000e+01,3.231633525260450369e+03,3.326828931430913144e+03,9.191078788559703943e-18,6.825479043099401367e-15,2.204850462038131563e-13
3.000000000000000000e+01,3.326828931430913144e+03,3.422024337601375919e+03,0.000000000000000000e+00,-1.536880000516800889e-13,2.582136699895001749e-06
3.000000000000000000e+01,3.422024337601375919e+03,3.517219743771838694e+03,0.000000000000000000e+00,-3.473306302023662689e-13,1.439814825198007732e-05
3.000000000000000000e+01,3.517219743771838694e+03,3.612415149942301923e+03,3.162069585135834663e-19,6.683089538249659074e-14,3.443834480727219643e-05
3.000000000000000000e+01,3.612415149942301923e+03,3.707610556112765153e+03,0.000000000000000000e+00,3.538296473079892830e-13,5.684671006621789136e-05
3.000000000000000000e+01,3.707610556112765153e+03,3.802805962283227927e+03,0.000000000000000000e+00,4.558975590892857487e-13,7.373458288598087862e-05
3.000000000000000000e+01,3.802805962283227927e+03,3.898001368453691157e+03,0.000000000000000000e+00,3.606828457097788949e-13,7.799354530534032166e-05
3.000000000000000000e+01,3.898001368453691157e+03,3.993196774624153477e+03,0.000000000000000000e+00,3.310617633348178085e-13,6.610894373223561295e-05
3.000000000000000000e+01,3.993196774624153477e+03,4.088392180794615797e+03,0.000000000000000000e+00,2.500689753179391446e-13,4.097525310145782863e-05
3.000000000000000000e+01,4.088392180794615797e+03,4.183587586965079026e+03,0.000000000000000000e+00,8.573328219932335954e-14,1.445736527532493135e-05
3.000000000000000000e+01,4.183587586965079026e+03,4.278782993135541801e+03,0.000000000000000000e+00,-2.803910526514300438e-13,1.020521851617634850e-13
3.000000000000000000e+01,4.278782993135541801e+03,4.373978399306005485e+03,0.000000000000000000e+00,-6.028226787399458595e-13,-1.096018075009782893e-12
3.000000000000000000e+01,4.373978399306005485e+03,4.469173805476468260e+03,7.386103045078100198e-18,-6.396176578686546441e-13,-6.935280125957848675e-13
3.000000000000000000e+01,4.469173805476468260e+03,4.564369211646931035e+03,0.000000000000000000e+00,1.614286945892822089e-14,6.071377743415320256e-13
3.000000000000000000e+01,4.564369211646931035e+03,4.659564617817393810e+03,3.381042841755780997e-18,-2.571931951624073250e-13,8.041730955372804901e-13
3.000000000000000000e+01,4.659564617817393810e+03,4.754760023987856584e+03,0.000000000000000000e+00,-4.124405908743565292e-13,4.629950588175457203e-13
3.000000000000000000e+01,4.754760023987856584e+03,4.849955430158319359e+03,0.000000000000000000e+00,-3.887683873521064543e-12,-1.520375423279482112e-12
3.000000000000000000e+01,4.849955430158319359e+03,4.945150836328782134e+03,3.299068657207750531e-17,1.137810618482108480e-11,5.488587555092545459e-13
3.000000000000000000e+01,4.945150836328782134e+03,5.040346242499245818e+03,1.900028302148428785e-05,1.924869492094820450e-05,1.153357441130905905e-06
3.000000000000000000e+01,5.040346242499245818e+03,5.135541648669708593e+03,1.139293626501446197e-03,1.139452805052761216e-03,1.096134074657290677e-03
3.000000000000000000e+01,5.135541648669708593e+03,5.230737054840171368e+03,4.313364908733963166e-03,4.313334220986453360e-03,4.252917994441897907e-03
3.000000000000000000e+01,5.230737054840171368e+03,5.325932461010635052e+03,1.036072908462493808e-02,1.036057973269699679e-02,1.030215515453179222e-02
3.000000000000000000e+01,5.325932461010635052e+03,5.421127867181096008e+03,1.995983698245160087e-02,1.995968610695836656e-02,1.992063662699604387e-02
3.000000000000000000e+01,5.421127867181096008e+03,5.516323273351559692e+03,3.347692273962202952e-02,3.347684186776252874e-02,3.346187599531072476e-02
3.000000000000000000e+01,5.516323273351559692e+03,5.611518679522022467e+03,5.043653850516147119e-02,5.043653687766456312e-02,5.043865628934965373e-02
3.000000000000000000e+01,5.611518679522022467e+03,5.706714085692485241e+03,6.924708697493703324e-02,6.924711366101507504e-02,6.925538661037003441e-02
3.000000000000000000e+01,5.706714085692485241e+03,5.801909491862948926e+03,8.737439553394911462e-02,8.737441169271113750e-02,8.738084583284071172e-02
3.000000000000000000e+01,5.801909491862948926e+03,5.897104898033411700e+03,1.017010053672440240e-01,1.017010139724727757e-01,1.017029277652957281e-01
3.000000000000000000e+01,5.897104898033411700e+03,5.992300304203874475e+03,1.093521296124487507e-01,1.093521298863011221e-01,1.093507369812501268e-01
3.000000000000000000e+01,5.992300304203874475e+03,6.087495710374336340e+03,1.089215655925164089e-01,1.089215634915061542e-01,1.089192855193295423e-01
3.000000000000000000e+01,6.087495710374336340e+03,6.182691116544800025e+03,1.008316429847702089e-01,1.008316434397023426e-01,1.008301688507638183e-01
3.000000000000000000e+01,6.182691116544800025e+03,6.277886522715262799e+03,8.681779331547909151e-02,8.681778439660908786e-02,8.681751817507027402e-02
3.000000000000000000e+01,6.277886522715262799e+03,6.373081928885725574e+03,6.958150910395703714e-02,6.958150443742423807e-02,6.958199484287207193e-02
3.000000000000000000e+01,6.373081928885725574e+03,6.468277335056189258e+03,5.199767125457586958e-02,5.199767330455340453e-02,5.199828592742039568e-02
3.000000000000000000e+01,6.468277335056189258e+03,6.563472741226652033e+03,3.637908551799141216e-02,3.637909495762986500e-02,3.637944152251156721e-02
3.000000000000000000e+01,6.563472741226652033e+03,6.658668147397114808e+03,2.401155889888605816e-02,2.401156952090503782e-02,2.401158467580993827e-02
3.000000000000000000e+01,6.658668147397114808e+03,6.753863553567576673e+03,1.508174463529076380e-02,1.508175194183135163e-02,1.508155961688381098e-02
3.000000000000000000e+01,6.753863553567576673e+03,6.849058959738039448e+03,8.976345629449171762e-03,8.976361214892245033e-03,8.976115853889568216e-03
3.000000000000000000e+01,6.849058959738039448e+03,6.944254365908503132e+03,4.978350326395274833e-03,4.978374416619159998e-03,4.978181043282285667e-03
3.000000000000000000e+01,6.944254365908503132e+03,7.039449772078965907e+03,2.509736033704326914e-03,2.509754322727398949e-03,2.509667647882201594e-03
3.000000000000000000e+01,7.039449772078965907e+03,7.134645178249428682e+03,1.106501551528883080e-03,1.106483011969475877e-03,1.106528708157165355e-03
3.000000000000000000e+01,7.134645178249428682e+03,7.229840584419892366e+03,4.038602703619107283e-04,4.038138089491029531e-04,4.039923772179072371e-04
3.000000000000000000e+01,7.229840584419892366e+03,7.325035990590355141e+03,1.249849737183822591e-04,1.249849716886200501e-04,1.252513887846721239e-04
3.000000000000000000e+01,7.325035990590355141e+03,7.420231396760817006e+03,6.982213245151187245e-05,6.990160935287364086e-05,7.015251015630290536e-05
3.000000000000000000e+01,7.420231396760817006e+03,7.515426802931279781e+03,1.037177783116501653e-04,1.037724501812051887e-04,1.038859895693137114e-04
3.000000000000000000e+01,7.515426802931279781e+03,7.610622209101743465e+03,1.458352999823481547e-04,1.457555384674365901e-04,1.456751088028463207e-04
3.000000000000000000e+01,7.610622209101743465e+03,7.705817615272206240e+03,1.578145134430954035e-04,1.576778009477239177e-04,1.574656655964104502e-04
3.000000000000000000e+01,7.705817615272206240e+03,7.801013021442669015e+03,1.328755262707247164e-04,1.328162683951467484e-04,1.326155112078014761e-04
3.000000000000000000e+01,7.801013021442669015e+03,7.896208427613132699e+03,8.476152465763902688e-05,8.465851991006680946e-05,8.458421413227166282e-05
3.000000000000000000e+01,7.896208427613132699e+03,7.991403833783595474e+03,3.547789545610338381e-05,3.557337579215631745e-05,3.562236773493833095e-05
3.000000000000000000e+01,7.991403833783595474e+03,8.086599239954058248e+03,5.257851133935017398e-06,5.394231186620428979e-06,5.460771154712458528e-06
3.000000000000000000e+01,8.086599239954058248e+03,8.181794646124521933e+03,1.079505569496919430e-17,1.499453511188513990e-11,1.356179775143936146e-13
3.000000000000000000e+01,8.181794646124521933e+03,8.276990052294982888e+03,1.851733145364188796e-17,-1.568145852865747406e-12,-2.183062239101421584e-13
3.000000000000000000e+01,8.276990052294982888e+03,8.372185458465446573e+03,0.000000000000000000e+00,2.278359015766861611e-12,1.833090205296670139e-13
3.000000000000000000e+01,8.372185458465446573e+03,8.467380864635910257e+03,0.000000000000000000e+00,2.500496680367136966e-12,-2.810024444504683075e-13
3.000000000000000000e+01,8.467380864635910257e+03,8.562576270806372122e+03,0.000000000000000000e+00,2.566645267545075798e-12,-2.425121419575258348e-13
3.000000000000000000e+01,8.562576270806372122e+03,8.657771676976835806e+03,0.000000000000000000e+00,2.711825118602687107e-12,-1.275392912190658277e-13
3.000000000000000000e+01,8.657771676976835806e+03,8.752967083147299491e+03,0.000000000000000000e+00,2.481086462947465393e-12,1.986405416144058403e-13
3.000000000000000000e+01,8.752967083147299491e+03,8.848162489317761356e+03,1.708299992510220987e-18,2.749901951771837170e-12,9.420263138674163829e-14
3.000000000000000000e+01,8.848162489317761356e+03,8.943357895488223221e+03,0.000000000000000000e+00,2.855527550670054515e-12,1.160154209351287286e-13
3.000000000000000000e+01,8.943357895488223221e+03,9.038553301658686905e+03,2.163689323564414885e-17,2.825816693517403192e-12,2.241815504176327033e-13
3.000000000000000000e+01,9.038553301658686905e+03,9.133748707829148771e+03,0.000000000000000000e+00,2.969693548266871299e-12,1.235727921452733550e-15
3.000000000000000000e+01,9.133748707829148771e+03,9.228944113999612455e+03,0.000000000000000000e+00,2.843694551305792014e-12,2.239136109603991972e-13
3.000000000000000000e+01,9.228944113999612455e+03,9.324139520170076139e+03,1.622773202079252006e-17,3.185055509355014070e-12,-6.091478159071373126e-15
3.000000000000000000e+01,9.324139520170076139e+03,9.419334926340538004e+03,0.000000000000000000e+00,3.056060557964655264e-12,-2.308748951534760957e-13
3.000000000000000000e+01,9.419334926340538004e+03,9.514530332511001689e+03,4.424480039060753917e-18,3.353232701467280056e-12,-8.192480570199718963e-14
3.000000000000000000e+01,9.514530332511001689e+03,9.609725738681463554e+03,0.000000000000000000e+00,3.074335903256395664e-12,-5.708978020596305136e-14
3.000000000000000000e+01,9.609725738681463554e+03,9.704921144851927238e+03,0.000000000000000000e+00,3.221952088158530292e-12,2.125634604936702973e-14
3.000000000000000000e+01,9.704921144851927238e+03,9.800116551022389103e+03,0.000000000000000000e+00,3.231016016133457302e-12,2.172080265629214534e-13
3.000000000000000000e+01,9.800116551022389103e+03,9.895311957192852788e+03,0.000000000000000000e+00,3.143143056592747842e-12,7.438856035188220429e-14
3.000000000000000000e+01,9.895311957192852788e+03,9.990507363363316472e+03,0.000000000000000000e+00,3.231333339942095292e-12,-1.141336548642887309e-13
3.000000000000000000e+01,9.990507363363316472e+03,1.008570276953377834e+04,1.388041874945906619e-18,3.336917527286398771e-12,-9.651744166090479037e-14
3.000000000000000000e+01,1.008570276953377834e+04,1.018089817570424202e+04,0.000000000000000000e+00,3.194988714204621297e-12,-2.567208196783001696e-13
3.000000000000000000e+01,1.018089817570424202e+04,1.027609358187470389e+04,3.032613562916214618e-18,3.284635359869911969e-12,1.260828256595907044e-13
3.000000000000000000e+01,1.027609358187470389e+04,1.037128898804516757e+04,0.000000000000000000e+00,3.107249717567062407e-12,1.715729649351721278e-13
3.000000000000000000e+01,1.037128898804516757e+04,1.046648439421562944e+04,0.000000000000000000e+00,3.414578719843908438e-12,-1.099553612065138657e-13
3.000000000000000000e+01,1.046648439421562944e+04,1.056167980038609312e+04,0.000000000000000000e+00,3.366984364433065709e-12,5.625698436570411289e-14
3.000000000000000000e+01,1.056167980038609312e+04,1.065687520655655680e+04,7.431745235145046732e-18,3.460589723013103427e-12,-1.534333297503974447e-13
3.000000000000000000e+01,1.065687520655655680e+04,1.075207061272701867e+04,0.000000000000000000e+00,3.371716005155340775e-12,-2.750216467158379558e-14
3.000000000000000000e+01,1.075207061272701867e+04,1.084726601889748235e+04,5.286156142402798197e-18,3.348513223113338429e-12,1.893108761635527487e-13
3.000000000000000000e+01,1.084726601889748235e+04,1.094246142506794422e+04,0.000000000000000000e+00,3.386394084460046231e-12,-1.333251823095379740e-15
3.000000000000000000e+01,1.094246142506794422e+04,1.103765683123840790e+04,2.670702946885836140e-17,3.279847927050397791e-12,6.637861474080766458e-14
3.000000000000000000e+01,1.103765683123840790e+04,1.113285223740886977e+04,0.000000000000000000e+00,3.653286195614114216e-12,-8.157188066408956734e-14
3.000000000000000000e+01,1.113285223740886977e+04,1.122804764357933345e+04,8.291979707831963131e-18,3.477284678971077001e-12,-6.372186919683409287e-15
3.000000000000000000e+01,1.122804764357933345e+04,1.132324304974979714e+04,0.000000000000000000e+00,3.481372088106971776e-12,1.342807743431426382e-13
3.000000000000000000e+01,1.132324304974979714e+04,1.141843845592025900e+04,0.000000000000000000e+00,3.473275511981911250e-12,-1.496730225356789447e-13
3.000000000000000000e+01,1.141843845592025900e+04,1.151363386209072269e+04,2.071936210759375975e-17,3.429415010237815405e-12,-2.110844002044621867e-14
3.000000000000000000e+01,1.151363386209072269e+04,1.160882926826118637e+04,6.185227338400162314e-18,3.429215384468176226e-12,-2.622630346575060546e-14
3.000000000000000000e+01,1.160882926826118637e+04,1.170402467443164824e+04,4.924797294157316909e-18,3.370837183724854510e-12,-1.978654031721790984e-13
3.000000000000000000e+01,1.170402467443164824e+04,1.179922008060211010e+04,0.000000000000000000e+00,3.395678238507482276e-12,3.897541989618851065e-14
3.000000000000000000e+01,1.179922008060211010e+04,1.189441548677257379e+04,1.263713422576407850e-17,3.599672287527410310e-12,-1.872101872939004825e-13
3.000000000000000000e+01,1.189441548677257379e+04,1.198961089294303747e+04,0.000000000000000000e+00,3.673187545169791320e-12,6.469124997639080890e-14
3.000000000000000000e+01,1.198961089294303747e+04,1.208480629911349934e+04,1.724557648235039593e-17,3.612232462686406903e-12,7.165281101122351682e-14
3.000000000000000000e+01,1.208480629911349934e+04,1.218000170528396120e+04,0.000000000000000000e+00,3.645708384478607804e-12,1.315330688777893076e-13
3.000000000000000000e+01,1.218000170528396120e+04,1.227519711145442488e+04,0.000000000000000000e+00,3.663138344795634785e-12,4.355604984722442352e-14
3.000000000000000000e+01,1.227519711145442488e+04,1.237039251762488675e+04,0.000000000000000000e+00,3.735224724214654423e-12,-7.840282405906535633e-14
3.000000000000000000e+01,1.237039251762488675e+04,1.246558792379534862e+04,0.000000000000000000e+00,3.633563271530911534e-12,8.824895836079077393e-14
3.000000000000000000e+01,1.246558792379534862e+04,1.256078332996581412e+04,3.587986877860514632e-17,3.653241346614997869e-12,-1.935322473866059394e-14
3.000000000000000000e+01,1.256078332996581412e+04,1.265597873613627598e+04,6.109015631625829059e-18,3.526269853742160641e-12,-9.463554361147220419e-14
3.000000000000000000e+01,1.265597873613627598e+04,1.275117414230673967e+04,3.189641196416922232e-17,3.716184546955790185e-12,1.522504567081594766e-13
3.000000000000000000e+01,1.275117414230673967e+04,1.284636954847720153e+04,0.000000000000000000e+00,3.663804706028426152e-12,-3.749038203586104921e-14
3.000000000000000000e+01,1.284636954847720153e+04,1.294156495464766522e+04,9.757673634239594271e-18,3.683464346914404900e-12,-1.328297673145482846e-14
3.000000000000000000e+01,1.294156495464766522e+04,1.303676036081812708e+04,1.425603123465693814e-18,3.629082348311884581e-12,-1.886417170432228990e-14
3.000000000000000000e+01,1.303676036081812708e+04,1.313195576698858895e+04,0.000000000000000000e+00,3.723056764326625869e-12,5.655766304960952995e-14
3.000000000000000000e+01,1.313195576698858895e+04,1.322715117315905445e+04,0.000000000000000000e+00,3.826336208342954421e-12,-1.003441204734755472e-14
6.000000000000000000e+01,1.807412480966972453e+03,1.902803695240229217e+03,1.032044767528725825e-04,1.033183564230474372e-04,-7.846474662608774708e-13
6.000000000000000000e+01,1.902803695240229217e+03,1.998194909513486209e+03,7.324236663242625616e-05,7.330344777294831721e-05,-2.663019389062283407e-13
6.000000000000000000e+01,1.998194909513486209e+03,2.093586123786742974e+03,4.543215648971722279e-05,4.538273628568700836e-05,2.213909220937019352e-13
6.000000000000000000e+01,2.093586123786742974e+03,2.188977338059999965e+03,2.263042851428912462e-05,2.249451873072140390e-05,-6.292655762510963117e-13
6.000000000000000000e+01,2.188977338059999965e+03,2.284368552333256957e+03,7.249410101450084196e-06,7.181674873842886728e-06,1.071051962605882842e-12
6.000000000000000000e+01,2.284368552333256957e+03,2.379759766606513949e+03,2.715872559686802793e-07,3.468583895570185041e-07,1.606415365190080849e-13
6.000000000000000000e+01,2.379759766606513949e+03,2.475150980879770486e+03,0.000000000000000000e+00,-1.584468061475698072e-11,-4.203271236617733752e-13
6.000000000000000000e+01,2.475150980879770486e+03,2.570542195153027478e+03,0.000000000000000000e+00,7.098273742321837680e-12,7.268951068481772602e-13
6.000000000000000000e+01,2.570542195153027478e+03,2.665933409426284470e+03,0.000000000000000000e+00,-1.312525526427630236e-13,6.640485187447922669e-14
6.000000000000000000e+01,2.665933409426284470e+03,2.761324623699541462e+03,5.759959013008568198e-19,-1.007305433337133563e-13,1.124876690741150650e-13
6.000000000000000000e+01,2.761324623699541462e+03,2.856715837972798454e+03,0.000000000000000000e+00,-4.673071384860351547e-13,-4.897218601665638031e-13
6.000000000000000000e+01,2.856715837972798454e+03,2.952107052246054991e+03,9.879315021298219969e-20,-4.456517044327172631e-13,4.760991535070620999e-13
6.000000000000000000e+01,2.952107052246054991e+03,3.047498266519311983e+03,2.140998707664886557e-19,-2.974328748297148639e-13,-1.184644863924236104e-13
6.000000000000000000e+01,3.047498266519311983e+03,3.142889480792569429e+03,0.000000000000000000e+00,-1.184384958782675707e-13,3.816939038774085452e-14
6.000000000000000000e+01,3.142889480792569429e+03,3.238280695065825512e+03,0.000000000000000000e+00,-3.860860000238103585e-13,-4.342488190720286899e-13
6.000000000000000000e+01,3.238280695065825512e+03,3.333671909339082958e+03,0.000000000000000000e+00,-5.780914463296140744e-13,9.957406851002457960e-13
6.000000000000000000e+01,3.333671909339082958e+03,3.429063123612339041e+03,0.000000000000000000e+00,-7.220502517400585108e-13,8.441709679926084903e-06
6.000000000000000000e+01,3.429063123612339041e+03,3.524454337885596033e+03,0.000000000000000000e+00,-2.734180806396857707e-13,2.296533869860799319e-05
6.000000000000000000e+01,3.524454337885596033e+03,3.619845552158853479e+03,5.559976595123111681e-20,1.223693247589178487e-13,3.517178750889586196e-05
6.000000000000000000e+01,3.619845552158853479e+03,3.715236766432110471e+03,0.000000000000000000e+00,-3.587564651246484691e-14,4.441659973272601519e-05
6.000000000000000000e+01,3.715236766432110471e+03,3.810627980705367463e+03,0.000000000000000000e+00,-3.358794056806463329e-13,5.460447774426022306e-05
6.000000000000000000e+01,3.810627980705367463e+03,3.906019194978624455e+03,5.804186798628250839e-19,-1.780413231280598797e-13,7.060515735318386051e-05
6.000000000000000000e+01,3.906019194978624455e+03,4.001410409251880992e+03,0.000000000000000000e+00,-3.933525237457098265e-13,9.466896442856154344e-05
6.000000000000000000e+01,4.001410409251880992e+03,4.096801623525137074e+03,0.000000000000000000e+00,-3.930655191594522306e-13,1.228409872548635905e-04
6.000000000000000000e+01,4.096801623525137074e+03,4.192192837798394066e+03,0.000000000000000000e+00,-7.714805516878735003e-14,1.416295151818358264e-04
6.000000000000000000e+01,4.192192837798394066e+03,4.287584052071651968e+03,0.000000000000000000e+00,-1.344180960495341906e-13,1.346258271154050085e-04
6.000000000000000000e+01,4.287584052071651968e+03,4.382975266344908960e+03,0.000000000000000000e+00,-1.955635527639121122e-14,9.435993665664353170e-05
6.000000000000000000e+01,4.382975266344908960e+03,4.478366480618165951e+03,5.826331027733007787e-19,4.424552452642048717e-14,3.415795649453379646e-05
6.000000000000000000e+01,4.478366480618165951e+03,4.573757694891422943e+03,0.000000000000000000e+00,-1.231893284744279893e-12,1.867894756275998432e-13
6.000000000000000000e+01,4.573757694891422943e+03,4.669148909164679026e+03,1.052635403357441774e-04,1.052251396325422871e-04,8.222299582934227281e-05
6.000000000000000000e+01,4.669148909164679026e+03,4.764540123437936018e+03,6.449207050538694527e-04,6.449018570046378528e-04,5.782192426891163495e-04
6.000000000000000000e+01,4.764540123437936018e+03,4.859931337711193009e+03,1.914037650678567610e-03,1.914044477909728013e-03,1.793975367213655053e-03
6.000000000000000000e+01,4.859931337711193009e+03,4.955322551984450001e+03,4.172194087998261185e-03,4.172202849502317304e-03,4.018444696684478692e-03
6.000000000000000000e+01,4.955322551984450001e+03,5.050713766257706993e+03,7.642192449224705954e-03,7.642209395537045459e-03,7.497919715108687135e-03
6.000000000000000000e+01,5.050713766257706993e+03,5.146104980530963985e+03,1.250954120797929774e-02,1.250955446762849407e-02,1.241274716490512429e-02
6.000000000000000000e+01,5.146104980530963985e+03,5.241496194804220977e+03,1.884300307095619284e-02,1.884300837060157857e-02,1.880391438256624401e-02
6.000000000000000000e+01,5.241496194804220977e+03,5.336887409077477969e+03,2.651624719731981647e-02,2.651625069143761018e-02,2.651939377437291870e-02
6.000000000000000000e+01,5.336887409077477969e+03,5.432278623350734051e+03,3.536143526105387652e-02,3.536143933604160572e-02,3.538175000685582494e-02
6.000000000000000000e+01,5.432278623350734051e+03,5.527669837623991043e+03,4.504433298608897379e-02,4.504433466105973310e-02,4.506212398051526874e-02
6.000000000000000000e+01,5.527669837623991043e+03,5.623061051897248035e+03,5.501970835365019991e-02,5.501970981992377469e-02,5.502682530208816147e-02
6.000000000000000000e+01,5.623061051897248035e+03,5.718452266170505027e+03,6.438481757806634176e-02,6.438481731958088650e-02,6.438264593442712125e-02
6.000000000000000000e+01,5.718452266170505027e+03,5.813843480443762019e+03,7.205070274392381957e-02,7.205070166176753832e-02,7.204470078024290125e-02
6.000000000000000000e+01,5.813843480443762019e+03,5.909234694717019011e+03,7.702302420522019744e-02,7.702302316785979153e-02,7.701806561890277292e-02
6.000000000000000000e+01,5.909234694717019011e+03,6.004625908990276002e+03,7.871545315236301577e-02,7.871545351373636368e-02,7.871379758482988098e-02
6.000000000000000000e+01,6.004625908990276002e+03,6.100017123263532085e+03,7.717520046165383951e-02,7.717520097655233835e-02,7.717665680192931088e-02
6.000000000000000000e+01,6.100017123263532085e+03,6.195408337536789077e+03,7.298306661915344995e-02,7.298306571568750900e-02,7.298603757920368862e-02
6.000000000000000000e+01,6.195408337536789077e+03,6.290799551810046069e+03,6.677501593393458945e-02,6.677501610624947403e-02,6.677743900405584687e-02
6.000000000000000000e+01,6.290799551810046069e+03,6.386190766083303060e+03,5.914907388998943971e-02,5.914907467788626388e-02,5.914907767297750141e-02
6.000000000000000000e+01,6.386190766083303060e+03,6.481581980356560052e+03,5.075263844247934752e-02,5.075263786201331812e-02,5.074928222368590980e-02
6.000000000000000000e+01,6.481581980356560052e+03,6.576973194629817044e+03,4.227765931155018364e-02,4.227765743794720948e-02,4.227192286482869821e-02
6.000000000000000000e+01,6.576973194629817044e+03,6.672364408903074946e+03,3.427470519928210724e-02,3.427470703541710823e-02,3.427017544625528267e-02
6.000000000000000000e+01,6.672364408903074946e+03,6.767755623176330118e+03,2.702596032761097125e-02,2.702596590662508999e-02,2.702799234558234120e-02
6.000000000000000000e+01,6.767755623176330118e+03,6.863146837449587110e+03,2.063664048219099323e-02,2.063664683791755980e-02,2.064901653467318340e-02
6.000000000000000000e+01,6.863146837449587110e+03,6.958538051722844102e+03,1.523722781080616082e-02,1.523722736044946270e-02,1.525686329482164698e-02
6.000000000000000000e+01,6.958538051722844102e+03,7.053929265996101094e+03,1.094163629800824940e-02,1.094162692572604734e-02,1.095437920236112979e-02
6.000000000000000000e+01,7.053929265996101094e+03,7.149320480269358995e+03,7.725440020597987810e-03,7.725423576815081302e-03,7.707617151722991750e-03
6.000000000000000000e+01,7.149320480269358995e+03,7.244711694542615987e+03,5.407078390116033285e-03,5.407061564195465853e-03,5.335886901197267607e-03
6.000000000000000000e+01,7.244711694542615987e+03,7.340102908815872979e+03,3.672809453669365932e-03,3.672802106241003593e-03,3.542529051664467833e-03
6.000000000000000000e+01,7.340102908815872979e+03,7.435494123089128152e+03,2.369727681680519182e-03,2.369712997126091278e-03,2.202663632884673157e-03
6.000000000000000000e+01,7.435494123089128152e+03,7.530885337362386053e+03,1.425356891884486422e-03,1.425337226793373189e-03,1.265055585515148257e-03
6.000000000000000000e+01,7.530885337362386053e+03,7.626276551635643045e+03,7.768484527136313529e-04,7.768498089114391630e-04,6.688580506702545983e-04
6.000000000000000000e+01,7.626276551635643045e+03,7.721667765908900037e+03,3.648338578335512720e-04,3.648462339124693599e-04,3.423910715587401028e-04
6.000000000000000000e+01,7.721667765908900037e+03,7.817058980182157029e+03,1.330579542372556563e-04,1.331056042928647240e-04,2.091845894842123740e-04
6.000000000000000000e+01,7.817058980182157029e+03,7.912450194455414021e+03,2.833196018051743542e-05,2.834704196594139782e-05,1.940210294809078455e-04
6.000000000000000000e+01,7.912450194455414021e+03,8.007841408728671013e+03,1.275808743228232086e-17,2.519752900046928868e-12,2.289788192951101777e-04
6.000000000000000000e+01,8.007841408728671013e+03,8.103232623001928005e+03,4.401330352195851843e-18,2.279989269334216143e-13,2.594781257549416144e-04
6.000000000000000000e+01,8.103232623001928005e+03,8.198623837275184997e+03,1.303070561725208459e-05,1.304345651214151500e-05,2.503267953959160031e-04
6.000000000000000000e+01,8.198623837275184997e+03,8.294015051548440169e+03,3.192103626333773212e-05,3.194043356805011027e-05,1.917632610898018918e-04
6.000000000000000000e+01,8.294015051548440169e+03,8.389406265821697161e+03,5.138975132753013063e-05,5.136852430353084162e-05,1.054709183925423856e-04
6.000000000000000000e+01,8.389406265821697161e+03,8.484797480094955972e+03,6.768741705208025270e-05,6.766018817612440804e-05,3.169723952574861922e-05
6.000000000000000000e+01,8.484797480094955972e+03,8.580188694368212964e+03,7.859047955662935641e-05,7.860266367209174719e-05,-6.534565074464813667e-14
6.000000000000000000e+01,8.580188694368212964e+03,8.675579908641469956e+03,8.321937812591797786e-05,8.322677911281346882e-05,-1.300100649850933315e-13
6.000000000000000000e+01,8.675579908641469956e+03,8.770971122914726948e+03,8.157372405054514643e-05,8.157427464726534083e-05,2.203691399138333442e-13
6.000000000000000000e+01,8.770971122914726948e+03,8.866362337187983940e+03,7.440811229114926225e-05,7.445616640435086318e-05,4.247324381779432675e-14
6.000000000000000000e+01,8.866362337187983940e+03,8.961753551461239113e+03,6.324259461307717546e-05,6.321925906479428081e-05,-4.448766449738517456e-14
6.000000000000000000e+01,8.961753551461239113e+03,9.057144765734496104e+03,4.958101436529536256e-05,4.954086568361030292e-05,3.341446705907274779e-13
6.000000000000000000e+01,9.057144765734496104e+03,9.152535980007753096e+03,3.521964175448070934e-05,3.524815745754806342e-05,-3.366373929505828761e-13
6.000000000000000000e+01,9.152535980007753096e+03,9.247927194281010088e+03,2.206481405900541034e-05,2.210510372754862746e-05,1.539730286857136531e-13
6.000000000000000000e+01,9.247927194281010088e+03,9.343318408554267080e+03,1.152824350362361525e-05,1.154404344628792702e-05,6.943549476817099805e-14
6.000000000000000000e+01,9.343318408554267080e+03,9.438709622827524072e+03,4.479898957059627316e-06,4.418344685734950905e-06,-4.433035891695313260e-14
6.000000000000000000e+01,9.438709622827524072e+03,9.534100837100781064e+03,8.491332306708246813e-07,8.344360202477342818e-07,-7.731092568147658172e-14
6.000000000000000000e+01,9.534100837100781064e+03,9.629492051374038056e+03,3.878759356441111313e-18,-2.679620828717710674e-12,1.289420893892087994e-13
6.000000000000000000e+01,9.629492051374038056e+03,9.724883265647295048e+03,3.229641719655583371e-18,9.162327345713460281e-13,-1.465317490729976435e-13
6.000000000000000000e+01,9.724883265647295048e+03,9.820274479920552039e+03,1.079339272977472456e-18,-2.503976160423594309e-13,-1.270753615367891202e-13
6.000000000000000000e+01,9.820274479920552039e+03,9.915665694193809031e+03,0.000000000000000000e+00,-2.479384768528194234e-13,3.179480117653280451e-14
6.000000000000000000e+01,9.915665694193809031e+03,1.001105690846706602e+04,1.201966734519925051e-18,-4.525264749653240739e-13,2.057975811627037775e-14
6.000000000000000000e+01,1.001105690846706602e+04,1.010644812274032302e+04,1.718707811538526748e-18,-1.805260626430270587e-13,-1.671999751694731922e-13
6.000000000000000000e+01,1.010644812274032302e+04,1.020183933701358001e+04,3.969497510679803866e-18,-9.875069772616082962e-14,-5.624701617681866057e-14
6.000000000000000000e+01,1.020183933701358001e+04,1.029723055128683518e+04,1.790557207623096101e-19,-4.683722776455165133e-14,9.610201483126841945e-14
6.000000000000000000e+01,1.029723055128683518e+04,1.039262176556009217e+04,8.950690658541305872e-20,1.425779753504927572e-14,2.815965609733150581e-13
6.000000000000000000e+01,1.039262176556009217e+04,1.048801297983334916e+04,1.050133119156623882e-18,-1.294984885557233243e-13,-4.868176387550448851e-16
6.000000000000000000e+01,1.048801297983334916e+04,1.058340419410660616e+04,6.600403125882012513e-19,-1.240604172376882819e-13,-2.518571472319170866e-14
6.000000000000000000e+01,1.058340419410660616e+04,1.067879540837986315e+04,0.000000000000000000e+00,-1.470594416894487043e-13,-8.927490267650899577e-14
6.000000000000000000e+01,1.067879540837986315e+04,1.077418662265312014e+04,0.000000000000000000e+00,-3.593550187091536131e-13,-1.753561013891349982e-13
6.000000000000000000e+01,1.077418662265312014e+04,1.086957783692637895e+04,2.758508494954825336e-19,-6.946386021073418240e-14,-1.777043144659748946e-13
6.000000000000000000e+01,1.086957783692637895e+04,1.096496905119963412e+04,1.982941912386572973e-19,-4.629139009861339374e-14,3.492965021665259594e-13
6.000000000000000000e+01,1.096496905119963412e+04,1.106036026547289111e+04,0.000000000000000000e+00,-1.338874365320929462e-13,8.024712623553457901e-14
6.000000000000000000e+01,1.106036026547289111e+04,1.115575147974614811e+04,0.000000000000000000e+00,-1.960041057490697360e-13,-2.364492441296133828e-13
6.000000000000000000e+01,1.115575147974614811e+04,1.125114269401940510e+04,9.419741026652787394e-19,-1.040461107304075259e-14,1.687295157150941021e-13
6.000000000000000000e+01,1.125114269401940510e+04,1.134653390829266209e+04,1.301518453885662728e-19,-3.215462451327313291e-13,2.669278872251444492e-13
6.000000000000000000e+01,1.134653390829266209e+04,1.144192512256591908e+04,2.373236048238833727e-19,-3.331493842358677536e-13,-3.667461306211497885e-13
6.000000000000000000e+01,1.144192512256591908e+04,1.153731633683917607e+04,0.000000000000000000e+00,-2.186934620157644149e-13,-1.734520350110905023e-13
6.000000000000000000e+01,1.153731633683917607e+04,1.163270755111243307e+04,0.000000000000000000e+00,-2.030384516987676318e-13,1.156190891744988315e-13
6.000000000000000000e+01,1.163270755111243307e+04,1.172809876538568824e+04,3.084211241881046570e-19,-1.492065238135163841e-13,-1.234902376610011820e-13
6.000000000000000000e+01,1.172809876538568824e+04,1.182348997965894705e+04,8.851911169252931675e-20,-1.912803524013833778e-14,1.840583101479552063e-13
6.000000000000000000e+01,1.182348997965894705e+04,1.191888119393220404e+04,1.689484760791583167e-18,-2.825476063624484230e-13,-8.979913181179072364e-14
6.000000000000000000e+01,1.191888119393220404e+04,1.201427240820546103e+04,0.000000000000000000e+00,-8.864235696582549791e-14,-5.765455908140034051e-14
6.000000000000000000e+01,1.201427240820546103e+04,1.210966362247871803e+04,0.000000000000000000e+00,-2.217787977667946339e-13,8.539557846164050113e-14
6.000000000000000000e+01,1.210966362247871803e+04,1.220505483675197320e+04,0.000000000000000000e+00,-2.295941765478315007e-13,2.067949431631871384e-14
6.000000000000000000e+01,1.220505483675197320e+04,1.230044605102523201e+04,2.632795324756560427e-19,-1.274663836956851608e-13,-5.313540913000117333e-14
6.000000000000000000e+01,1.230044605102523201e+04,1.239583726529848718e+04,0.000000000000000000e+00,-2.297353963970243125e-13,6.636183047067632607e-14
6.000000000000000000e+01,1.239583726529848718e+04,1.249122847957174235e+04,0.000000000000000000e+00,-1.760146388497177095e-13,-3.346050512067826335e-14
6.000000000000000000e+01,1.249122847957174235e+04,1.258661969384500117e+04,0.000000000000000000e+00,-2.079931740110262831e-13,-4.558453360943466692e-14
6.000000000000000000e+01,1.258661969384500117e+04,1.268201090811825634e+04,0.000000000000000000e+00,-1.168682762405909320e-13,4.285707073484471225e-14
6.000000000000000000e+01,1.268201090811825634e+04,1.277740212239151515e+04,0.000000000000000000e+00,-3.116060847560984090e-13,1.236760767165920917e-13
6.000000000000000000e+01,1.277740212239151515e+04,1.287279333666477214e+04,0.000000000000000000e+00,-1.750418067735637385e-13,1.607235357983127556e-14
6.000000000000000000e+01,1.287279333666477214e+04,1.296818455093802913e+04,0.000000000000000000e+00,-2.029800933942588839e-13,-1.045820391954902335e-13
6.000000000000000000e+01,1.296818455093802913e+04,1.306357576521128613e+04,0.000000000000000000e+00,-3.829908047967290150e-13,8.938005040921632474e-16
6.000000000000000000e+01,1.306357576521128613e+04,1.315896697948454130e+04,2.127786092952145921e-18,-2.175225925838926822e-13,1.092787678575523194e-14
6.000000000000000000e+01,1.315896697948454130e+04,1.325435819375780011e+04,6.983573296876122497e-18,-2.987160207192223325e-13,3.405366243778354146e-14
9.000000000000000000e+01,1.811130160454894167e+03,1.906717585590013414e+03,6.112632920290112892e-05,6.127733668486297575e-05,-1.561040293365429020e-12
9.000000000000000000e+01,1.906717585590013414e+03,2.002305010725133116e+03,4.090689970976637608e-05,4.086470912128001363e-05,4.599530639213650098e-13
9.000000000000000000e+01,2.002305010725133116e+03,2.097892435860252135e+03,2.259295740913923222e-05,2.249066207696675740e-05,-1.479285476144755630e-13
9.000000000000000000e+01,2.097892435860252135e+03,2.193479860995371837e+03,8.802964668885257413e-06,8.775975743210970618e-06,8.362658647387176421e-13
9.000000000000000000e+01,2.193479860995371837e+03,2.289067286130491084e+03,1.435152101131201626e-06,1.471093465326813788e-06,3.737437273209716722e-13
9.000000000000000000e+01,2.289067286130491084e+03,2.384654711265610786e+03,2.130866295474045454e-17,-9.855183940176752695e-12,2.869152171749062145e-13
9.000000000000000000e+01,2.384654711265610786e+03,2.480242136400730033e+03,2.516341617158907477e-17,3.790295359761589768e-12,-1.330164286270774329e-13
9.000000000000000000e+01,2.480242136400730033e+03,2.575829561535849280e+03,8.158170509027479225e-18,-1.822939691865192163e-13,3.275295145917024194e-13
9.000000000000000000e+01,2.575829561535849280e+03,2.671416986670968981e+03,0.000000000000000000e+00,-5.194709937279160094e-13,-1.401016872710506474e-13
9.000000000000000000e+01,2.671416986670968981e+03,2.767004411806088683e+03,0.000000000000000000e+00,-4.874969484517823943e-13,-8.133128049943160247e-14
9.000000000000000000e+01,2.767004411806088683e+03,2.862591836941207930e+03,1.107369989701168033e-17,-1.385212038412706944e-13,-5.823204060234800364e-14
9.000000000000000000e+01,2.862591836941207930e+03,2.958179262076327177e+03,1.946213879159069731e-17,-4.021013870782064151e-13,-9.177330114603334200e-13
9.000000000000000000e+01,2.958179262076327177e+03,3.053766687211446879e+03,1.328122480886395162e-19,-5.371918705955748728e-13,2.583885821308969779e-13
9.000000000000000000e+01,3.053766687211446879e+03,3.149354112346566581e+03,3.925130575023225631e-18,2.553458393815246282e-13,2.575799024397927108e-07
9.000000000000000000e+01,3.149354112346566581e+03,3.244941537481685373e+03,4.008062443201204477e-18,-2.589696685461201277e-14,-1.215354503140855918e-12
9.000000000000000000e+01,3.244941537481685373e+03,3.340528962616805075e+03,0.000000000000000000e+00,-7.166487637587241039e-13,1.445449580999574529e-12
9.000000000000000000e+01,3.340528962616805075e+03,3.436116387751923867e+03,2.239955802079947208e-19,-3.209900830663780331e-13,6.917474809583575886e-06
9.000000000000000000e+01,3.436116387751923867e+03,3.531703812887043568e+03,0.000000000000000000e+00,-3.476910758639159038e-13,2.819409412857691992e-05
9.000000000000000000e+01,3.531703812887043568e+03,3.627291238022163270e+03,0.000000000000000000e+00,5.465508210517624282e-13,6.344280120449527949e-05
9.000000000000000000e+01,3.627291238022163270e+03,3.722878663157282517e+03,7.232560997028174743e-20,1.167982244909009810e-13,9.802425839751983418e-05
9.000000000000000000e+01,3.722878663157282517e+03,3.818466088292402219e+03,3.629313899916896210e-18,2.058111205538018719e-13,1.136241396429843318e-04
9.000000000000000000e+01,3.818466088292402219e+03,3.914053513427521921e+03,0.000000000000000000e+00,2.890791740371411627e-13,9.921007100879412107e-05
9.000000000000000000e+01,3.914053513427521921e+03,4.009640938562640713e+03,0.000000000000000000e+00,5.543185690960370411e-13,6.169843308406884228e-05
9.000000000000000000e+01,4.009640938562640713e+03,4.105228363697759960e+03,1.923755103195187655e-18,-5.580408763441799063e-14,2.196919112188592865e-05
9.000000000000000000e+01,4.105228363697759960e+03,4.200815788832879662e+03,0.000000000000000000e+00,3.719554234668740357e-12,7.480669473576172932e-13
9.000000000000000000e+01,4.200815788832879662e+03,4.296403213967999363e+03,0.000000000000000000e+00,-7.087697867220166577e-12,-1.439540137486603977e-12
9.000000000000000000e+01,4.296403213967999363e+03,4.391990639103119065e+03,9.613674647590904245e-05,9.610859198543165820e-05,3.583586613002642232e-05
9.000000000000000000e+01,4.391990639103119065e+03,4.487578064238237857e+03,4.758667420976229090e-04,4.758147834464029891e-04,3.597816279058599462e-04
9.000000000000000000e+01,4.487578064238237857e+03,4.583165489373357559e+03,1.290809103268441942e-03,1.290741283571676321e-03,1.163743531315591636e-03
9.000000000000000000e+01,4.583165489373357559e+03,4.678752914508477261e+03,2.655214104967066214e-03,2.655188580899068597e-03,2.564548113977474422e-03
9.000000000000000000e+01,4.678752914508477261e+03,4.774340339643596053e+03,4.644658894537057568e-03,4.644676032489383072e-03,4.611067873213347060e-03
9.000000000000000000e+01,4.774340339643596053e+03,4.869927764778715755e+03,7.294420683060979550e-03,7.294480154568002382e-03,7.306840338544928412e-03
9.000000000000000000e+01,4.869927764778715755e+03,4.965515189913835457e+03,1.067897047222943555e-02,1.067902627301664867e-02,1.071059123884430739e-02
9.000000000000000000e+01,4.965515189913835457e+03,5.061102615048954249e+03,1.491530954010750545e-02,1.491533857060037792e-02,1.494270397785338843e-02
9.000000000000000000e+01,5.061102615048954249e+03,5.156690040184073951e+03,2.005621807937129492e-02,2.005622599638966913e-02,2.006881157441823063e-02
9.000000000000000000e+01,5.156690040184073951e+03,5.252277465319193652e+03,2.602158177537206712e-02,2.602158063987387859e-02,2.602070256583231822e-02
9.000000000000000000e+01,5.252277465319193652e+03,5.347864890454313354e+03,3.261076684960108329e-02,3.261076066907504095e-02,3.260344189348236832e-02
9.000000000000000000e+01,5.347864890454313354e+03,5.443452315589432146e+03,3.948618121356226723e-02,3.948618058174906825e-02,3.947911470797062922e-02
9.000000000000000000e+01,5.443452315589432146e+03,5.539039740724550938e+03,4.624126469685670149e-02,4.624126419970990554e-02,4.623778160809019488e-02
9.000000000000000000e+01,5.539039740724550938e+03,5.634627165859670640e+03,5.245221420664592654e-02,5.245221473886695074e-02,5.245230091286468693e-02
9.000000000000000000e+01,5.634627165859670640e+03,5.730214590994790342e+03,5.772717665216157978e-02,5.772717433080454263e-02,5.772908681789513247e-02
9.000000000000000000e+01,5.730214590994790342e+03,5.825802016129910044e+03,6.163304497113838293e-02,6.163304316690280948e-02,6.163499050228939818e-02
9.000000000000000000e+01,5.825802016129910044e+03,5.921389441265029745e+03,6.384845259974331055e-02,6.384845243535459958e-02,6.384949060941991217e-02
9.000000000000000000e+01,5.921389441265029745e+03,6.016976866400149447e+03,6.430799786786618732e-02,6.430799638158786469e-02,6.430807842447729128e-02
9.000000000000000000e+01,6.016976866400149447e+03,6.112564291535267330e+03,6.310870066819930513e-02,6.310869847639881403e-02,6.310825454847872329e-02
9.000000000000000000e+01,6.112564291535267330e+03,6.208151716670387032e+03,6.038633204713397817e-02,6.038633441588736606e-02,6.038581411575656699e-02
9.000000000000000000e+01,6.208151716670387032e+03,6.303739141805506733e+03,5.635679937753558522e-02,5.635680442604418250e-02,5.635643615101987303e-02
9.000000000000000000e+01,6.303739141805506733e+03,6.399326566940626435e+03,5.138336145503766272e-02,5.138336035983413069e-02,5.138316177774894522e-02
9.000000000000000000e+01,6.399326566940626435e+03,6.494913992075746137e+03,4.591273507389529579e-02,4.591273330636806010e-02,4.591266003202911644e-02
9.000000000000000000e+01,6.494913992075746137e+03,6.590501417210865839e+03,4.036958364125389775e-02,4.036957810197062957e-02,4.036965583577156735e-02
9.000000000000000000e+01,6.590501417210865839e+03,6.686088842345985540e+03,3.494896328852476614e-02,3.494896293533330395e-02,3.494929337003737507e-02
9.000000000000000000e+01,6.686088842345985540e+03,6.781676267481103423e+03,2.973707253318056895e-02,2.973707627440508316e-02,2.973770068642666783e-02
9.000000000000000000e+01,6.781676267481103423e+03,6.877263692616223125e+03,2.486410460054091012e-02,2.486411101517128908e-02,2.486482047822989247e-02
9.000000000000000000e+01,6.877263692616223125e+03,6.972851117751342827e+03,2.043095418111504774e-02,2.043095133438621591e-02,2.043121139159925423e-02
9.000000000000000000e+01,6.972851117751342827e+03,7.068438542886462528e+03,1.645543771462386340e-02,1.645543190241992651e-02,1.645458817514252117e-02
9.000000000000000000e+01,7.068438542886462528e+03,7.164025968021582230e+03,1.286051245430295739e-02,1.286051209682332469e-02,1.285831929774503002e-02
9.000000000000000000e+01,7.164025968021582230e+03,7.259613393156701932e+03,9.682227094695902009e-03,9.682228332143166458e-03,9.679496661921927966e-03
9.000000000000000000e+01,7.259613393156701932e+03,7.355200818291821633e+03,7.012648672249988113e-03,7.012660966727347032e-03,7.011537718772828560e-03
9.000000000000000000e+01,7.355200818291821633e+03,7.450788243426939516e+03,4.938263257584554408e-03,4.938273976955425380e-03,4.941606411723408268e-03
9.000000000000000000e+01,7.450788243426939516e+03,7.546375668562059218e+03,3.499546979382989285e-03,3.499540988578931592e-03,3.509133885274747823e-03
9.000000000000000000e+01,7.546375668562059218e+03,7.641963093697178920e+03,2.645159150541214269e-03,2.645155809550874849e-03,2.659607428121818842e-03
9.000000000000000000e+01,7.641963093697178920e+03,7.737550518832298621e+03,2.206364720986137267e-03,2.206368752564917719e-03,2.220148300516290585e-03
9.000000000000000000e+01,7.737550518832298621e+03,7.833137943967418323e+03,1.924668240921459253e-03,1.924654884770037868e-03,1.930199152951175227e-03
9.000000000000000000e+01,7.833137943967418323e+03,7.928725369102538025e+03,1.643376442976501612e-03,1.643368065107445129e-03,1.636003130180052091e-03
9.000000000000000000e+01,7.928725369102538025e+03,8.024312794237657727e+03,1.304519687481925632e-03,1.304503532761171376e-03,1.285991111448551126e-03
9.000000000000000000e+01,8.024312794237657727e+03,8.119900219372776519e+03,9.199674979255229122e-04,9.199626063812930228e-04,8.985106988577036286e-04
9.000000000000000000e+01,8.119900219372776519e+03,8.215487644507897130e+03,5.428020465385738824e-04,5.428108773507017617e-04,5.295566978283856082e-04
9.000000000000000000e+01,8.215487644507897130e+03,8.311075069643015013e+03,2.384996743218520811e-04,2.385265292847485701e-04,2.405062573928958469e-04
9.000000000000000000e+01,8.311075069643015013e+03,8.406662494778134715e+03,5.624999689518190584e-05,5.624355537387695639e-05,6.588107216596587239e-05
9.000000000000000000e+01,8.406662494778134715e+03,8.502249919913254416e+03,0.000000000000000000e+00,-4.697879635303572904e-12,4.237439433008339470e-14
9.000000000000000000e+01,8.502249919913254416e+03,8.597837345048374118e+03,0.000000000000000000e+00,-6.640638942459795206e-12,8.131623799508832140e-14
9.000000000000000000e+01,8.597837345048374118e+03,8.693424770183493820e+03,8.164847332602149548e-18,-6.877729367213430684e-12,2.799541511620155456e-13
9.000000000000000000e+01,8.693424770183493820e+03,8.789012195318613522e+03,0.000000000000000000e+00,-7.667243902901330932e-12,-5.557488235932033153e-14
9.000000000000000000e+01,8.789012195318613522e+03,8.884599620453733223e+03,7.944577192552636716e-18,-7.990754775989194906e-12,-3.858475555362471042e-13
9.000000000000000000e+01,8.884599620453733223e+03,8.980187045588851106e+03,0.000000000000000000e+00,-8.816611594165016711e-12,-1.373085754581865587e-14
9.000000000000000000e+01,8.980187045588851106e+03,9.075774470723970808e+03,8.332349228796991372e-18,-9.040509434539497056e-12,6.653123340377592408e-14
9.000000000000000000e+01,9.075774470723970808e+03,9.171361895859090509e+03,0.000000000000000000e+00,-9.453988455839627444e-12,2.967451342546877725e-13
9.000000000000000000e+01,9.171361895859090509e+03,9.266949320994210211e+03,1.674447758629533866e-18,-9.802916509785255432e-12,-8.651664070993195670e-14
9.000000000000000000e+01,9.266949320994210211e+03,9.362536746129329913e+03,1.171053130963402330e-17,-1.042422637056119599e-11,-1.972313686748945828e-14
9.000000000000000000e+01,9.362536746129329913e+03,9.458124171264449615e+03,0.000000000000000000e+00,-1.086071538647374508e-11,2.027030453263720881e-13
9.000000000000000000e+01,9.458124171264449615e+03,9.553711596399569316e+03,6.507307253153102036e-19,-1.128204926673265770e-11,1.217353385703448556e-06
9.000000000000000000e+01,9.553711596399569316e+03,9.649299021534687199e+03,0.000000000000000000e+00,-1.144119801816602344e-11,2.714768523824079723e-06
9.000000000000000000e+01,9.649299021534687199e+03,9.744886446669806901e+03,0.000000000000000000e+00,-1.174964855409224878e-11,2.617646031023718980e-06
9.000000000000000000e+01,9.744886446669806901e+03,9.840473871804926603e+03,1.026413956963089620e-17,-1.197525367901177548e-11,1.105617711071009556e-06
9.000000000000000000e+01,9.840473871804926603e+03,9.936061296940046304e+03,6.397006862614510395e-18,-1.249843429793499020e-11,-2.176232416716148454e-13
9.000000000000000000e+01,9.936061296940046304e+03,1.003164872207516601e+04,0.000000000000000000e+00,-1.271093549258889407e-11,-8.152664817209683952e-14
9.000000000000000000e+01,1.003164872207516601e+04,1.012723614721028389e+04,0.000000000000000000e+00,-1.253231390937056590e-11,-1.438006034321582574e-14
9.000000000000000000e+01,1.012723614721028389e+04,1.022282357234540359e+04,0.000000000000000000e+00,-1.319589729573428653e-11,7.148758661347706923e-14
9.000000000000000000e+01,1.022282357234540359e+04,1.031841099748052329e+04,2.014588375393438508e-17,-1.360289139897015086e-11,6.307815870034776901e-14
9.000000000000000000e+01,1.031841099748052329e+04,1.041399842261564299e+04,8.838305054071542507e-19,-1.391181963032102485e-11,5.550816432071978263e-15
9.000000000000000000e+01,1.041399842261564299e+04,1.050958584775076270e+04,6.171927288524802363e-18,-1.380563918612064125e-11,2.208036150167455000e-13
9.000000000000000000e+01,1.050958584775076270e+04,1.060517327288588058e+04,1.577264020232628468e-17,-1.426311158981915706e-11,-1.066937221083179511e-14
9.000000000000000000e+01,1.060517327288588058e+04,1.070076069802100028e+04,1.682982265862572102e-17,-1.440581728795019441e-11,1.084801009367427803e-13
9.000000000000000000e+01,1.070076069802100028e+04,1.079634812315611998e+04,0.000000000000000000e+00,-1.452577923851535198e-11,-5.068070756828673488e-14
9.000000000000000000e+01,1.079634812315611998e+04,1.089193554829123968e+04,0.000000000000000000e+00,-1.462606337429068809e-11,-2.027169959562397567e-13
9.000000000000000000e+01,1.089193554829123968e+04,1.098752297342635939e+04,0.000000000000000000e+00,-1.492601247999736315e-11,2.406453608882963218e-13
9.000000000000000000e+01,1.098752297342635939e+04,1.108311039856147909e+04,4.017728527912760526e-17,-1.508099574200315310e-11,-4.039485832478695443e-14
9.000000000000000000e+01,1.108311039856147909e+04,1.117869782369659697e+04,0.000000000000000000e+00,-1.533848192384227085e-11,-1.450309987062589628e-13
9.000000000000000000e+01,1.117869782369659697e+04,1.127428524883171667e+04,3.732432418052524535e-17,-1.520186332591602368e-11,6.759123720689230643e-14
9.000000000000000000e+01,1.127428524883171667e+04,1.136987267396683637e+04,0.000000000000000000e+00,-1.547698843673617764e-11,-2.367542458287062951e-13
9.000000000000000000e+01,1.136987267396683637e+04,1.146546009910195608e+04,0.000000000000000000e+00,-1.560608933014886187e-11,-1.175009415363871767e-13
9.000000000000000000e+01,1.146546009910195608e+04,1.156104752423707578e+04,2.676895848660234315e-17,-1.580119457487607342e-11,9.484759595464764024e-14
9.000000000000000000e+01,1.156104752423707578e+04,1.165663494937219548e+04,0.000000000000000000e+00,-1.592897209835545966e-11,-1.406333007552483357e-14
9.000000000000000000e+01,1.165663494937219548e+04,1.175222237450731336e+04,3.014311979750225343e-18,-1.614168236159391743e-11,-2.656468691830873697e-14
9.000000000000000000e+01,1.175222237450731336e+04,1.184780979964243306e+04,2.028864631941712132e-17,-1.612635542829139906e-11,2.489483394219350328e-13
9.000000000000000000e+01,1.184780979964243306e+04,1.194339722477755276e+04,0.000000000000000000e+00,-1.613868797405254035e-11,8.205195740811535518e-14
9.000000000000000000e+01,1.194339722477755276e+04,1.203898464991267247e+04,0.000000000000000000e+00,-1.640627289232436025e-11,2.099145872335631848e-13
9.000000000000000000e+01,1.203898464991267247e+04,1.213457207504779217e+04,2.419986174483270373e-18,-1.679977800576093228e-11,-4.466711289451675372e-14
9.000000000000000000e+01,1.213457207504779217e+04,1.223015950018291005e+04,0.000000000000000000e+00,-1.662536537729798128e-11,-3.583299081009408646e-13
9.000000000000000000e+01,1.223015950018291005e+04,1.232574692531803157e+04,0.000000000000000000e+00,-1.662561949808289231e-11,-2.445306250143016079e-13
9.000000000000000000e+01,1.232574692531803157e+04,1.242133435045314945e+04,0.000000000000000000e+00,-1.684059418225609763e-11,-8.570021099324193286e-14
9.000000000000000000e+01,1.242133435045314945e+04,1.251692177558826916e+04,7.467912449453409371e-17,-1.678314978966767881e-11,1.997954225843011397e-13
9.000000000000000000e+01,1.251692177558826916e+04,1.261250920072338886e+04,0.000000000000000000e+00,-1.689511546350160123e-11,9.412545253780699848e-15
9.000000000000000000e+01,1.261250920072338886e+04,1.270809662585850674e+04,0.000000000000000000e+00,-1.704671028282205608e-11,7.243024364868529612e-14
9.000000000000000000e+01,1.270809662585850674e+04,1.280368405099362826e+04,2.780396155177139781e-17,-1.716035210144996207e-11,2.090303006079697636e-13
9.000000000000000000e+01,1.280368405099362826e+04,1.289927147612874614e+04,3.973706212642710216e-17,-1.735053208248421181e-11,3.850053604741314499e-14
9.000000000000000000e+01,1.289927147612874614e+04,1.299485890126386766e+04,0.000000000000000000e+00,-1.753038245700947607e-11,-7.758938924273967301e-14
9.000000000000000000e+01,1.299485890126386766e+04,1.309044632639898555e+04,0.000000000000000000e+00,-1.758678925444677151e-11,-1.912120641761649661e-13
9.000000000000000000e+01,1.309044632639898555e+04,1.318603375153410525e+04,6.571390198301654763e-18,-1.755649216624138565e-11,1.555007039604450938e-13
9.000000000000000000e+01,1.318603375153410525e+04,1.328162117666922495e+04,2.823480636975796222e-17,-1.759861308581322892e-11,-1.435371287155805922e-14
1.200000000000000000e+02,1.814855486863992837e+03,1.910639526448481320e+03,8.878759587390235088e-19,-3.083220503886805930e-12,-4.946362258783926472e-13
1.200000000000000000e+02,1.910639526448481320e+03,2.006423566032970029e+03,1.084626423555394841e-18,-1.041566695707106788e-12,4.449068804841081864e-13
1.200000000000000000e+02,2.006423566032970029e+03,2.102207605617458285e+03,0.000000000000000000e+00,-1.004090731696396453e-12,1.601788774171229380e-13
1.200000000000000000e+02,2.102207605617458285e+03,2.197991645201946994e+03,3.796559471553840730e-19,-1.272300269138265872e-12,-2.830783248081078141e-13
1.200000000000000000e+02,2.197991645201946994e+03,2.293775684786435249e+03,0.000000000000000000e+00,-9.962282051261415101e-13,5.942600823390551758e-14
1.200000000000000000e+02,2.293775684786435249e+03,2.389559724370924414e+03,2.015510619151866920e-18,-7.665595787689839125e-13,2.105258102953537610e-13
1.200000000000000000e+02,2.389559724370924414e+03,2.485343763955412669e+03,4.082893723660023086e-19,-9.419502015898206945e-13,3.174297057700815858e-13
1.200000000000000000e+02,2.485343763955412669e+03,2.581127803539900924e+03,1.639186902354064625e-18,-1.058962102303284783e-12,2.545318410951467149e-14
1.200000000000000000e+02,2.581127803539900924e+03,2.676911843124389634e+03,6.845233378022571657e-19,-9.822365331359337091e-13,-1.476611119145167105e-13
1.200000000000000000e+02,2.676911843124389634e+03,2.772695882708878344e+03,0.000000000000000000e+00,-4.894585262289323742e-13,-3.068975516872363879e-13
1.200000000000000000e+02,2.772695882708878344e+03,2.868479922293366599e+03,2.972155800180378277e-19,-7.601172416988608193e-14,-4.188111834710082023e-13
1.200000000000000000e+02,2.868479922293366599e+03,2.964263961877855309e+03,9.084485690363424963e-20,-1.799906924903987771e-13,9.019620667054964020e-13
1.200000000000000000e+02,2.964263961877855309e+03,3.060048001462344018e+03,2.634526146460573312e-19,-5.749725616718935426e-13,-4.232940683004057618e-13
1.200000000000000000e+02,3.060048001462344018e+03,3.155832041046832728e+03,0.000000000000000000e+00,9.167000973450604050e-13,2.575706837634240048e-07
1.200000000000000000e+02,3.155832041046832728e+03,3.251616080631320528e+03,0.000000000000000000e+00,-3.228472883468771157e-12,2.434340685678303124e-13
1.200000000000000000e+02,3.251616080631320528e+03,3.347400120215809238e+03,1.275757255232047196e-06,1.277374319907844784e-06,-4.435811243972902829e-13
1.200000000000000000e+02,3.347400120215809238e+03,3.443184159800297493e+03,1.180848401266054903e-05,1.179491353363859190e-05,7.491997931307920006e-06
1.200000000000000000e+02,3.443184159800297493e+03,3.538968199384786203e+03,3.189225042178449738e-05,3.188182813924463408e-05,2.985243720545624753e-05
1.200000000000000000e+02,3.538968199384786203e+03,3.634752238969274913e+03,5.760923465053061098e-05,5.759982774580692390e-05,6.188801786141872533e-05
1.200000000000000000e+02,3.634752238969274913e+03,3.730536278553763623e+03,8.410784909606509180e-05,8.410808790631951379e-05,9.359362572042364571e-05
1.200000000000000000e+02,3.730536278553763623e+03,3.826320318138252333e+03,1.090103880437127916e-04,1.090268882314085729e-04,1.179104678916522358e-04
1.200000000000000000e+02,3.826320318138252333e+03,3.922104357722741042e+03,1.357734345592939609e-04,1.358003543767261458e-04,1.384843699582032571e-04
1.200000000000000000e+02,3.922104357722741042e+03,4.017888397307228843e+03,1.770442490303503040e-04,1.770591938322167702e-04,1.731589053120425334e-04
1.200000000000000000e+02,4.017888397307228843e+03,4.113672436891716643e+03,2.579787083648961616e-04,2.579843334569680404e-04,2.499328629892659504e-04
1.200000000000000000e+02,4.113672436891716643e+03,4.209456476476205353e+03,4.196716129006591942e-04,4.196719482574795242e-04,4.108424022931048830e-04
1.200000000000000000e+02,4.209456476476205353e+03,4.305240516060694063e+03,7.225075580776696340e-04,7.224997405630577451e-04,7.158426853478354031e-04
1.200000000000000000e+02,4.305240516060694063e+03,4.401024555645182772e+03,1.249506531464369746e-03,1.249493816127034401e-03,1.246689870508743692e-03
1.200000000000000000e+02,4.401024555645182772e+03,4.496808595229671482e+03,2.109707643727663784e-03,2.109695352442221648e-03,2.110823173113188234e-03
1.200000000000000000e+02,4.496808595229671482e+03,4.592592634814160192e+03,3.441533480998089541e-03,3.441526470615645719e-03,3.445246933165492260e-03
1.200000000000000000e+02,4.592592634814160192e+03,4.688376674398648902e+03,5.416156472439028965e-03,5.416155163438403190e-03,5.420412750070828685e-03
1.200000000000000000e+02,4.688376674398648902e+03,4.784160713983137612e+03,8.196172773522993754e-03,8.196173010418441457e-03,8.199303744247784728e-03
1.200000000000000000e+02,4.784160713983137612e+03,4.879944753567625412e+03,1.168351435233787317e-02,1.168351620557991910e-02,1.168490534063599574e-02
1.200000000000000000e+02,4.879944753567625412e+03,4.975728793152114122e+03,1.563468742913337942e-02,1.563469210559077435e-02,1.563466797330506988e-02
1.200000000000000000e+02,4.975728793152114122e+03,5.071512832736602832e+03,1.991350774186841088e-02,1.991350818117204602e-02,1.991282004706269870e-02
1.200000000000000000e+02,5.071512832736602832e+03,5.167296872321091541e+03,2.443939552052407441e-02,2.443939840512821676e-02,2.443871233678353641e-02
1.200000000000000000e+02,5.167296872321091541e+03,5.263080911905580251e+03,2.925384647916114481e-02,2.925384370007789309e-02,2.925349265010037531e-02
1.200000000000000000e+02,5.263080911905580251e+03,5.358864951490068961e+03,3.446341641837993158e-02,3.446341729493404560e-02,3.446341191975361984e-02
1.200000000000000000e+02,5.358864951490068961e+03,5.454648991074556761e+03,3.993570652844408847e-02,3.993570788527970455e-02,3.993588678326721181e-02
1.200000000000000000e+02,5.454648991074556761e+03,5.550433030659045471e+03,4.519853669507425259e-02,4.519853852249163667e-02,4.519872641584089801e-02
1.200000000000000000e+02,5.550433030659045471e+03,5.646217070243534181e+03,4.966504039565557138e-02,4.966503863669825131e-02,4.966513751936366822e-02
1.200000000000000000e+02,5.646217070243534181e+03,5.742001109828022891e+03,5.293011936332429196e-02,5.293012036398510312e-02,5.293012330920213171e-02
1.200000000000000000e+02,5.742001109828022891e+03,5.837785149412511601e+03,5.489739245448439775e-02,5.489739136075649090e-02,5.489734751609548491e-02
1.200000000000000000e+02,5.837785149412511601e+03,5.933569188997000310e+03,5.569588362305234741e-02,5.569588333871259428e-02,5.569585006885457990e-02
1.200000000000000000e+02,5.933569188997000310e+03,6.029353228581489020e+03,5.555787018421778217e-02,5.555787017805900035e-02,5.555787718390332863e-02
1.200000000000000000e+02,6.029353228581489020e+03,6.125137268165975911e+03,5.454095897942615873e-02,5.454095869284045911e-02,5.454099414336138069e-02
1.200000000000000000e+02,6.125137268165975911e+03,6.220921307750464621e+03,5.255266590523989534e-02,5.255266296384562136e-02,5.255268201980432125e-02
1.200000000000000000e+02,6.220921307750464621e+03,6.316705347334953331e+03,4.961386643796285301e-02,4.961386399364051819e-02,4.961381614573946025e-02
1.200000000000000000e+02,6.316705347334953331e+03,6.412489386919442040e+03,4.592402249117977925e-02,4.592402409581422540e-02,4.592389200380326414e-02
1.200000000000000000e+02,6.412489386919442040e+03,6.508273426503930750e+03,4.187012414153400142e-02,4.187012590503204346e-02,4.186996090928905845e-02
1.200000000000000000e+02,6.508273426503930750e+03,6.604057466088419460e+03,3.783037380979872161e-02,3.783037724081750319e-02,3.783030624655054491e-02
1.200000000000000000e+02,6.604057466088419460e+03,6.699841505672908170e+03,3.388065215014118836e-02,3.388065248799714685e-02,3.388082841558232722e-02
1.200000000000000000e+02,6.699841505672908170e+03,6.795625545257395970e+03,2.995501742486204530e-02,2.995501432331262523e-02,2.995550300521485076e-02
1.200000000000000000e+02,6.795625545257395970e+03,6.891409584841884680e+03,2.603814832654126679e-02,2.603814948960793407e-02,2.603879528129240950e-02
1.200000000000000000e+02,6.891409584841884680e+03,6.987193624426373390e+03,2.220391511856657785e-02,2.220391653816197394e-02,2.220428679771074484e-02
1.200000000000000000e+02,6.987193624426373390e+03,7.082977664010862100e+03,1.859067840170419705e-02,1.859067754261740230e-02,1.859020457925012956e-02
1.200000000000000000e+02,7.082977664010862100e+03,7.178761703595350809e+03,1.529237277591313435e-02,1.529237161721782104e-02,1.529073999954547181e-02
1.200000000000000000e+02,7.178761703595350809e+03,7.274545743179839519e+03,1.237410257492714723e-02,1.237410279068146962e-02,1.237175473250481418e-02
1.200000000000000000e+02,7.274545743179839519e+03,7.370329782764328229e+03,9.970489904186172897e-03,9.970488792128601868e-03,9.968902065554155825e-03
1.200000000000000000e+02,7.370329782764328229e+03,7.466113822348815120e+03,8.110755566098779706e-03,8.110752362896614387e-03,8.112031824545088907e-03
1.200000000000000000e+02,7.466113822348815120e+03,7.561897861933303830e+03,6.631632951481509185e-03,6.631633976858189450e-03,6.637140298494992319e-03
1.200000000000000000e+02,7.561897861933303830e+03,7.657681901517792539e+03,5.425506244660418739e-03,5.425506909367779941e-03,5.433815984346891149e-03
1.200000000000000000e+02,7.657681901517792539e+03,7.753465941102281249e+03,4.408484791798652526e-03,4.408487880805067767e-03,4.413749539539439833e-03
1.200000000000000000e+02,7.753465941102281249e+03,7.849249980686769959e+03,3.508571900354461818e-03,3.508583555664876539e-03,3.500813788229324881e-03
1.200000000000000000e+02,7.849249980686769959e+03,7.945034020271258669e+03,2.737351237128023227e-03,2.737361688033523605e-03,2.705673361559650294e-03
1.200000000000000000e+02,7.945034020271258669e+03,8.040818059855747379e+03,2.095627330055613996e-03,2.095633719365502020e-03,2.033541692234332610e-03
1.200000000000000000e+02,8.040818059855747379e+03,8.136602099440236088e+03,1.561018821946515362e-03,1.561026159947388530e-03,1.470551008284237508e-03
1.200000000000000000e+02,8.136602099440236088e+03,8.232386139024725708e+03,1.125603113927339544e-03,1.125608262726930219e-03,1.016538874782983021e-03
1.200000000000000000e+02,8.232386139024725708e+03,8.328170178609212599e+03,7.793610671417769550e-04,7.793680839238261229e-04,6.654708546216313129e-04
1.200000000000000000e+02,8.328170178609212599e+03,8.423954218193701308e+03,5.122310823109716598e-04,5.122428497559173167e-04,4.081106365776583644e-04
1.200000000000000000e+02,8.423954218193701308e+03,8.519738257778190018e+03,3.140966040028353597e-04,3.141162614254170934e-04,2.327421275418557951e-04
1.200000000000000000e+02,8.519738257778190018e+03,8.615522297362678728e+03,1.747904675900956021e-04,1.748111779319190670e-04,1.258898087616036002e-04
1.200000000000000000e+02,8.615522297362678728e+03,8.711306336947167438e+03,8.407295990914120519e-05,8.408281981779313209e-05,7.303807766820921319e-05
1.200000000000000000e+02,8.711306336947167438e+03,8.807090376531656148e+03,3.162356318438354011e-05,3.162076077521031769e-05,5.935006223579188415e-05
1.200000000000000000e+02,8.807090376531656148e+03,8.902874416116144857e+03,7.058020853302239313e-06,7.061126073997883654e-06,7.038736936682423817e-05
1.200000000000000000e+02,8.902874416116144857e+03,8.998658455700631748e+03,0.000000000000000000e+00,-1.040085875191251171e-11,9.283117949338184742e-05
1.200000000000000000e+02,8.998658455700631748e+03,9.094442495285120458e+03,2.861598053167537046e-20,-1.271871521008023520e-11,1.152061464508170034e-04
1.200000000000000000e+02,9.094442495285120458e+03,9.190226534869609168e+03,2.396733245956316715e-08,2.516996907090996018e-09,1.286072807974373146e-04
1.200000000000000000e+02,9.190226534869609168e+03,9.286010574454097878e+03,3.197986595748659859e-08,4.355083241729037620e-09,1.274295273991814313e-04
1.200000000000000000e+02,9.286010574454097878e+03,9.381794614038586587e+03,7.502973145945180452e-09,8.137416582836230551e-10,1.100996762603584529e-04
1.200000000000000000e+02,9.381794614038586587e+03,9.477578653623075297e+03,7.700682162409642504e-09,3.759157448420261180e-11,7.980942789608815816e-05
1.200000000000000000e+02,9.477578653623075297e+03,9.573362693207564007e+03,1.967980997554884601e-08,1.047779875979130296e-08,4.512474700634276604e-05
1.200000000000000000e+02,9.573362693207564007e+03,9.669146732792050898e+03,4.068666619657718133e-08,3.503629479585410281e-08,1.666624018929430899e-05
1.200000000000000000e+02,9.669146732792050898e+03,9.764930772376539608e+03,8.127193633449380805e-08,6.565350210277287012e-08,1.907744499554379805e-06
1.200000000000000000e+02,9.764930772376539608e+03,9.860714811961028317e+03,9.732563223501348264e-08,9.106217835150925871e-08,-2.127212094748236885e-13
1.200000000000000000e+02,9.860714811961028317e+03,9.956498851545517027e+03,1.139299018358510403e-07,1.012482043235452975e-07,6.108996338322357456e-14
1.200000000000000000e+02,9.956498851545517027e+03,1.005228289113000574e+04,1.169280518366923819e-07,9.281938545535915444e-08,4.481105571363437810e-14
1.200000000000000000e+02,1.005228289113000574e+04,1.014806693071449445e+04,7.034731540877485022e-08,7.812133189962167418e-08,-8.237614061992717451e-14
1.200000000000000000e+02,1.014806693071449445e+04,1.024385097029898316e+04,8.010270685996396888e-08,8.120733312565368236e-08,1.075715790376969008e-13
1.200000000000000000e+02,1.024385097029898316e+04,1.033963500988347187e+04,1.239780413118630687e-07,1.157611765498603613e-07,7.464898521201904277e-14
1.200000000000000000e+02,1.033963500988347187e+04,1.043541904946796058e+04,1.745837843705595841e-07,1.773495144787930700e-07,-1.355946916602247849e-14
1.200000000000000000e+02,1.043541904946796058e+04,1.053120308905244929e+04,2.585278701459394115e-07,2.514309366159881171e-07,-8.727290772566288889e-14
1.200000000000000000e+02,1.053120308905244929e+04,1.062698712863693800e+04,3.228099991872869386e-07,3.177637436612015220e-07,-2.100337797056611689e-13
1.200000000000000000e+02,1.062698712863693800e+04,1.072277116822142671e+04,3.569005926769565166e-07,3.541400987992768110e-07,2.516272372966457242e-13
1.200000000000000000e+02,1.072277116822142671e+04,1.081855520780591542e+04,3.557162679939455936e-07,3.392587784098939565e-07,1.039093043780302945e-13
1.200000000000000000e+02,1.081855520780591542e+04,1.091433924739040413e+04,2.894607298070077785e-07,2.653685405897005240e-07,8.983661899372713760e-14
1.200000000000000000e+02,1.091433924739040413e+04,1.101012328697489102e+04,1.559920856602560435e-07,1.649311067369183965e-07,-1.732830756133019709e-13
1.200000000000000000e+02,1.101012328697489102e+04,1.110590732655937973e+04,8.709923196409121521e-08,1.067925341678869453e-07,-1.197646291790303340e-13
1.200000000000000000e+02,1.110590732655937973e+04,1.120169136614386844e+04,1.345491037712397765e-07,1.416637790608350539e-07,1.968688627542269276e-14
1.200000000000000000e+02,1.120169136614386844e+04,1.129747540572835715e+04,2.727351812806969065e-07,2.663544801858848724e-07,-1.062258680776397169e-14
1.200000000000000000e+02,1.129747540572835715e+04,1.139325944531284586e+04,4.557684679490659622e-07,4.472581585741453861e-07,2.633826052928725205e-08
1.200000000000000000e+02,1.139325944531284586e+04,1.148904348489733457e+04,6.638174346826518377e-07,6.612184865045319471e-07,8.632349837027680475e-08
1.200000000000000000e+02,1.148904348489733457e+04,1.158482752448182327e+04,9.087010854038138479e-07,9.086171558075237794e-07,2.836151229511503808e-09
1.200000000000000000e+02,1.158482752448182327e+04,1.168061156406631198e+04,1.212586173666369470e-06,1.204560331312073478e-06,-8.008195186896718706e-14
1.200000000000000000e+02,1.168061156406631198e+04,1.177639560365079888e+04,1.561813544148474525e-06,1.575920289397361825e-06,3.850968111517163998e-14
1.200000000000000000e+02,1.177639560365079888e+04,1.187217964323528759e+04,2.043856690013874661e-06,2.053752654864033450e-06,1.011277002082996857e-13
1.200000000000000000e+02,1.187217964323528759e+04,1.196796368281977630e+04,2.638100930338135106e-06,2.641637852541666902e-06,-9.133605992288665797e-14
1.200000000000000000e+02,1.196796368281977630e+04,1.206374772240426501e+04,3.320277956819754966e-06,3.309839793309398147e-06,-1.272087662602351432e-13
1.200000000000000000e+02,1.206374772240426501e+04,1.215953176198875371e+04,4.036618439902970261e-06,4.028717439585120527e-06,-6.295888695826973372e-14
1.200000000000000000e+02,1.215953176198875371e+04,1.225531580157324242e+04,4.791997957722178732e-06,4.804896431995728538e-06,5.694929724036540982e-15
1.200000000000000000e+02,1.225531580157324242e+04,1.235109984115773113e+04,5.667347874184502999e-06,5.669208236626680384e-06,1.601385455876949970e-14
1.200000000000000000e+02,1.235109984115773113e+04,1.244688388074221984e+04,6.642885305582076717e-06,6.640063862885858981e-06,1.041895357072211701e-13
1.200000000000000000e+02,1.244688388074221984e+04,1.254266792032670674e+04,7.728613288399708840e-06,7.732624319174689643e-06,4.184174255564512346e-15
1.200000000000000000e+02,1.254266792032670674e+04,1.263845195991119726e+04,8.965452406924788356e-06,8.976896148159875329e-06,1.096266668091524048e-14
1.200000000000000000e+02,1.263845195991119726e+04,1.273423599949568415e+04,1.038470334544317233e-05,1.040005116444956787e-05,6.418257006938087391e-14
1.200000000000000000e+02,1.273423599949568415e+04,1.283002003908017468e+04,1.199907786066842649e-05,1.199614268351483779e-05,-2.717212248222274840e-13
1.200000000000000000e+02,1.283002003908017468e+04,1.292580407866466157e+04,1.373057676704325500e-05,1.373023771557352428e-05,8.958398552037621455e-14
1.200000000000000000e+02,1.292580407866466157e+04,1.302158811824915210e+04,1.556141543276284535e-05,1.557814724431372559e-05,1.977286538526218594e-13
1.200000000000000000e+02,1.302158811824915210e+04,1.311737215783363899e+04,1.752613944476984299e-05,1.752299640705431765e-05,-8.023296462131989880e-14
1.200000000000000000e+02,1.311737215783363899e+04,1.321315619741812588e+04,1.952179922203925569e-05,1.952985060314702591e-05,4.237598952216890149e-14
1.200000000000000000e+02,1.321315619741812588e+04,1.330894023700261641e+04,2.156689595952596467e-05,2.156468583757321488e-05,-1.426933896099345144e-14
1.800000000000000000e+02,1.822329143394095354e+03,1.918507625962116890e+03,0.000000000000000000e+00,2.909434213620948780e-11,6.517004513306849033e-13
1.800000000000000000e+02,1.918507625962116890e+03,2.014686108530138654e+03,1.368654711030929281e-17,1.232231763889324982e-11,-1.182706075364813380e-14
1.800000000000000000e+02,2.014686108530138654e+03,2.110864591098160417e+03,1.765763474111784097e-18,1.063393296041489073e-11,-1.959723440441264598e-13
1.800000000000000000e+02,2.110864591098160417e+03,2.207043073666182408e+03,0.000000000000000000e+00,9.207502316273900289e-12,-3.436662796947726784e-13
1.800000000000000000e+02,2.207043073666182408e+03,2.303221556234203945e+03,3.927251775111751372e-18,8.931848769963211879e-12,3.436819254947320656e-13
1.800000000000000000e+02,2.303221556234203945e+03,2.399400038802225481e+03,5.951797500204485854e-18,9.579357257017436523e-12,8.637132068630108042e-13
1.800000000000000000e+02,2.399400038802225481e+03,2.495578521370247017e+03,0.000000000000000000e+00,8.764615969769401315e-12,-1.064545093449363001e-12
1.800000000000000000e+02,2.495578521370247017e+03,2.591757003938268554e+03,0.000000000000000000e+00,7.835510843541135163e-12,8.598160193202032678e-14
1.800000000000000000e+02,2.591757003938268554e+03,2.687935486506290545e+03,5.396969005936284213e-19,7.457640954360218714e-12,-7.708305179678064762e-13
1.800000000000000000e+02,2.687935486506290545e+03,2.784113969074312536e+03,3.816111854376699420e-18,6.840788931787094233e-12,-5.957751767500332189e-13
1.800000000000000000e+02,2.784113969074312536e+03,2.880292451642334072e+03,8.216739859464957523e-18,6.331991553211620058e-12,6.953732867556542496e-13
1.800000000000000000e+02,2.880292451642334072e+03,2.976470934210355608e+03,0.000000000000000000e+00,5.938307594771299053e-12,5.594094175306826687e-13
1.800000000000000000e+02,2.976470934210355608e+03,3.072649416778377599e+03,3.052482373575396234e-18,5.552156690244634698e-12,-1.040764811112179604e-12
1.800000000000000000e+02,3.072649416778377599e+03,3.168827899346399590e+03,2.045527441897995465e-18,4.819405208429539952e-12,5.912444222373749937e-06
1.800000000000000000e+02,3.168827899346399590e+03,3.265006381914420672e+03,1.938115394933842271e-18,4.331238891078795501e-12,1.539671398721537880e-05
1.800000000000000000e+02,3.265006381914420672e+03,3.361184864482442663e+03,0.000000000000000000e+00,3.375585143162143158e-12,1.552812303712805027e-05
1.800000000000000000e+02,3.361184864482442663e+03,3.457363347050463744e+03,1.848197588988463199e-18,2.439645626703415609e-12,7.535707139585959893e-06
1.800000000000000000e+02,3.457363347050463744e+03,3.553541829618485735e+03,0.000000000000000000e+00,5.623637044784149610e-12,9.322955152821173914e-13
1.800000000000000000e+02,3.553541829618485735e+03,3.649720312186507726e+03,2.970094227446144904e-18,-3.910945489009968359e-12,9.366987146141693596e-07
1.800000000000000000e+02,3.649720312186507726e+03,3.745898794754529717e+03,8.383564229576895234e-05,8.376267004567046622e-05,7.587298169363886329e-05
1.800000000000000000e+02,3.745898794754529717e+03,3.842077277322551254e+03,2.982653408435975728e-04,2.982254027591153909e-04,2.739395319563280615e-04
1.800000000000000000e+02,3.842077277322551254e+03,3.938255759890573245e+03,6.534074623480612583e-04,6.534196272363217194e-04,6.199549343214274437e-04
1.800000000000000000e+02,3.938255759890573245e+03,4.034434242458594326e+03,1.140548872615851882e-03,1.140621335987036236e-03,1.111065598027609260e-03
1.800000000000000000e+02,4.034434242458594326e+03,4.130612725026615408e+03,1.750452725526250837e-03,1.750498944448602295e-03,1.735572968895485223e-03
1.800000000000000000e+02,4.130612725026615408e+03,4.226791207594637854e+03,2.491211867978188575e-03,2.491259521569386213e-03,2.494715860376373225e-03
1.800000000000000000e+02,4.226791207594637854e+03,4.322969690162659390e+03,3.406765179843990361e-03,3.406795890401161011e-03,3.424453071209217388e-03
1.800000000000000000e+02,4.322969690162659390e+03,4.419148172730681836e+03,4.594850779513198064e-03,4.594836351529899519e-03,4.617246458621689434e-03
1.800000000000000000e+02,4.419148172730681836e+03,4.515326655298703372e+03,6.203002544928279578e-03,6.202988428082143076e-03,6.221163714205929680e-03
1.800000000000000000e+02,4.515326655298703372e+03,4.611505137866724908e+03,8.319415691052503559e-03,8.319381539659009145e-03,8.328951390654294740e-03
1.800000000000000000e+02,4.611505137866724908e+03,4.707683620434746445e+03,1.092710529867691599e-02,1.092706703151231744e-02,1.092863248169809350e-02
1.800000000000000000e+02,4.707683620434746445e+03,4.803862103002767981e+03,1.401815976722374339e-02,1.401813891378066168e-02,1.401511529863414506e-02
1.800000000000000000e+02,4.803862103002767981e+03,4.900040585570789517e+03,1.750001617389044389e-02,1.750001520831527546e-02,1.749605556920864197e-02
1.800000000000000000e+02,4.900040585570789517e+03,4.996219068138811053e+03,2.120343119109302163e-02,2.120342783328428224e-02,2.120080930154054702e-02
1.800000000000000000e+02,4.996219068138811053e+03,5.092397550706833499e+03,2.495568849107367496e-02,2.495570718053812323e-02,2.495500936765913946e-02
1.800000000000000000e+02,5.092397550706833499e+03,5.188576033274855035e+03,2.867196569792371252e-02,2.867198174590206844e-02,2.867263814355728441e-02
1.800000000000000000e+02,5.188576033274855035e+03,5.284754515842877481e+03,3.220198173335281355e-02,3.220199461124339385e-02,3.220308561353391746e-02
1.800000000000000000e+02,5.284754515842877481e+03,5.380932998410899017e+03,3.543996525630876970e-02,3.543996737822664028e-02,3.544080000788609602e-02
1.800000000000000000e+02,5.380932998410899017e+03,5.477111480978919644e+03,3.842073347837336728e-02,3.842073169687219847e-02,3.842104821094362299e-02
1.800000000000000000e+02,5.477111480978919644e+03,5.573289963546941181e+03,4.111608895001498537e-02,4.111608317056400508e-02,4.111597688274609697e-02
1.800000000000000000e+02,5.573289963546941181e+03,5.669468446114963626e+03,4.341623691355318837e-02,4.341623158948706984e-02,4.341594352919398575e-02
1.800000000000000000e+02,5.669468446114963626e+03,5.765646928682985163e+03,4.510768448869210273e-02,4.510767554978045712e-02,4.510741827641393670e-02
1.800000000000000000e+02,5.765646928682985163e+03,5.861825411251007608e+03,4.593910656389790098e-02,4.593910246950066306e-02,4.593897754819299684e-02
1.800000000000000000e+02,5.861825411251007608e+03,5.958003893819029145e+03,4.589907326206942029e-02,4.589906257009014612e-02,4.589906561300556576e-02
1.800000000000000000e+02,5.958003893819029145e+03,6.054182376387050681e+03,4.523456311262170210e-02,4.523457513495009186e-02,4.523464593534799044e-02
1.800000000000000000e+02,6.054182376387050681e+03,6.150360858955071308e+03,4.414505915500935296e-02,4.414505131521469228e-02,4.414512689012034530e-02
1.800000000000000000e+02,6.150360858955071308e+03,6.246539341523093753e+03,4.269996100324729982e-02,4.269996197497968882e-02,4.270000711240449359e-02
1.800000000000000000e+02,6.246539341523093753e+03,6.342717824091115290e+03,4.096665656909623254e-02,4.096665936510547612e-02,4.096666929395838264e-02
1.800000000000000000e+02,6.342717824091115290e+03,6.438896306659136826e+03,3.897524695543226614e-02,3.897525812510258675e-02,3.897524462943108281e-02
1.800000000000000000e+02,6.438896306659136826e+03,6.535074789227159272e+03,3.670816606584771657e-02,3.670816857125738103e-02,3.670814585364671340e-02
1.800000000000000000e+02,6.535074789227159272e+03,6.631253271795180808e+03,3.413924284757990923e-02,3.413924740694096460e-02,3.413922626053185472e-02
1.800000000000000000e+02,6.631253271795180808e+03,6.727431754363203254e+03,3.132616233422717139e-02,3.132615651088165726e-02,3.132614504903929314e-02
1.800000000000000000e+02,6.727431754363203254e+03,6.823610236931223881e+03,2.838163907208313477e-02,2.838163698850119238e-02,2.838164166618852013e-02
1.800000000000000000e+02,6.823610236931223881e+03,6.919788719499245417e+03,2.538446390074108189e-02,2.538445498437654976e-02,2.538447721076100491e-02
1.800000000000000000e+02,6.919788719499245417e+03,7.015967202067266953e+03,2.243965723775421389e-02,2.243967060365028784e-02,2.243969993023982659e-02
1.800000000000000000e+02,7.015967202067266953e+03,7.112145684635289399e+03,1.961679065756074397e-02,1.961679811901053186e-02,1.961681011261045757e-02
1.800000000000000000e+02,7.112145684635289399e+03,7.208324167203310935e+03,1.709233214518151092e-02,1.709235733944213659e-02,1.709232568881850420e-02
1.800000000000000000e+02,7.208324167203310935e+03,7.304502649771333381e+03,1.506493740974435176e-02,1.506493139153732876e-02,1.506485349024225956e-02
1.800000000000000000e+02,7.304502649771333381e+03,7.400681132339354917e+03,1.349306267964350652e-02,1.349302889045846457e-02,1.349294595033858658e-02
1.800000000000000000e+02,7.400681132339354917e+03,7.496859614907375544e+03,1.205989735163534755e-02,1.205986990292175556e-02,1.205985667231877084e-02
1.800000000000000000e+02,7.496859614907375544e+03,7.593038097475397080e+03,1.046292583393069325e-02,1.046294027968846380e-02,1.046305946183140323e-02
1.800000000000000000e+02,7.593038097475397080e+03,7.689216580043419526e+03,8.704479075631483057e-03,8.704498992564793994e-03,8.704745507216688633e-03
1.800000000000000000e+02,7.689216580043419526e+03,7.785395062611441062e+03,7.013853598149208564e-03,7.013842157903880242e-03,7.014110229798620720e-03
1.800000000000000000e+02,7.785395062611441062e+03,7.881573545179462599e+03,5.598575826173744600e-03,5.598540156224683303e-03,5.598634190131443478e-03
1.800000000000000000e+02,7.881573545179462599e+03,7.977752027747485045e+03,4.563630609950422579e-03,4.563617276502945387e-03,4.563323759857067230e-03
1.800000000000000000e+02,7.977752027747485045e+03,8.073930510315506581e+03,3.811280668832189508e-03,3.811322154303100479e-03,3.810557781154595876e-03
1.800000000000000000e+02,8.073930510315506581e+03,8.170108992883529027e+03,3.237038990008721511e-03,3.237060506939878901e-03,3.236066701166391557e-03
1.800000000000000000e+02,8.170108992883529027e+03,8.266287475451550563e+03,2.789997674863765788e-03,2.790006901389926065e-03,2.789471152934386040e-03
1.800000000000000000e+02,8.266287475451550563e+03,8.362465958019571190e+03,2.339124637765982104e-03,2.339127046359676387e-03,2.340058089278829016e-03
1.800000000000000000e+02,8.362465958019571190e+03,8.458644440587593635e+03,1.842592177574491888e-03,1.842580360558775023e-03,1.845842952521788973e-03
1.800000000000000000e+02,8.458644440587593635e+03,8.554822923155614262e+03,1.429243851312014119e-03,1.429246913648835743e-03,1.434896666193932442e-03
1.800000000000000000e+02,8.554822923155614262e+03,8.651001405723636708e+03,1.184509570467562117e-03,1.184540555750376693e-03,1.191374466134375708e-03
1.800000000000000000e+02,8.651001405723636708e+03,8.747179888291659154e+03,1.058699713242448361e-03,1.058675159168250002e-03,1.064483089874630273e-03
1.800000000000000000e+02,8.747179888291659154e+03,8.843358370859679781e+03,9.777242108943700206e-04,9.777215166505140095e-04,9.802832002615904927e-04
1.800000000000000000e+02,8.843358370859679781e+03,8.939536853427702226e+03,8.957940831935121877e-04,8.957998828496669275e-04,8.937691449040548880e-04
1.800000000000000000e+02,8.939536853427702226e+03,9.035715335995722853e+03,7.900903530776857064e-04,7.900849517438052194e-04,7.834810341014949997e-04
1.800000000000000000e+02,9.035715335995722853e+03,9.131893818563745299e+03,6.558142458527960270e-04,6.558029560887990942e-04,6.461162390980839613e-04
1.800000000000000000e+02,9.131893818563745299e+03,9.228072301131767745e+03,5.012804469601158351e-04,5.012407420457371584e-04,4.911398794424445694e-04
1.800000000000000000e+02,9.228072301131767745e+03,9.324250783699788371e+03,3.427716716379836884e-04,3.427694281483352370e-04,3.353951393705313340e-04
1.800000000000000000e+02,9.324250783699788371e+03,9.420429266267810817e+03,1.998488162554818272e-04,1.998551661835313762e-04,1.977130544569225825e-04
1.800000000000000000e+02,9.420429266267810817e+03,9.516607748835833263e+03,9.001235263570131115e-05,9.003639340302175078e-05,9.352244309573240423e-05
1.800000000000000000e+02,9.516607748835833263e+03,9.612786231403853890e+03,2.387972109433449491e-05,2.388709881203568538e-05,2.958325068080450170e-05
1.800000000000000000e+02,9.612786231403853890e+03,9.708964713971874517e+03,1.916036044948603781e-17,6.146441839778713013e-13,2.647504797177517347e-06
1.800000000000000000e+02,9.708964713971874517e+03,9.805143196539896962e+03,1.801439111224085060e-17,-7.455986051083153391e-13,-4.233664962623339065e-13
1.800000000000000000e+02,9.805143196539896962e+03,9.901321679107919408e+03,7.118606466995810698e-18,-3.630177617301688663e-13,2.569286401781808222e-13
1.800000000000000000e+02,9.901321679107919408e+03,9.997500161675940035e+03,2.291186860810687871e-18,-7.868735783349226310e-13,-5.421506075082898958e-15
1.800000000000000000e+02,9.997500161675940035e+03,1.009367864424396248e+04,0.000000000000000000e+00,-2.951355480064806868e-13,3.445522810538970274e-14
1.800000000000000000e+02,1.009367864424396248e+04,1.018985712681198493e+04,3.445485626993474396e-18,-4.579674472372499328e-13,1.118051383578228608e-13
1.800000000000000000e+02,1.018985712681198493e+04,1.028603560938000555e+04,2.201313821323491160e-18,-4.947584460137900901e-13,-6.186087536072242733e-14
1.800000000000000000e+02,1.028603560938000555e+04,1.038221409194802618e+04,2.158982935387725674e-19,2.355442279706233704e-13,1.665864987251572816e-13
1.800000000000000000e+02,1.038221409194802618e+04,1.047839257451604863e+04,0.000000000000000000e+00,-5.175871257727282329e-13,-1.275079783001380242e-13
1.800000000000000000e+02,1.047839257451604863e+04,1.057457105708407107e+04,0.000000000000000000e+00,-4.811370917412022284e-13,-3.829930426441766076e-13
1.800000000000000000e+02,1.057457105708407107e+04,1.067074953965209352e+04,7.512873138589024001e-18,-5.955492242896697347e-13,2.371018568255280573e-13
1.800000000000000000e+02,1.067074953965209352e+04,1.076692802222011414e+04,3.213425108619623433e-18,-6.242993859645191544e-13,1.116481842721487401e-13
1.800000000000000000e+02,1.076692802222011414e+04,1.086310650478813659e+04,2.096182492619619725e-18,-5.073359287527875841e-13,-1.007060003776931923e-13
1.800000000000000000e+02,1.086310650478813659e+04,1.095928498735615904e+04,6.287121938447395968e-19,-7.119546597056774399e-13,2.266044820856886990e-13
1.800000000000000000e+02,1.095928498735615904e+04,1.105546346992417966e+04,1.533821031439009864e-19,-8.352118527736370532e-13,-1.551560032512306516e-13
1.800000000000000000e+02,1.105546346992417966e+04,1.115164195249220029e+04,0.000000000000000000e+00,-5.807316112864600166e-13,3.162494937658055218e-09
1.800000000000000000e+02,1.115164195249220029e+04,1.124782043506022274e+04,0.000000000000000000e+00,-4.697961845778447357e-13,4.425201424655932657e-07
1.800000000000000000e+02,1.124782043506022274e+04,1.134399891762824518e+04,1.870997781227063789e-18,-5.234606508921315013e-13,9.889254480354014840e-07
1.800000000000000000e+02,1.134399891762824518e+04,1.144017740019626581e+04,0.000000000000000000e+00,-7.190587076819007615e-13,1.097272608651205086e-06
1.800000000000000000e+02,1.144017740019626581e+04,1.153635588276428825e+04,0.000000000000000000e+00,-9.702357545810779803e-13,5.493171118107749611e-07
1.800000000000000000e+02,1.153635588276428825e+04,1.163253436533231070e+04,3.028667959825330291e-18,-8.341879277176306314e-13,-3.617948075639729967e-14
1.800000000000000000e+02,1.163253436533231070e+04,1.172871284790033133e+04,0.000000000000000000e+00,-1.302758040933304284e-12,-1.968341074476918462e-13
1.800000000000000000e+02,1.172871284790033133e+04,1.182489133046835195e+04,2.957085384563170721e-18,-5.263334356695875433e-13,1.055273746474416582e-13
1.800000000000000000e+02,1.182489133046835195e+04,1.192106981303637440e+04,3.504163550890166865e-18,-1.233471095058178080e-12,-1.985705848833080805e-13
1.800000000000000000e+02,1.192106981303637440e+04,1.201724829560439684e+04,0.000000000000000000e+00,-1.094136539293813901e-12,2.562852458794750507e-13
1.800000000000000000e+02,1.201724829560439684e+04,1.211342677817241747e+04,0.000000000000000000e+00,-9.787230278985362095e-13,-1.549069896450690801e-13
1.800000000000000000e+02,1.211342677817241747e+04,1.220960526074043992e+04,3.586697258267159580e-18,-5.102774304583978010e-13,1.335180022648381646e-13
1.800000000000000000e+02,1.220960526074043992e+04,1.230578374330846054e+04,5.093579710830525253e-18,-8.163195913532508060e-13,1.046612874070652473e-13
1.800000000000000000e+02,1.230578374330846054e+04,1.240196222587648481e+04,0.000000000000000000e+00,-7.464355080311371846e-13,-1.033263195107319509e-13
1.800000000000000000e+02,1.240196222587648481e+04,1.249814070844450544e+04,4.283052788088214704e-18,-3.953819279832128721e-13,-6.201746496473827653e-14
1.800000000000000000e+02,1.249814070844450544e+04,1.259431919101252606e+04,0.000000000000000000e+00,-1.087665627227296737e-12,1.651188418769308400e-14
1.800000000000000000e+02,1.259431919101252606e+04,1.269049767358054851e+04,0.000000000000000000e+00,-9.235831632464200336e-13,1.164144348936632375e-13
1.800000000000000000e+02,1.269049767358054851e+04,1.278667615614856913e+04,0.000000000000000000e+00,-1.253030746802563626e-12,1.004348303080797649e-13
1.800000000000000000e+02,1.278667615614856913e+04,1.288285463871659158e+04,0.000000000000000000e+00,-1.045158667824825344e-12,-1.749806715662769363e-13
1.800000000000000000e+02,1.288285463871659158e+04,1.297903312128461221e+04,0.000000000000000000e+00,-1.317459947591742703e-12,8.142798447860669165e-14
1.800000000000000000e+02,1.297903312128461221e+04,1.307521160385263647e+04,0.000000000000000000e+00,-6.896696965531699491e-13,-3.861416598121334697e-14
1.800000000000000000e+02,1.307521160385263647e+04,1.317139008642065710e+04,2.406801702156700139e-18,-1.156817026293270444e-12,1.200252347381624751e-13
1.800000000000000000e+02,1.317139008642065710e+04,1.326756856898867773e+04,3.752789527284884773e-18,-9.243560026117628302e-13,5.302953346643733006e-15
1.800000000000000000e+02,1.326756856898867773e+04,1.336374705155670017e+04,0.000000000000000000e+00,-6.372841191909060895e-13,7.654477434959306559e-11
2.400000000000000000e+02,1.829833576777966528e+03,1.926408126663470284e+03,1.001559559030662619e-04,1.003832926913357721e-04,2.655508236430628209e-07
2.400000000000000000e+02,1.926408126663470284e+03,2.022982676548974268e+03,7.756930133415171152e-05,7.753233968944947714e-05,1.553187114024450014e-13
2.400000000000000000e+02,2.022982676548974268e+03,2.119557226434477798e+03,5.571869025656847352e-05,5.555338444586486058e-05,3.483461109849294495e-13
2.400000000000000000e+02,2.119557226434477798e+03,2.216131776319981782e+03,3.599900204365470002e-05,3.578919602346593840e-05,-9.455573549265440894e-14
2.400000000000000000e+02,2.216131776319981782e+03,2.312706326205485766e+03,1.975371214421860086e-05,1.966134702271401469e-05,1.412521641195430406e-13
2.400000000000000000e+02,2.312706326205485766e+03,2.409280876090989750e+03,8.112497631336062253e-06,8.268539038761280239e-06,-8.494225382551098879e-15
2.400000000000000000e+02,2.409280876090989750e+03,2.505855425976493279e+03,1.861033333779689754e-06,1.975687938885980862e-06,-8.151645172787312609e-13
2.400000000000000000e+02,2.505855425976493279e+03,2.602429975861996809e+03,7.631557351244406119e-20,5.300211293169103358e-12,4.313100255380438009e-13
2.400000000000000000e+02,2.602429975861996809e+03,2.699004525747500793e+03,1.656234462106571026e-19,1.559242442831279539e-12,-4.802436362675238700e-13
2.400000000000000000e+02,2.699004525747500793e+03,2.795579075633004777e+03,7.139653823776490945e-20,1.483717917877733473e-12,-1.572988588480840657e-12
2.400000000000000000e+02,2.795579075633004777e+03,2.892153625518508306e+03,6.721699994751433881e-20,1.178100157723688791e-12,1.177159544470485364e-12
2.400000000000000000e+02,2.892153625518508306e+03,2.988728175404012291e+03,1.519133586362368553e-19,1.142151268921106693e-12,9.344913235450130537e-14
2.400000000000000000e+02,2.988728175404012291e+03,3.085302725289516275e+03,1.031232041781852723e-19,2.867608558890471598e-13,9.828848961146920204e-13
2.400000000000000000e+02,3.085302725289516275e+03,3.181877275175020259e+03,7.863795307265243569e-20,6.380099048486805854e-13,2.134023290394083182e-13
2.400000000000000000e+02,3.181877275175020259e+03,3.278451825060523333e+03,6.190607464988589063e-21,1.244982576106996552e-12,4.074252048421293662e-05
2.400000000000000000e+02,3.278451825060523333e+03,3.375026374946027317e+03,2.962766917590760206e-20,-3.706696822023843468e-12,1.272236352488378107e-04
2.400000000000000000e+02,3.375026374946027317e+03,3.471600924831530847e+03,4.365678055670246456e-19,1.108166582491446919e-11,2.301413627314427329e-04
2.400000000000000000e+02,3.471600924831530847e+03,3.568175474717034831e+03,4.369608591483153340e-05,4.369726804961728423e-05,3.283336661919797708e-04
2.400000000000000000e+02,3.568175474717034831e+03,3.664750024602538815e+03,1.829178900907838716e-04,1.829605419123019755e-04,4.421003793729219784e-04
2.400000000000000000e+02,3.664750024602538815e+03,3.761324574488042799e+03,4.635821694685004655e-04,4.636197120525688384e-04,6.240785637111562287e-04
2.400000000000000000e+02,3.761324574488042799e+03,3.857899124373546783e+03,9.250370628508395232e-04,9.250550909768480564e-04,9.454755595328628425e-04
2.400000000000000000e+02,3.857899124373546783e+03,3.954473674259050767e+03,1.599816708746246369e-03,1.599789825960333230e-03,1.482294226623107536e-03
2.400000000000000000e+02,3.954473674259050767e+03,4.051048224144554297e+03,2.513107166157658046e-03,2.513085931592840168e-03,2.301544611004543387e-03
2.400000000000000000e+02,4.051048224144554297e+03,4.147622774030057371e+03,3.682578907818590420e-03,3.682542424135728295e-03,3.447443517119017867e-03
2.400000000000000000e+02,4.147622774030057371e+03,4.244197323915561356e+03,5.117734247448787674e-03,5.117693094010010262e-03,4.927609582457799335e-03
2.400000000000000000e+02,4.244197323915561356e+03,4.340771873801065340e+03,6.787676132685745503e-03,6.787663397847918875e-03,6.678645480795093389e-03
2.400000000000000000e+02,4.340771873801065340e+03,4.437346423686569324e+03,8.673008974119269035e-03,8.673024467320458036e-03,8.641800912486813369e-03
2.400000000000000000e+02,4.437346423686569324e+03,4.533920973572073308e+03,1.073981384552218261e-02,1.073983332917488424e-02,1.075798546669985006e-02
2.400000000000000000e+02,4.533920973572073308e+03,4.630495523457577292e+03,1.288132941871092049e-02,1.288134788872392390e-02,1.291562922293989016e-02
2.400000000000000000e+02,4.630495523457577292e+03,4.727070073343080367e+03,1.511576077579159481e-02,1.511576497627030793e-02,1.514278985614589922e-02
2.400000000000000000e+02,4.727070073343080367e+03,4.823644623228584351e+03,1.757349775214799362e-02,1.757349128561726259e-02,1.758441371042891721e-02
2.400000000000000000e+02,4.823644623228584351e+03,4.920219173114088335e+03,2.033737622301131157e-02,2.033736775666325838e-02,2.033464453311331979e-02
2.400000000000000000e+02,4.920219173114088335e+03,5.016793722999592319e+03,2.337122225209229201e-02,2.337121429119113497e-02,2.336221917310035007e-02
2.400000000000000000e+02,5.016793722999592319e+03,5.113368272885096303e+03,2.648245043387839268e-02,2.648245490951727302e-02,2.647396546489380262e-02
2.400000000000000000e+02,5.113368272885096303e+03,5.209942822770600287e+03,2.944312477591407018e-02,2.944312983724984081e-02,2.943863002455329378e-02
2.400000000000000000e+02,5.209942822770600287e+03,5.306517372656104271e+03,3.203127486118237388e-02,3.203127638360730306e-02,3.203093116686167585e-02
2.400000000000000000e+02,5.306517372656104271e+03,5.403091922541608255e+03,3.420774673355105738e-02,3.420774673630176677e-02,3.420983494445697243e-02
2.400000000000000000e+02,5.403091922541608255e+03,5.499666472427110421e+03,3.603217289585976951e-02,3.603217303057055371e-02,3.603469260327023249e-02
2.400000000000000000e+02,5.499666472427110421e+03,5.596241022312614405e+03,3.754773064408006150e-02,3.754773245522263075e-02,3.754939784483159182e-02
2.400000000000000000e+02,5.596241022312614405e+03,5.692815572198118389e+03,3.871109830548665615e-02,3.871110196242490142e-02,3.871157842805957039e-02
2.400000000000000000e+02,5.692815572198118389e+03,5.789390122083622373e+03,3.948626984358027947e-02,3.948627202769169897e-02,3.948589017762608316e-02
2.400000000000000000e+02,5.789390122083622373e+03,5.885964671969126357e+03,3.988182594631330818e-02,3.988182185988244088e-02,3.988113438880488276e-02
2.400000000000000000e+02,5.885964671969126357e+03,5.982539221854630341e+03,3.996040711182387295e-02,3.996040052075224003e-02,3.995984338229194993e-02
2.400000000000000000e+02,5.982539221854630341e+03,6.079113771740134325e+03,3.974373377420504366e-02,3.974373415101090101e-02,3.974349069811299734e-02
2.400000000000000000e+02,6.079113771740134325e+03,6.175688321625637400e+03,3.909467238989670912e-02,3.909466875213836456e-02,3.909470442219663278e-02
2.400000000000000000e+02,6.175688321625637400e+03,6.272262871511141384e+03,3.785810339974577526e-02,3.785810436513908916e-02,3.785827930023992483e-02
2.400000000000000000e+02,6.272262871511141384e+03,6.368837421396645368e+03,3.606802229366445900e-02,3.606802058946432382e-02,3.606819680615974688e-02
2.400000000000000000e+02,6.368837421396645368e+03,6.465411971282149352e+03,3.396648314470952085e-02,3.396648610968468901e-02,3.396658492905150345e-02
2.400000000000000000e+02,6.465411971282149352e+03,6.561986521167653336e+03,3.192106740545667953e-02,3.192107137420881896e-02,3.192108017413240739e-02
2.400000000000000000e+02,6.561986521167653336e+03,6.658561071053157320e+03,3.012258091762395895e-02,3.012257840672276712e-02,3.012252858516518972e-02
2.400000000000000000e+02,6.658561071053157320e+03,6.755135620938661305e+03,2.841962238378565112e-02,2.841961738838597040e-02,2.841955533139252366e-02
2.400000000000000000e+02,6.755135620938661305e+03,6.851710170824163470e+03,2.658904293336657523e-02,2.658904346564244792e-02,2.658900770649323675e-02
2.400000000000000000e+02,6.851710170824163470e+03,6.948284720709667454e+03,2.451814949298339666e-02,2.451815247595433983e-02,2.451816086279690055e-02
2.400000000000000000e+02,6.948284720709667454e+03,7.044859270595171438e+03,2.225064678189249759e-02,2.225064849206131665e-02,2.225069434176304289e-02
2.400000000000000000e+02,7.044859270595171438e+03,7.141433820480675422e+03,1.999796227023094980e-02,1.999796470576875596e-02,1.999801900306496030e-02
2.400000000000000000e+02,7.141433820480675422e+03,7.238008370366179406e+03,1.787365660394148528e-02,1.787366982366828116e-02,1.787369031549484663e-02
2.400000000000000000e+02,7.238008370366179406e+03,7.334582920251683390e+03,1.589259296757665474e-02,1.589259490703224392e-02,1.589254527502987832e-02
2.400000000000000000e+02,7.334582920251683390e+03,7.431157470137187374e+03,1.408879047097613343e-02,1.408877862055964506e-02,1.408865513889577536e-02
2.400000000000000000e+02,7.431157470137187374e+03,7.527732020022690449e+03,1.256479409225139815e-02,1.256478457654818665e-02,1.256463701731292543e-02
2.400000000000000000e+02,7.527732020022690449e+03,7.624306569908194433e+03,1.132034315682432617e-02,1.132034152030529824e-02,1.132027064052399529e-02
2.400000000000000000e+02,7.624306569908194433e+03,7.720881119793698417e+03,1.022161221448404829e-02,1.022161507272476531e-02,1.022173485771297845e-02
2.400000000000000000e+02,7.720881119793698417e+03,7.817455669679202401e+03,9.198351353617731027e-03,9.198351494504037121e-03,9.198716030385701778e-03
2.400000000000000000e+02,7.817455669679202401e+03,7.914030219564706385e+03,8.216284253658674708e-03,8.216286453595207998e-03,8.216803712118553316e-03
2.400000000000000000e+02,7.914030219564706385e+03,8.010604769450210370e+03,7.203802247243818770e-03,7.203810849362189683e-03,7.204196803637147664e-03
2.400000000000000000e+02,8.010604769450210370e+03,8.107179319335714354e+03,6.115617829704217065e-03,6.115623680989121583e-03,6.115469465797056421e-03
2.400000000000000000e+02,8.107179319335714354e+03,8.203753869221218338e+03,5.044487870704958063e-03,5.044488118748677308e-03,5.043483758169407978e-03
2.400000000000000000e+02,8.203753869221218338e+03,8.300328419106723231e+03,4.157156135122967895e-03,4.157136204078683284e-03,4.155399166511516973e-03
2.400000000000000000e+02,8.300328419106723231e+03,8.396902968992224487e+03,3.547716523162621535e-03,3.547698314104446617e-03,3.546031027641899890e-03
2.400000000000000000e+02,8.396902968992224487e+03,8.493477518877729381e+03,3.138579661416832176e-03,3.138579761469546554e-03,3.138386662722004398e-03
2.400000000000000000e+02,8.493477518877729381e+03,8.590052068763232455e+03,2.769519018409665953e-03,2.769529178763997703e-03,2.772173777839549453e-03
2.400000000000000000e+02,8.590052068763232455e+03,8.686626618648737349e+03,2.402876900641295888e-03,2.402891440671069828e-03,2.408511019734231508e-03
2.400000000000000000e+02,8.686626618648737349e+03,8.783201168534240423e+03,2.060835616520928070e-03,2.060846265459824554e-03,2.067032213846163331e-03
2.400000000000000000e+02,8.783201168534240423e+03,8.879775718419745317e+03,1.759214659679992970e-03,1.759233460940697307e-03,1.760390655548088167e-03
2.400000000000000000e+02,8.879775718419745317e+03,8.976350268305248392e+03,1.528888327881032603e-03,1.528916915185425879e-03,1.517134091290624209e-03
2.400000000000000000e+02,8.976350268305248392e+03,9.072924818190751466e+03,1.330495014257981412e-03,1.330512210249785738e-03,1.298175682671274481e-03
2.400000000000000000e+02,9.072924818190751466e+03,9.169499368076256360e+03,1.140126023254620655e-03,1.140139449972791966e-03,1.083277753369121755e-03
2.400000000000000000e+02,9.169499368076256360e+03,9.266073917961759435e+03,9.448258133708239753e-04,9.448344916048319027e-04,8.649756713836418559e-04
2.400000000000000000e+02,9.266073917961759435e+03,9.362648467847264328e+03,7.548353241540395808e-04,7.548549139778376474e-04,6.578889715368927381e-04
2.400000000000000000e+02,9.362648467847264328e+03,9.459223017732767403e+03,5.783649386663961781e-04,5.784243367102021634e-04,4.726751387607759105e-04
2.400000000000000000e+02,9.459223017732767403e+03,9.555797567618272296e+03,4.217022438215749453e-04,4.217555270436792645e-04,3.163537772357211076e-04
2.400000000000000000e+02,9.555797567618272296e+03,9.652372117503775371e+03,2.890689964675400648e-04,2.890732077962109990e-04,1.926305115975015354e-04
2.400000000000000000e+02,9.652372117503775371e+03,9.748946667389278446e+03,1.826743183066669330e-04,1.826826782575093034e-04,1.022211865300173800e-04
2.400000000000000000e+02,9.748946667389278446e+03,9.845521217274781520e+03,1.029918543890522952e-04,1.030629082544559758e-04,4.317623991449650765e-05
2.400000000000000000e+02,9.845521217274781520e+03,9.942095767160286414e+03,4.885994836196912931e-05,4.891418391894357132e-05,1.120497453885606660e-05
2.400000000000000000e+02,9.942095767160286414e+03,1.003867031704578949e+04,1.714936757134369788e-05,1.716828989575126306e-05,2.548675644553778528e-14
2.400000000000000000e+02,1.003867031704578949e+04,1.013524486693129438e+04,2.923816080471112691e-06,3.023782331268184316e-06,1.561698397473810560e-06
2.400000000000000000e+02,1.013524486693129438e+04,1.023181941681679746e+04,2.418423521933217206e-19,-3.280121767798549206e-12,1.434758817234842821e-05
2.400000000000000000e+02,1.023181941681679746e+04,1.032839396670230235e+04,1.379737201742085646e-19,-4.898491199323583907e-12,3.577200733451358023e-05
2.400000000000000000e+02,1.032839396670230235e+04,1.042496851658780542e+04,7.596269270215866643e-08,-4.667557056469576944e-12,6.253070287068847647e-05
2.400000000000000000e+02,1.042496851658780542e+04,1.052154306647330850e+04,9.356664537477699612e-08,-4.092188534265778046e-12,9.092544116633171150e-05
2.400000000000000000e+02,1.052154306647330850e+04,1.061811761635881339e+04,1.207279003841029209e-07,-3.972014300598792949e-12,1.171881298457840036e-04
2.400000000000000000e+02,1.061811761635881339e+04,1.071469216624431647e+04,2.137354747392651902e-08,-3.589555679087152147e-12,1.378042009861609797e-04
2.400000000000000000e+02,1.071469216624431647e+04,1.081126671612982136e+04,8.035759809373004697e-09,-4.087138729962540799e-12,1.498345478351331629e-04
2.400000000000000000e+02,1.081126671612982136e+04,1.090784126601532444e+04,5.456590773990806814e-21,-4.058797502315868833e-12,1.512354282554743208e-04
2.400000000000000000e+02,1.090784126601532444e+04,1.100441581590082933e+04,3.138247321916265737e-20,-3.608814251879819517e-12,1.411758499369562402e-04
2.400000000000000000e+02,1.100441581590082933e+04,1.110099036578633059e+04,4.081691171698205185e-08,-3.430021642859020962e-12,1.203521309491524164e-04
2.400000000000000000e+02,1.110099036578633059e+04,1.119756491567183548e+04,2.293809137812926546e-19,-3.451742028834136781e-12,9.130041214009663759e-05
2.400000000000000000e+02,1.119756491567183548e+04,1.129413946555734037e+04,2.855375841356166275e-20,-3.453000699503200422e-12,5.870833667735389115e-05
2.400000000000000000e+02,1.129413946555734037e+04,1.139071401544284345e+04,2.160684675071073072e-19,-3.012274603311492250e-12,2.915878401848818709e-05
2.400000000000000000e+02,1.139071401544284345e+04,1.148728856532834834e+04,3.470918182909523601e-08,-2.492194683169004679e-12,8.666924267560073452e-06
2.400000000000000000e+02,1.148728856532834834e+04,1.158386311521385142e+04,1.230026854676731236e-07,-8.170180499563722119e-12,-2.025283976855421399e-13
2.400000000000000000e+02,1.158386311521385142e+04,1.168043766509935631e+04,1.821956030138654148e-07,-2.593263817551638992e-11,4.650336210531105961e-13
2.400000000000000000e+02,1.168043766509935631e+04,1.177701221498485938e+04,2.724780680797660505e-09,-6.887236352840620576e-12,-2.040092712310765365e-13
2.400000000000000000e+02,1.177701221498485938e+04,1.187358676487036246e+04,9.295278291176463636e-08,-2.068042920290525754e-12,-1.372489140953981503e-14
2.400000000000000000e+02,1.187358676487036246e+04,1.197016131475586553e+04,1.065669738074118148e-19,-2.148645652766087981e-12,-1.883003538256960356e-13
2.400000000000000000e+02,1.197016131475586553e+04,1.206673586464137043e+04,1.429512835197115189e-08,-2.495952396960122411e-12,-4.872664107749663817e-14
2.400000000000000000e+02,1.206673586464137043e+04,1.216331041452687350e+04,8.550349595622326670e-08,1.187470521419648722e-13,-1.437055136673754618e-13
2.400000000000000000e+02,1.216331041452687350e+04,1.225988496441237839e+04,1.038329952021664051e-07,-1.038390388791661391e-11,-1.204879177328348069e-13
2.400000000000000000e+02,1.225988496441237839e+04,1.235645951429788147e+04,9.769491344092160214e-08,1.381248589468048345e-08,-8.370751212851519544e-15
2.400000000000000000e+02,1.235645951429788147e+04,1.245303406418338636e+04,7.820594901498983677e-07,8.048826505840444332e-07,2.876031203441482314e-13
2.400000000000000000e+02,1.245303406418338636e+04,1.254960861406888944e+04,3.014905236567882724e-06,3.101534407215434206e-06,-4.523393536637619704e-14
2.400000000000000000e+02,1.254960861406888944e+04,1.264618316395439069e+04,7.397541408191184837e-06,7.470450949008685194e-06,-1.698959992839023133e-14
2.400000000000000000e+02,1.264618316395439069e+04,1.274275771383989741e+04,1.405150929668525718e-05,1.411735735711983646e-05,-6.004410039166251876e-14
2.400000000000000000e+02,1.274275771383989741e+04,1.283933226372539866e+04,2.285855363153470736e-05,2.291064475057569906e-05,1.104712827168315601e-13
2.400000000000000000e+02,1.283933226372539866e+04,1.293590681361090537e+04,3.344613879204411935e-05,3.348937321539075223e-05,-5.793847616374581155e-15
2.400000000000000000e+02,1.293590681361090537e+04,1.303248136349640663e+04,4.536508317637494373e-05,4.537505627121088132e-05,1.306651699292164690e-13
2.400000000000000000e+02,1.303248136349640663e+04,1.312905591338191334e+04,5.802849155414878537e-05,5.809506217418935916e-05,-4.044435475849792768e-14
2.400000000000000000e+02,1.312905591338191334e+04,1.322563046326741460e+04,7.120112747544430167e-05,7.125746107470834663e-05,4.022731868672421812e-14
2.400000000000000000e+02,1.322563046326741460e+04,1.332220501315291767e+04,8.453290272254317041e-05,8.452091705340242440e-05,-6.106021685042102552e-15
2.400000000000000000e+02,1.332220501315291767e+04,1.341877956303842257e+04,9.757218521546042096e-05,9.770583097119852202e-05,1.416164673403654452e-08
3.000000000000000000e+02,1.837368913756074335e+03,1.934341161982089261e+03,0.000000000000000000e+00,8.274934744533949796e-12,4.924786968888670548e-06
3.000000000000000000e+02,1.934341161982089261e+03,2.031313410208104642e+03,1.248105377366050815e-17,3.080994354316227092e-12,1.269225146940894797e-06
3.000000000000000000e+02,2.031313410208104642e+03,2.128285658434119341e+03,1.683725699446937627e-17,2.734641640505467743e-12,-1.209246774864955069e-13
3.000000000000000000e+02,2.128285658434119341e+03,2.225257906660134722e+03,1.266610669165035020e-17,2.628533260431222271e-12,-1.160838714568966315e-12
3.000000000000000000e+02,2.225257906660134722e+03,2.322230154886149649e+03,1.577783190452689090e-17,2.510562671655130895e-12,6.077252650927991881e-14
3.000000000000000000e+02,2.322230154886149649e+03,2.419202403112165030e+03,0.000000000000000000e+00,2.421787014557957323e-12,8.535485132688533557e-13
3.000000000000000000e+02,2.419202403112165030e+03,2.516174651338179956e+03,5.365827826605828289e-18,2.655720587008799567e-12,8.157250323888612557e-13
3.000000000000000000e+02,2.516174651338179956e+03,2.613146899564194428e+03,1.593572077330142210e-17,2.582116782232632677e-12,4.824673532186909774e-13
3.000000000000000000e+02,2.613146899564194428e+03,2.710119147790209809e+03,1.448991181492873165e-17,2.123412900874649586e-12,8.665987732067912409e-13
3.000000000000000000e+02,2.710119147790209809e+03,2.807091396016225190e+03,3.849007140406841630e-18,1.155664963284231220e-12,1.346316247300241635e-13
3.000000000000000000e+02,2.807091396016225190e+03,2.904063644242240116e+03,1.176028542476146776e-18,4.658951613074274963e-13,-1.459190952372443973e-12
3.000000000000000000e+02,2.904063644242240116e+03,3.001035892468255042e+03,9.859078939961523323e-18,5.345678821918307554e-13,-2.489477882931918395e-13
3.000000000000000000e+02,3.001035892468255042e+03,3.098008140694269969e+03,1.979733878108697618e-18,3.184480296553776796e-13,-1.120107731896722219e-12
3.000000000000000000e+02,3.098008140694269969e+03,3.194980388920285350e+03,9.708358132087457362e-18,-2.063474507778736671e-12,9.124925261229842426e-13
3.000000000000000000e+02,3.194980388920285350e+03,3.291952637146299821e+03,0.000000000000000000e+00,9.176812362822539554e-12,1.119622818716595354e-12
3.000000000000000000e+02,3.291952637146299821e+03,3.388924885372315202e+03,8.891660413133716055e-05,8.900685487913183411e-05,9.565277727279301574e-05
3.000000000000000000e+02,3.388924885372315202e+03,3.485897133598329674e+03,3.932555938290207480e-04,3.932887151045559668e-04,3.905165481426690986e-04
3.000000000000000000e+02,3.485897133598329674e+03,3.582869381824345055e+03,9.155712551929951057e-04,9.154949880048905610e-04,9.021871540814783031e-04
3.000000000000000000e+02,3.582869381824345055e+03,3.679841630050360436e+03,1.583076586812020951e-03,1.582975766620512651e-03,1.566652161372840196e-03
3.000000000000000000e+02,3.679841630050360436e+03,3.776813878276375362e+03,2.296157691574590622e-03,2.296104525590518357e-03,2.285099547146470129e-03
3.000000000000000000e+02,3.776813878276375362e+03,3.873786126502390744e+03,2.976591641680929965e-03,2.976601294510329478e-03,2.975368228648265188e-03
3.000000000000000000e+02,3.873786126502390744e+03,3.970758374728406125e+03,3.615812807381742992e-03,3.615853280987064381e-03,3.623397837502733820e-03
3.000000000000000000e+02,3.970758374728406125e+03,4.067730622954420596e+03,4.323189567716594073e-03,4.323232309290139276e-03,4.334680157555833441e-03
3.000000000000000000e+02,4.067730622954420596e+03,4.164702871180435068e+03,5.301326792959366006e-03,5.301353824352139470e-03,5.311549674172246285e-03
3.000000000000000000e+02,4.164702871180435068e+03,4.261675119406449994e+03,6.661243954613631918e-03,6.661258723247580511e-03,6.667259927912089212e-03
3.000000000000000000e+02,4.261675119406449994e+03,4.358647367632465830e+03,8.494243856816763652e-03,8.494243305566475180e-03,8.495807060711377950e-03
3.000000000000000000e+02,4.358647367632465830e+03,4.455619615858480756e+03,1.077246845745484516e-02,1.077244801475804765e-02,1.077109539284216988e-02
3.000000000000000000e+02,4.455619615858480756e+03,4.552591864084495683e+03,1.326795929287878824e-02,1.326794991520920119e-02,1.326564175172779796e-02
3.000000000000000000e+02,4.552591864084495683e+03,4.649564112310511518e+03,1.569714549301590503e-02,1.569715059546738373e-02,1.569532168100011560e-02
3.000000000000000000e+02,4.649564112310511518e+03,4.746536360536525535e+03,1.795808506111370301e-02,1.795809022306097541e-02,1.795730893355746913e-02
3.000000000000000000e+02,4.746536360536525535e+03,4.843508608762541371e+03,2.012249059151521857e-02,2.012248578440374927e-02,2.012261541975447418e-02
3.000000000000000000e+02,4.843508608762541371e+03,4.940480856988555388e+03,2.231569012911833669e-02,2.231567686914416940e-02,2.231625494564302634e-02
3.000000000000000000e+02,4.940480856988555388e+03,5.037453105214571224e+03,2.459194777861658382e-02,2.459194424328242298e-02,2.459252615895334004e-02
3.000000000000000000e+02,5.037453105214571224e+03,5.134425353440586150e+03,2.687330502343293279e-02,2.687331279318908028e-02,2.687365096971979297e-02
3.000000000000000000e+02,5.134425353440586150e+03,5.231397601666601076e+03,2.903334538752482333e-02,2.903334677241014780e-02,2.903340583597136329e-02
3.000000000000000000e+02,5.231397601666601076e+03,5.328369849892616912e+03,3.099653436780922672e-02,3.099653522679792980e-02,3.099641215999602087e-02
3.000000000000000000e+02,5.328369849892616912e+03,5.425342098118631839e+03,3.266066507906486421e-02,3.266066239494116313e-02,3.266048858851396119e-02
3.000000000000000000e+02,5.425342098118631839e+03,5.522314346344645855e+03,3.401199585086502053e-02,3.401199384615173626e-02,3.401186562975552080e-02
3.000000000000000000e+02,5.522314346344645855e+03,5.619286594570660782e+03,3.507310546593198075e-02,3.507311509947348693e-02,3.507306781697658998e-02
3.000000000000000000e+02,5.619286594570660782e+03,5.716258842796676618e+03,3.583664761511585334e-02,3.583665485933903994e-02,3.583667363322264737e-02
3.000000000000000000e+02,5.716258842796676618e+03,5.813231091022691544e+03,3.622411337958730132e-02,3.622411584150752456e-02,3.622416399295341066e-02
3.000000000000000000e+02,5.813231091022691544e+03,5.910203339248706470e+03,3.623660226166170589e-02,3.623660356696608437e-02,3.623664813126572376e-02
3.000000000000000000e+02,5.910203339248706470e+03,6.007175587474722306e+03,3.588842982662462933e-02,3.588843204336702314e-02,3.588845570502324084e-02
3.000000000000000000e+02,6.007175587474722306e+03,6.104147835700737232e+03,3.518620281251308435e-02,3.518620090491910574e-02,3.518620171897223620e-02
3.000000000000000000e+02,6.104147835700737232e+03,6.201120083926751249e+03,3.424011752354479826e-02,3.424011343150961534e-02,3.424009929996826851e-02
3.000000000000000000e+02,6.201120083926751249e+03,6.298092332152766176e+03,3.322202497272328664e-02,3.322201491666245537e-02,3.322199739653846490e-02
3.000000000000000000e+02,6.298092332152766176e+03,6.395064580378781102e+03,3.215199773523895466e-02,3.215199062477456377e-02,3.215197958618128821e-02
3.000000000000000000e+02,6.395064580378781102e+03,6.492036828604796938e+03,3.089417419976939541e-02,3.089417389856304388e-02,3.089417377257868205e-02
3.000000000000000000e+02,6.492036828604796938e+03,6.589009076830811864e+03,2.942052579797611520e-02,2.942052323690274793e-02,2.942053204034554906e-02
3.000000000000000000e+02,6.589009076830811864e+03,6.685981325056827700e+03,2.785554408111633878e-02,2.785554675413496467e-02,2.785555784999100420e-02
3.000000000000000000e+02,6.685981325056827700e+03,6.782953573282842626e+03,2.632927096703767400e-02,2.632927522406294796e-02,2.632928052400107521e-02
3.000000000000000000e+02,6.782953573282842626e+03,6.879925821508856643e+03,2.477761207000077695e-02,2.477761726846789206e-02,2.477761120024157826e-02
3.000000000000000000e+02,6.879925821508856643e+03,6.976898069734871569e+03,2.308787245593945520e-02,2.308787165013686388e-02,2.308785441072836592e-02
3.000000000000000000e+02,6.976898069734871569e+03,7.073870317960886496e+03,2.127154886824008523e-02,2.127155078410443434e-02,2.127152923223175895e-02
3.000000000000000000e+02,7.073870317960886496e+03,7.170842566186902332e+03,1.946675287277938038e-02,1.946676483312896611e-02,1.946675099034410328e-02
3.000000000000000000e+02,7.170842566186902332e+03,7.267814814412917258e+03,1.785096280586447384e-02,1.785096490958886992e-02,1.785097339159312860e-02
3.000000000000000000e+02,7.267814814412917258e+03,7.364787062638932184e+03,1.643725675477543738e-02,1.643725046699158129e-02,1.643729374679693198e-02
3.000000000000000000e+02,7.364787062638932184e+03,7.461759310864948020e+03,1.504546635095353399e-02,1.504545301384356895e-02,1.504553085365403255e-02
3.000000000000000000e+02,7.461759310864948020e+03,7.558731559090962037e+03,1.352766141346762284e-02,1.352764981629407670e-02,1.352773442671554964e-02
3.000000000000000000e+02,7.558731559090962037e+03,7.655703807316976963e+03,1.195262166316254926e-02,1.195261796667168586e-02,1.195264770123310311e-02
3.000000000000000000e+02,7.655703807316976963e+03,7.752676055542991890e+03,1.053811143262234004e-02,1.053812067502385777e-02,1.053801995441658139e-02
3.000000000000000000e+02,7.752676055542991890e+03,7.849648303769007725e+03,9.451023511753493117e-03,9.451036771078539026e-03,9.450769006441442355e-03
3.000000000000000000e+02,7.849648303769007725e+03,7.946620551995022652e+03,8.682361198969741276e-03,8.682361727052894870e-03,8.681996307628711551e-03
3.000000000000000000e+02,7.946620551995022652e+03,8.043592800221037578e+03,8.097204654832022147e-03,8.097197774846002019e-03,8.096944062487931512e-03
3.000000000000000000e+02,8.043592800221037578e+03,8.140565048447053414e+03,7.499038073864551165e-03,7.499033506793967470e-03,7.499186776798356241e-03
3.000000000000000000e+02,8.140565048447053414e+03,8.237537296673068340e+03,6.703456907978599423e-03,6.703455433636769378e-03,6.704231878710463499e-03
3.000000000000000000e+02,8.237537296673068340e+03,8.334509544899083267e+03,5.749565140771929588e-03,5.749577399527017012e-03,5.750882055907494475e-03
3.000000000000000000e+02,8.334509544899083267e+03,8.431481793125098193e+03,4.870452053516335401e-03,4.870463374824616012e-03,4.871718403794196572e-03
3.000000000000000000e+02,8.431481793125098193e+03,8.528454041351113119e+03,4.213941004368768929e-03,4.213952123749050913e-03,4.214159035253105430e-03
3.000000000000000000e+02,8.528454041351113119e+03,8.625426289577128045e+03,3.741846903553644292e-03,3.741845099827962023e-03,3.740017240384656619e-03
3.000000000000000000e+02,8.625426289577128045e+03,8.722398537803142972e+03,3.266239662084824674e-03,3.266226764568106854e-03,3.262156284365157286e-03
3.000000000000000000e+02,8.722398537803142972e+03,8.819370786029157898e+03,2.707562786724656504e-03,2.707535954790074324e-03,2.702579716901935911e-03
3.000000000000000000e+02,8.819370786029157898e+03,8.916343034255174643e+03,2.232956694830246641e-03,2.232943298710135874e-03,2.230239867689130795e-03
3.000000000000000000e+02,8.916343034255174643e+03,9.013315282481189570e+03,1.960140606406613265e-03,1.960138471187562216e-03,1.963607417881855013e-03
3.000000000000000000e+02,9.013315282481189570e+03,9.110287530707202677e+03,1.845423635353828475e-03,1.845428949204939778e-03,1.857294287035040703e-03
3.000000000000000000e+02,9.110287530707202677e+03,9.207259778933217603e+03,1.759959621092403812e-03,1.759972895918077845e-03,1.777394337081590354e-03
3.000000000000000000e+02,9.207259778933217603e+03,9.304232027159232530e+03,1.626870824809461061e-03,1.626897269671608373e-03,1.639362300531007960e-03
3.000000000000000000e+02,9.304232027159232530e+03,9.401204275385249275e+03,1.423927587820988027e-03,1.423942454933433679e-03,1.413611501337936824e-03
3.000000000000000000e+02,9.401204275385249275e+03,9.498176523611264201e+03,1.224359029541333523e-03,1.224360835359616408e-03,1.170904431410597088e-03
3.000000000000000000e+02,9.498176523611264201e+03,9.595148771837279128e+03,1.057240149434144835e-03,1.057240133113490806e-03,9.462558970608903183e-04
3.000000000000000000e+02,9.595148771837279128e+03,9.692121020063294054e+03,8.995792857937924547e-04,8.995961832379263624e-04,7.304474357654001720e-04
3.000000000000000000e+02,9.692121020063294054e+03,9.789093268289308980e+03,7.497104401695023042e-04,7.497370222857513639e-04,5.369669296910063033e-04
3.000000000000000000e+02,9.789093268289308980e+03,9.886065516515323907e+03,6.104692942593546072e-04,6.104734157315058014e-04,3.781876210085392863e-04
3.000000000000000000e+02,9.886065516515323907e+03,9.983037764741338833e+03,4.839846665117541200e-04,4.839856051636695373e-04,2.603084975377399049e-04
3.000000000000000000e+02,9.983037764741338833e+03,1.008001001296735376e+04,3.718504278804445756e-04,3.718582366919556161e-04,1.843347624818185426e-04
3.000000000000000000e+02,1.008001001296735376e+04,1.017698226119336869e+04,2.750979270769414453e-04,2.751123438711940974e-04,1.470604152687315566e-04
3.000000000000000000e+02,1.017698226119336869e+04,1.027395450941938361e+04,1.942084937884436680e-04,1.942184927629972521e-04,1.420519320763997311e-04
3.000000000000000000e+02,1.027395450941938361e+04,1.037092675764540036e+04,1.290895854999047276e-04,1.291054202899001504e-04,1.606328326290210582e-04
3.000000000000000000e+02,1.037092675764540036e+04,1.046789900587141346e+04,7.915226413077835587e-05,7.917486423025503896e-05,1.928678434587719783e-04
3.000000000000000000e+02,1.046789900587141346e+04,1.056487125409742839e+04,4.327829788856056754e-05,4.331164830948079907e-05,2.285458896201046349e-04
3.000000000000000000e+02,1.056487125409742839e+04,1.066184350232344332e+04,1.983184374720319557e-05,1.987696275673297617e-05,2.581605922792681732e-04
3.000000000000000000e+02,1.066184350232344332e+04,1.075881575054946006e+04,6.694623634812133710e-06,6.696584050873467921e-06,2.738881078356718876e-04
3.000000000000000000e+02,1.075881575054946006e+04,1.085578799877547499e+04,1.141843579579809324e-06,1.095380853442462936e-06,2.705619889415676886e-04
3.000000000000000000e+02,1.085578799877547499e+04,1.095276024700148992e+04,1.293734160206363191e-18,1.154409750802208061e-12,2.466455112062749915e-04
3.000000000000000000e+02,1.095276024700148992e+04,1.104973249522750484e+04,0.000000000000000000e+00,4.923081313737353560e-12,2.052027184156174464e-04
3.000000000000000000e+02,1.104973249522750484e+04,1.114670474345351795e+04,6.815316623639398646e-08,-6.884928439156587235e-14,1.537916701720071818e-04
3.000000000000000000e+02,1.114670474345351795e+04,1.124367699167953469e+04,8.654254052512894982e-08,-1.487384939166343643e-11,1.017244674664156783e-04
3.000000000000000000e+02,1.124367699167953469e+04,1.134064923990554962e+04,7.950506616872366657e-08,1.472508344005271457e-12,5.720968870761599566e-05
3.000000000000000000e+02,1.134064923990554962e+04,1.143762148813156455e+04,5.330944441271805626e-09,3.856246617891474694e-12,2.506613263425235317e-05
3.000000000000000000e+02,1.143762148813156455e+04,1.153459373635757947e+04,6.071195691944506461e-19,2.563628564902264604e-12,6.648918952970987027e-06
3.000000000000000000e+02,1.153459373635757947e+04,1.163156598458359440e+04,3.620054419079532406e-08,2.229638701548865239e-12,-1.824844088177595282e-13
3.000000000000000000e+02,1.163156598458359440e+04,1.172853823280961115e+04,1.374918859268645627e-08,2.391464985630579532e-12,3.089175805021651909e-13
3.000000000000000000e+02,1.172853823280961115e+04,1.182551048103562607e+04,5.340368179538727771e-08,1.962753027655344300e-12,-2.267165819613524943e-13
3.000000000000000000e+02,1.182551048103562607e+04,1.192248272926163918e+04,2.852335747848835077e-08,1.620845193710908403e-12,-9.580258140906725732e-14
3.000000000000000000e+02,1.192248272926163918e+04,1.201945497748765411e+04,1.085374788602091205e-17,1.251584691248732336e-12,1.903415559535436631e-13
3.000000000000000000e+02,1.201945497748765411e+04,1.211642722571366903e+04,1.175950563498872188e-17,1.533481724476248493e-12,2.824450999530162995e-14
3.000000000000000000e+02,1.211642722571366903e+04,1.221339947393968578e+04,1.874852185657137023e-07,2.062040804167157623e-07,-1.145004408155819221e-13
3.000000000000000000e+02,1.221339947393968578e+04,1.231037172216570070e+04,1.170147032787574582e-06,1.185267963536622313e-06,-2.388434036569230425e-13
3.000000000000000000e+02,1.231037172216570070e+04,1.240734397039171381e+04,3.337682911638709202e-06,3.343478601153138931e-06,-1.730698291952381393e-13
3.000000000000000000e+02,1.240734397039171381e+04,1.250431621861773056e+04,6.888049723192591584e-06,6.940925990738285300e-06,2.638130841280397625e-13
3.000000000000000000e+02,1.250431621861773056e+04,1.260128846684374548e+04,1.210361602932484228e-05,1.208731075624889378e-05,2.246798095655648375e-13
3.000000000000000000e+02,1.260128846684374548e+04,1.269826071506975859e+04,1.872166357361068761e-05,1.874231410176116616e-05,-1.215692664108093248e-13
3.000000000000000000e+02,1.269826071506975859e+04,1.279523296329577533e+04,2.677021174879774557e-05,2.679334733331737334e-05,-1.863311899596640399e-13
3.000000000000000000e+02,1.279523296329577533e+04,1.289220521152178844e+04,3.607372309054367106e-05,3.606302724786887494e-05,1.680285104061771545e-13
3.000000000000000000e+02,1.289220521152178844e+04,1.298917745974780519e+04,4.629592565743194724e-05,4.631927718223247001e-05,1.765590750275538417e-13
3.000000000000000000e+02,1.298917745974780519e+04,1.308614970797382011e+04,5.734407570333165664e-05,5.733071907315355508e-05,-5.864457291015662535e-14
3.000000000000000000e+02,1.308614970797382011e+04,1.318312195619983686e+04,6.884940693899047092e-05,6.888469647344884603e-05,1.822856059573648522e-13
3.000000000000000000e+02,1.318312195619983686e+04,1.328009420442584997e+04,8.077224044662625142e-05,8.079843170904830562e-05,-1.064567353501787851e-13
3.000000000000000000e+02,1.328009420442584997e+04,1.337706645265186307e+04,9.290533095691650041e-05,9.287128402196948940e-05,1.777381876500372405e-07
3.000000000000000000e+02,1.337706645265186307e+04,1.347403870087787982e+04,1.049077990443076660e-04,1.049492144002483020e-04,4.775657470292322039e-07
3.650000000000000000e+02,1.845567216943971744e+03,1.942972153393792269e+03,1.675722614730722258e-04,1.675870581006403673e-04,1.676640337896249196e-04
3.650000000000000000e+02,1.942972153393792269e+03,2.040377089843613248e+03,1.390288268367361748e-04,1.390277529382014066e-04,1.390757641648513300e-04
3.650000000000000000e+02,2.040377089843613248e+03,2.137782026293433773e+03,1.109789130605876479e-04,1.109742082839081177e-04,1.109942005170682966e-04
3.650000000000000000e+02,2.137782026293433773e+03,2.235186962743254753e+03,8.427043654405649625e-05,8.427036532070046658e-05,8.426540195889927810e-05
3.650000000000000000e+02,2.235186962743254753e+03,2.332591899193075278e+03,5.993261995305874609e-05,5.993175956433375180e-05,5.990734419154288264e-05
3.650000000000000000e+02,2.332591899193075278e+03,2.429996835642896258e+03,3.897845945755706160e-05,3.897883447000722532e-05,3.894247523821852308e-05
3.650000000000000000e+02,2.429996835642896258e+03,2.527401772092716783e+03,2.226750830254808843e-05,2.226996874412158261e-05,2.223019787809371099e-05
3.650000000000000000e+02,2.527401772092716783e+03,2.624806708542537763e+03,1.035412106017886567e-05,1.033422362392179877e-05,1.029924002350580702e-05
3.650000000000000000e+02,2.624806708542537763e+03,2.722211644992358288e+03,3.206267509706051401e-06,3.203902907951827863e-06,3.179947988427006511e-06
3.650000000000000000e+02,2.722211644992358288e+03,2.819616581442179267e+03,2.114076811651022497e-07,2.470516814987828041e-07,2.366215788679101561e-07
3.650000000000000000e+02,2.819616581442179267e+03,2.917021517891999792e+03,4.283166054280962099e-19,1.013519026942535471e-12,-3.966331243341766914e-13
3.650000000000000000e+02,2.917021517891999792e+03,3.014426454341820772e+03,1.619634639547067456e-19,-2.949430892378092475e-12,4.365962925331408903e-13
3.650000000000000000e+02,3.014426454341820772e+03,3.111831390791641752e+03,1.971153897752114413e-05,1.969547870853909750e-05,1.968398596782698658e-05
3.650000000000000000e+02,3.111831390791641752e+03,3.209236327241462277e+03,8.853094109810526874e-05,8.850802167904155105e-05,8.848491477735243450e-05
3.650000000000000000e+02,3.209236327241462277e+03,3.306641263691282802e+03,2.343732141824074466e-04,2.343596017941472129e-04,2.343328269016077797e-04
3.650000000000000000e+02,3.306641263691282802e+03,3.404046200141103782e+03,4.835077797493112796e-04,4.835066420707377524e-04,4.834871534729748895e-04
3.650000000000000000e+02,3.404046200141103782e+03,3.501451136590923852e+03,8.603746890540112362e-04,8.603729630486830994e-04,8.603694041000771193e-04
3.650000000000000000e+02,3.501451136590923852e+03,3.598856073040744832e+03,1.387375090412517687e-03,1.387381431822661210e-03,1.387396382923816946e-03
3.650000000000000000e+02,3.598856073040744832e+03,3.696261009490565812e+03,2.084764940938059908e-03,2.084784836696904585e-03,2.084813842693798453e-03
3.650000000000000000e+02,3.696261009490565812e+03,3.793665945940386791e+03,2.970486887260775314e-03,2.970496826162391090e-03,2.970530423047280238e-03
3.650000000000000000e+02,3.793665945940386791e+03,3.891070882390207771e+03,4.059924525372219165e-03,4.059923607572926002e-03,4.059951653486135008e-03
3.650000000000000000e+02,3.891070882390207771e+03,3.988475818840028751e+03,5.359020182071455064e-03,5.359022424182777189e-03,5.359038803377959639e-03
3.650000000000000000e+02,3.988475818840028751e+03,4.085880755289848821e+03,6.810142493460259565e-03,6.810144125316662175e-03,6.810148451283105746e-03
3.650000000000000000e+02,4.085880755289848821e+03,4.183285691739669346e+03,8.311062139665785151e-03,8.311050253587826467e-03,8.311046492421640675e-03
3.650000000000000000e+02,4.183285691739669346e+03,4.280690628189489871e+03,9.859821542975624048e-03,9.859805864182849544e-03,9.859799495169636885e-03
3.650000000000000000e+02,4.280690628189489871e+03,4.378095564639311306e+03,1.157154227411848722e-02,1.157154288378498333e-02,1.157153822708534459e-02
3.650000000000000000e+02,4.378095564639311306e+03,4.475500501089131831e+03,1.350245509831335226e-02,1.350247254263356976e-02,1.350247123788109183e-02
3.650000000000000000e+02,4.475500501089131831e+03,4.572905437538953265e+03,1.552622826692405186e-02,1.552623264129109407e-02,1.552623372481546499e-02
3.650000000000000000e+02,4.572905437538953265e+03,4.670310373988773790e+03,1.748041133103946793e-02,1.748041244708031100e-02,1.748041379691226208e-02
3.650000000000000000e+02,4.670310373988773790e+03,4.767715310438594315e+03,1.934173293930016926e-02,1.934174403414186394e-02,1.934174431499686292e-02
3.650000000000000000e+02,4.767715310438594315e+03,4.865120246888414840e+03,2.123591479849227387e-02,2.123591588672665842e-02,2.123591570939388842e-02
3.650000000000000000e+02,4.865120246888414840e+03,4.962525183338235365e+03,2.322610609823713354e-02,2.322609867250717205e-02,2.322609988868027872e-02
3.650000000000000000e+02,4.962525183338235365e+03,5.059930119788055890e+03,2.522062295479990737e-02,2.522062676196447709e-02,2.522063020666419353e-02
3.650000000000000000e+02,5.059930119788055890e+03,5.157335056237877325e+03,2.703954203292533234e-02,2.703954569195018282e-02,2.703954944833380364e-02
3.650000000000000000e+02,5.157335056237877325e+03,5.254739992687697850e+03,2.850371381295959891e-02,2.850370970519057467e-02,2.850371025286604215e-02
3.650000000000000000e+02,5.254739992687697850e+03,5.352144929137519284e+03,2.959853731581321007e-02,2.959853452550033348e-02,2.959853023949711448e-02
3.650000000000000000e+02,5.352144929137519284e+03,5.449549865587339809e+03,3.051220647657368681e-02,3.051218518796513721e-02,3.051217807825583675e-02
3.650000000000000000e+02,5.449549865587339809e+03,5.546954802037159425e+03,3.143716214784210428e-02,3.143717142182287511e-02,3.143716517854144160e-02
3.650000000000000000e+02,5.546954802037159425e+03,5.644359738486980859e+03,3.239160692644194040e-02,3.239160650295783844e-02,3.239160435272375738e-02
3.650000000000000000e+02,5.644359738486980859e+03,5.741764674936801384e+03,3.317159764256540078e-02,3.317158350661785632e-02,3.317158766308424961e-02
3.650000000000000000e+02,5.741764674936801384e+03,5.839169611386621909e+03,3.356423846767642855e-02,3.356424712739315697e-02,3.356425711756657465e-02
3.650000000000000000e+02,5.839169611386621909e+03,5.936574547836443344e+03,3.344476314300380559e-02,3.344477443827718194e-02,3.344478493925189672e-02
3.650000000000000000e+02,5.936574547836443344e+03,6.033979484286263869e+03,3.283622149789339195e-02,3.283622802784282035e-02,3.283623164532674388e-02
3.650000000000000000e+02,6.033979484286263869e+03,6.131384420736085303e+03,3.184820492662739783e-02,3.184819582908781505e-02,3.184819004202116277e-02
3.650000000000000000e+02,6.131384420736085303e+03,6.228789357185904919e+03,3.069177619478065042e-02,3.069175367349231964e-02,3.069174325301657000e-02
3.650000000000000000e+02,6.228789357185904919e+03,6.326194293635725444e+03,2.954026374478878336e-02,2.954027968472980326e-02,2.954027145286529724e-02
3.650000000000000000e+02,6.326194293635725444e+03,6.423599230085546878e+03,2.852263270894770525e-02,2.852263108206061493e-02,2.852262838679541293e-02
3.650000000000000000e+02,6.423599230085546878e+03,6.521004166535367403e+03,2.767174035878728136e-02,2.767172990209334701e-02,2.767173226325657723e-02
3.650000000000000000e+02,6.521004166535367403e+03,6.618409102985188838e+03,2.689616010356564793e-02,2.689617196631379978e-02,2.689617699709281537e-02
3.650000000000000000e+02,6.618409102985188838e+03,6.715814039435009363e+03,2.601507324753895775e-02,2.601508911958982928e-02,2.601509389786418533e-02
3.650000000000000000e+02,6.715814039435009363e+03,6.813218975884829888e+03,2.489084736621672775e-02,2.489083399510730668e-02,2.489083682300342534e-02
3.650000000000000000e+02,6.813218975884829888e+03,6.910623912334649503e+03,2.350211670988850907e-02,2.350213002631931780e-02,2.350213145257032746e-02
3.650000000000000000e+02,6.910623912334649503e+03,7.008028848784470938e+03,2.196398396957129767e-02,2.196398337294246106e-02,2.196398447622924244e-02
3.650000000000000000e+02,7.008028848784470938e+03,7.105433785234291463e+03,2.041217630810904238e-02,2.041217355917122195e-02,2.041217374641144527e-02
3.650000000000000000e+02,7.105433785234291463e+03,7.202838721684112897e+03,1.888426395110038084e-02,1.888427279212302745e-02,1.888427031130264847e-02
3.650000000000000000e+02,7.202838721684112897e+03,7.300243658133933423e+03,1.740674906697144489e-02,1.740673587793751739e-02,1.740673063156108341e-02
3.650000000000000000e+02,7.300243658133933423e+03,7.397648594583754857e+03,1.602572862207923832e-02,1.602572194526115726e-02,1.602571710603980029e-02
3.650000000000000000e+02,7.397648594583754857e+03,7.495053531033575382e+03,1.472571158915650033e-02,1.472570957496459332e-02,1.472570924303940113e-02
3.650000000000000000e+02,7.495053531033575382e+03,7.592458467483394998e+03,1.351052218164922047e-02,1.351051990389639558e-02,1.351052454330420143e-02
3.650000000000000000e+02,7.592458467483394998e+03,7.689863403933215523e+03,1.241895012200245653e-02,1.241896311334400246e-02,1.241896792356704353e-02
3.650000000000000000e+02,7.689863403933215523e+03,7.787268340383036957e+03,1.143242704644206222e-02,1.143242881003975892e-02,1.143242725167267944e-02
3.650000000000000000e+02,7.787268340383036957e+03,7.884673276832857482e+03,1.057171629526493760e-02,1.057171956762863879e-02,1.057170948725990982e-02
3.650000000000000000e+02,7.884673276832857482e+03,7.982078213282678917e+03,9.780566198578663148e-03,9.780563341973287292e-03,9.780550292291896250e-03
3.650000000000000000e+02,7.982078213282678917e+03,8.079483149732499442e+03,8.939672738902802729e-03,8.939671254967335168e-03,8.939666849580914926e-03
3.650000000000000000e+02,8.079483149732499442e+03,8.176888086182320876e+03,8.024399755021562400e-03,8.024403307040522612e-03,8.024419947094907357e-03
3.650000000000000000e+02,8.176888086182320876e+03,8.274293022632142311e+03,7.115326754033553421e-03,7.115310705145556219e-03,7.115354315963664036e-03
3.650000000000000000e+02,8.274293022632142311e+03,8.371697959081962836e+03,6.314349361997727283e-03,6.314336741227570896e-03,6.314397173930309630e-03
3.650000000000000000e+02,8.371697959081962836e+03,8.469102895531781542e+03,5.639285496654182148e-03,5.639284529233584524e-03,5.639327468359757629e-03
3.650000000000000000e+02,8.469102895531781542e+03,8.566507831981603886e+03,5.071959087458612417e-03,5.071970272139215974e-03,5.071941933508147468e-03
3.650000000000000000e+02,8.566507831981603886e+03,8.663912768431424411e+03,4.510652438982340473e-03,4.510663813039327528e-03,4.510519599854152621e-03
3.650000000000000000e+02,8.663912768431424411e+03,8.761317704881244936e+03,3.911834857455137593e-03,3.911843216732486909e-03,3.911595555185626988e-03
3.650000000000000000e+02,8.761317704881244936e+03,8.858722641331065461e+03,3.330538602418968083e-03,3.330536506765297087e-03,3.330294037845279564e-03
3.650000000000000000e+02,8.858722641331065461e+03,8.956127577780885986e+03,2.946135730602602188e-03,2.946126334231517329e-03,2.946084885619366760e-03
3.650000000000000000e+02,8.956127577780885986e+03,9.053532514230708330e+03,2.812294321168056898e-03,2.812288007992775306e-03,2.812644918001408825e-03
3.650000000000000000e+02,9.053532514230708330e+03,9.150937450680527036e+03,2.832065876206289311e-03,2.832064866844348060e-03,2.832867172346438533e-03
3.650000000000000000e+02,9.150937450680527036e+03,9.248342387130347561e+03,2.842528708702647330e-03,2.842533629979043710e-03,2.843525938148671987e-03
3.650000000000000000e+02,9.248342387130347561e+03,9.345747323580169905e+03,2.643777588365227131e-03,2.643782503977246123e-03,2.644364681562176231e-03
3.650000000000000000e+02,9.345747323580169905e+03,9.443152260029990430e+03,2.194478843125482331e-03,2.194482221888579762e-03,2.193889899190022870e-03
3.650000000000000000e+02,9.443152260029990430e+03,9.540557196479810955e+03,1.591148346233048219e-03,1.591149613955010131e-03,1.588901157400247335e-03
3.650000000000000000e+02,9.540557196479810955e+03,9.637962132929631480e+03,1.021774474443952908e-03,1.021784344765581075e-03,1.018287098698643757e-03
3.650000000000000000e+02,9.637962132929631480e+03,9.735367069379452005e+03,6.171093304719633965e-04,6.171078167803297713e-04,6.141280602744455088e-04
3.650000000000000000e+02,9.735367069379452005e+03,9.832772005829272530e+03,3.963730834700387095e-04,3.963710805109024867e-04,3.969543663822813198e-04
3.650000000000000000e+02,9.832772005829272530e+03,9.930176942279093055e+03,3.202604462161532197e-04,3.202588156424601706e-04,3.277812399907415516e-04
3.650000000000000000e+02,9.930176942279093055e+03,1.002758187872891358e+04,3.297031944825866488e-04,3.296937413385594312e-04,3.461338025675970574e-04
3.650000000000000000e+02,1.002758187872891358e+04,1.012498681517873592e+04,4.213653154922863096e-04,4.213673484249970446e-04,4.455524502045875236e-04
3.650000000000000000e+02,1.012498681517873592e+04,1.022239175162855645e+04,5.678069603168041770e-04,5.678031604080526970e-04,5.948653670923928103e-04
3.650000000000000000e+02,1.022239175162855645e+04,1.031979668807837697e+04,7.145353681908737063e-04,7.145307462731458233e-04,7.374729326071987993e-04
3.650000000000000000e+02,1.031979668807837697e+04,1.041720162452819750e+04,8.249191815736432948e-04,8.249196317321978245e-04,8.372606254496737588e-04
3.650000000000000000e+02,1.041720162452819750e+04,1.051460656097801802e+04,8.787138234948725949e-04,8.787162038960891208e-04,8.763714078925561321e-04
3.650000000000000000e+02,1.051460656097801802e+04,1.061201149742783855e+04,8.692639744345313302e-04,8.692650848488837033e-04,8.516215980138145715e-04
3.650000000000000000e+02,1.061201149742783855e+04,1.070941643387765907e+04,8.007306065629303483e-04,8.007307830145308581e-04,7.709172405897788717e-04
3.650000000000000000e+02,1.070941643387765907e+04,1.080682137032747960e+04,6.853269258379556623e-04,6.853253436848420624e-04,6.496722206348130553e-04
3.650000000000000000e+02,1.080682137032747960e+04,1.090422630677730194e+04,5.405353483862301031e-04,5.405385487290429109e-04,5.072287779248116748e-04
3.650000000000000000e+02,1.090422630677730194e+04,1.100163124322712247e+04,3.863565120888570216e-04,3.863629400863488389e-04,3.632799720359057485e-04
3.650000000000000000e+02,1.100163124322712247e+04,1.109903617967694299e+04,2.425229842433948547e-04,2.425144426278988950e-04,2.342951503786221037e-04
3.650000000000000000e+02,1.109903617967694299e+04,1.119644111612676352e+04,1.256645466972823827e-04,1.256628928787872001e-04,1.310236360477485369e-04
3.650000000000000000e+02,1.119644111612676352e+04,1.129384605257658404e+04,4.666282083892023296e-05,4.667018304185193789e-05,5.863239267064393592e-05
3.650000000000000000e+02,1.129384605257658404e+04,1.139125098902640457e+04,7.815871344821620495e-06,7.813025189817855403e-06,1.696058668382262056e-05
3.650000000000000000e+02,1.139125098902640457e+04,1.148865592547622509e+04,1.632098388870580768e-19,8.023476986049206816e-15,7.713164298676860629e-07
3.650000000000000000e+02,1.148865592547622509e+04,1.158606086192604744e+04,1.223994208666906084e-19,1.441776027320751570e-14,-1.787721918158607440e-13
3.650000000000000000e+02,1.158606086192604744e+04,1.168346579837586796e+04,0.000000000000000000e+00,-7.648836199937745852e-14,4.862049290566302576e-14
3.650000000000000000e+02,1.168346579837586796e+04,1.178087073482568849e+04,0.000000000000000000e+00,1.727279493795406932e-13,-1.582028783687457189e-13
3.650000000000000000e+02,1.178087073482568849e+04,1.187827567127550901e+04,9.382685262652180333e-19,-1.054295089003387513e-13,1.137745600549711255e-13
3.650000000000000000e+02,1.187827567127550901e+04,1.197568060772532954e+04,0.000000000000000000e+00,-2.578781642094780478e-13,-3.999458769493869303e-14
3.650000000000000000e+02,1.197568060772532954e+04,1.207308554417515006e+04,2.302364241876564330e-19,-1.164413882195719322e-13,1.671454273525772253e-13
3.650000000000000000e+02,1.207308554417515006e+04,1.217049048062497059e+04,1.809424907278037331e-19,-2.081688552086933630e-13,1.955764431334270764e-13
3.650000000000000000e+02,1.217049048062497059e+04,1.226789541707479111e+04,0.000000000000000000e+00,-4.177430083981871560e-13,-1.795050762963163382e-13
3.650000000000000000e+02,1.226789541707479111e+04,1.236530035352461346e+04,0.000000000000000000e+00,-2.806958606214777666e-13,4.467987157657956826e-14
3.650000000000000000e+02,1.236530035352461346e+04,1.246270528997443216e+04,0.000000000000000000e+00,2.128514776431572128e-13,-2.306560641223929437e-13
3.650000000000000000e+02,1.246270528997443216e+04,1.256011022642425451e+04,0.000000000000000000e+00,-2.859994218564208616e-13,-6.585793693301272959e-14
3.650000000000000000e+02,1.256011022642425451e+04,1.265751516287407503e+04,6.943683627777990791e-22,-2.833862772996492815e-13,-2.252175789484128503e-13
3.650000000000000000e+02,1.265751516287407503e+04,1.275492009932389374e+04,1.705994289218012796e-18,-4.885799393091228489e-13,3.051811149089023180e-13
3.650000000000000000e+02,1.275492009932389374e+04,1.285232503577371608e+04,7.432951738611941677e-19,-2.985199966049179292e-13,9.196789970078896921e-14
3.650000000000000000e+02,1.285232503577371608e+04,1.294972997222353479e+04,1.186034005100554720e-18,-3.763378667058286833e-14,-1.049996393364093948e-13
3.650000000000000000e+02,1.294972997222353479e+04,1.304713490867335713e+04,2.529797609140975341e-18,-3.438095620455025994e-13,2.133289237150977497e-13
3.650000000000000000e+02,1.304713490867335713e+04,1.314453984512317766e+04,9.898614180153356257e-19,-1.526422871526203941e-13,2.302634863536357969e-07
3.650000000000000000e+02,1.314453984512317766e+04,1.324194478157300000e+04,9.749857289942006807e-19,-9.607608377359317536e-14,1.272871702318093240e-06
3.650000000000000000e+02,1.324194478157300000e+04,1.333934971802281871e+04,4.620945189979557850e-21,-3.213712375954533613e-13,3.183999068172787876e-06
3.650000000000000000e+02,1.333934971802281871e+04,1.343675465447263923e+04,2.595839057670952902e-18,8.852578145841238420e-14,5.711333351915547135e-06
3.650000000000000000e+02,1.343675465447263923e+04,1.353415959092246158e+04,0.000000000000000000e+00,-1.008025582572548244e-14,8.501096201090303770e-06
