terminal_index_level,recovered_density,exact_density
2.505000000000000000e+03,5.270288612657143071e-12,5.253696221285792605e-12
2.510000000000000000e+03,5.715665115135212068e-12,5.721171241163844106e-12
2.515000000000000000e+03,6.179598971883199867e-12,6.227950929770674985e-12
2.520000000000000000e+03,6.829106371330383754e-12,6.777140174308510167e-12
2.525000000000000000e+03,7.330154936618210770e-12,7.372072639026830833e-12
2.530000000000000000e+03,8.072449107414991894e-12,8.016326338665553563e-12
2.535000000000000000e+03,8.703399152592255365e-12,8.713740178382717640e-12
2.540000000000000000e+03,9.464250677658955290e-12,9.468431513781100356e-12
2.545000000000000000e+03,1.033644632834517287e-11,1.028481478721887170e-11
2.550000000000000000e+03,1.111585520768179321e-11,1.116762129926720721e-11
2.555000000000000000e+03,1.215506704679728484e-11,1.212192017694986686e-11
2.560000000000000000e+03,1.313860682310302008e-11,1.315314060328561610e-11
2.565000000000000000e+03,1.427060543356811218e-11,1.426709537564279751e-11
2.570000000000000000e+03,1.549539081538279990e-11,1.547000586351847811e-11
2.575000000000000000e+03,1.679440561427716444e-11,1.676852843956752638e-11
2.580000000000000000e+03,1.816764983025121065e-11,1.816978246104249843e-11
2.585000000000000000e+03,1.968935288038461050e-11,1.968137988225195324e-11
2.590000000000000000e+03,2.128528534759769202e-11,2.131145658221830134e-11
2.595000000000000000e+03,2.310390606604980238e-11,2.306870549541549038e-11
2.600000000000000000e+03,2.499675620158159441e-11,2.496241163728506571e-11
2.605000000000000000e+03,2.701950781700282127e-11,2.700248912018729385e-11
2.610000000000000000e+03,2.919071826658340501e-11,2.919952025952473848e-11
2.615000000000000000e+03,3.154750225886318322e-11,3.156479687399609634e-11
2.620000000000000000e+03,3.421976127373159397e-11,3.411036388829744199e-11
2.625000000000000000e+03,3.678067616298048546e-11,3.684906535107452616e-11
2.630000000000000000e+03,3.984263961751721042e-11,3.979459298557721511e-11
2.635000000000000000e+03,4.297883248913361059e-11,4.296153739523796164e-11
2.640000000000000000e+03,4.637482832052888043e-11,4.636544205133045656e-11
2.645000000000000000e+03,5.008629917451278282e-11,5.002286019493158215e-11
2.650000000000000000e+03,5.392767150838612328e-11,5.395141479063837147e-11
2.655000000000000000e+03,5.823297769900745961e-11,5.816986167486963146e-11
2.660000000000000000e+03,6.268674272378813989e-11,6.269815604710395104e-11
2.665000000000000000e+03,6.760444160531680313e-11,6.755752245809787211e-11
2.670000000000000000e+03,7.280050080089427422e-11,7.277052845497168913e-11
2.675000000000000000e+03,7.844193649894980947e-11,7.836116204903746395e-11
2.680000000000000000e+03,8.436173251105413966e-11,8.435491317842412211e-11
2.685000000000000000e+03,9.076401973417637160e-11,9.077885934385381340e-11
2.690000000000000000e+03,9.776014229393604396e-11,9.766175560242524908e-11
2.695000000000000000e+03,1.050717398762843230e-10,1.050341291108906539e-10
2.700000000000000000e+03,1.129586154410001237e-10,1.129283784167302826e-10
2.705000000000000000e+03,1.214393263423533389e-10,1.213788777022923568e-10
2.710000000000000000e+03,1.304582005175342122e-10,1.304220861944227568e-10
2.715000000000000000e+03,1.401822541549720517e-10,1.400966629592715450e-10
2.720000000000000000e+03,1.504444710662375494e-10,1.504435873094752368e-10
2.725000000000000000e+03,1.616345556909990130e-10,1.615062850585095487e-10
2.730000000000000000e+03,1.733813609438580664e-10,1.733307608648065610e-10
2.735000000000000000e+03,1.860374765559431799e-10,1.859657369161912428e-10
2.740000000000000000e+03,1.994915584016348664e-10,1.994627982133177064e-10
2.745000000000000000e+03,2.140219667949818434e-10,2.138765447190313075e-10
2.750000000000000000e+03,2.293503414219353677e-10,2.292647506490615176e-10
2.755000000000000000e+03,2.457364852422743023e-10,2.456885311880046780e-10
2.760000000000000000e+03,2.633474144444279037e-10,2.632125169233340449e-10
2.765000000000000000e+03,2.819789981314271038e-10,2.819050362990586358e-10
2.770000000000000000e+03,3.019652686801304151e-10,3.018383063997273855e-10
2.775000000000000000e+03,3.231948819649183507e-10,3.230886323846289596e-10
2.780000000000000000e+03,3.458719688827600304e-10,3.457366159014405491e-10
2.785000000000000000e+03,3.699965294336553507e-10,3.698673728180280592e-10
2.790000000000000000e+03,3.956799077432240053e-10,3.955707606207236048e-10
2.795000000000000000e+03,4.231262347084350107e-10,4.229416158371757434e-10
2.800000000000000000e+03,4.522056088493988706e-10,4.520800018517427053e-10
2.805000000000000000e+03,4.832891772515140127e-10,4.830914674913958803e-10
2.810000000000000000e+03,5.162284810806212418e-10,5.160873167702709999e-10
2.815000000000000000e+03,5.513761100678488210e-10,5.511848901911643562e-10
2.820000000000000000e+03,5.887506215674667598e-10,5.885078580126794992e-10
2.825000000000000000e+03,6.283520155794749547e-10,6.281865259011949839e-10
2.830000000000000000e+03,6.706071112520816545e-10,6.703581533972520537e-10
2.835000000000000000e+03,7.153860071053975181e-10,7.151672856367186839e-10
2.840000000000000000e+03,7.629856208077410394e-10,7.627660987777341880e-10
2.845000000000000000e+03,8.136100832560814933e-10,8.133147595951401345e-10
2.850000000000000000e+03,8.672408370961488705e-10,8.669817997151656225e-10
2.855000000000000000e+03,9.242119147048018904e-10,9.239445049737209115e-10
2.860000000000000000e+03,9.847274469790094143e-10,9.843893203928551835e-10
2.865000000000000000e+03,1.048843105981581470e-09,1.048512271280804921e-09
2.870000000000000000e+03,1.116837252026566439e-09,1.116519400972050339e-09
2.875000000000000000e+03,1.189006802782283435e-09,1.188627225734802740e-09
2.880000000000000000e+03,1.265388872957272063e-09,1.265063207384482410e-09
2.885000000000000000e+03,1.346540183179630328e-09,1.346066244152617991e-09
2.890000000000000000e+03,1.432275159906658343e-09,1.431887180371663370e-09
2.895000000000000000e+03,1.523243310537803950e-09,1.522789335547256599e-09
2.900000000000000000e+03,1.619518864490146361e-09,1.619049053400203058e-09
2.905000000000000000e+03,1.721454411494814303e-09,1.720956271471604717e-09
2.910000000000000000e+03,1.829365426574396280e-09,1.828815111895010017e-09
2.915000000000000000e+03,1.943456040625861774e-09,1.942944493950614458e-09
2.920000000000000000e+03,2.064264416923037744e-09,2.063678769026650527e-09
2.925000000000000000e+03,2.191957571654353861e-09,2.191368378624118096e-09
2.930000000000000000e+03,2.327092225447907922e-09,2.326380536051186488e-09
2.935000000000000000e+03,2.469705493012239530e-09,2.469099932463570907e-09
2.940000000000000000e+03,2.620651012643764978e-09,2.619929467917906974e-09
2.945000000000000000e+03,2.780040128468103493e-09,2.779291008114475270e-09
2.950000000000000000e+03,2.948466675821892890e-09,2.947626167515603752e-09
2.955000000000000000e+03,3.126171900310642257e-09,3.125397119535760157e-09
2.960000000000000000e+03,3.313953768167958063e-09,3.313087434508151823e-09
2.965000000000000000e+03,3.512127754416428604e-09,3.511202946142495887e-09
2.970000000000000000e+03,3.721232022329881461e-09,3.720272647196378054e-09
2.975000000000000000e+03,3.941860407244954863e-09,3.940849615092272964e-09
2.980000000000000000e+03,4.174569629789745365e-09,4.173511968219624717e-09
2.985000000000000000e+03,4.419953525300891611e-09,4.418863853669776207e-09
2.990000000000000000e+03,4.678698715886379187e-09,4.677536467158896556e-09
2.995000000000000000e+03,4.951436151591386340e-09,4.950189105901589116e-09
3.000000000000000000e+03,5.238778225106821102e-09,5.237510255204137049e-09
3.005000000000000000e+03,5.541597132083367911e-09,5.540218709553522197e-09
3.010000000000000000e+03,5.860449593149124978e-09,5.859064728983708537e-09
3.015000000000000000e+03,6.196300590726127822e-09,6.194831231506820017e-09
3.020000000000000000e+03,6.549892418985174332e-09,6.548335022401804001e-09
3.025000000000000000e+03,6.922023044159869737e-09,6.920428061157562234e-09
3.030000000000000000e+03,7.313731678089331248e-09,7.311998766872167557e-09
3.035000000000000000e+03,7.725779172298624489e-09,7.723973362913449883e-09
3.040000000000000000e+03,8.159149066564054368e-09,8.157317261648654411e-09
3.045000000000000000e+03,8.615010474204628781e-09,8.613036490054230937e-09
3.050000000000000000e+03,9.094179918808220690e-09,9.092179157018944790e-09
3.055000000000000000e+03,9.597993529882264147e-09,9.595836963153149967e-09
3.060000000000000000e+03,1.012739773249452942e-08,1.012514675392033248e-08
3.065000000000000000e+03,1.068359875467255821e-08,1.068129211690575883e-08
3.070000000000000000e+03,1.126798839798659109e-08,1.126550502403520918e-08
3.075000000000000000e+03,1.188156875956721311e-08,1.187906751955901815e-08
3.080000000000000000e+03,1.252606567336151714e-08,1.252331345461109238e-08
3.085000000000000000e+03,1.320235133502019423e-08,1.319963026915111831e-08
3.090000000000000000e+03,1.391241138145012525e-08,1.390946082209628246e-08
3.095000000000000000e+03,1.465739636861604208e-08,1.465430527044198106e-08
3.100000000000000000e+03,1.543882799956808424e-08,1.543572299816767361e-08
3.105000000000000000e+03,1.625869191121312763e-08,1.625533459571720596e-08
3.110000000000000000e+03,1.711826856099580145e-08,1.711482389083789592e-08
3.115000000000000000e+03,1.801959925788579140e-08,1.801594003155185624e-08
3.120000000000000000e+03,1.896424281964177579e-08,1.896049962202839492e-08
3.125000000000000000e+03,1.995437045671333268e-08,1.995038891211465550e-08
3.130000000000000000e+03,2.099159665892194521e-08,2.098756604127165689e-08
3.135000000000000000e+03,2.207844522644831976e-08,2.207406333765254514e-08
3.140000000000000000e+03,2.321641930498832316e-08,2.321198967304565934e-08
3.145000000000000000e+03,2.440815403884828472e-08,2.440353287439583481e-08
3.150000000000000000e+03,2.565583919583205190e-08,2.565096219259871252e-08
3.155000000000000000e+03,2.696168310109775145e-08,2.695663082924977073e-08
3.160000000000000000e+03,2.832830234159743668e-08,2.832297852201576901e-08
3.165000000000000000e+03,2.975794235719776322e-08,2.975253418927395781e-08
3.170000000000000000e+03,3.125364655399901010e-08,3.124791863464998720e-08
3.175000000000000000e+03,3.281782738805625743e-08,3.281184731206745562e-08
3.180000000000000000e+03,3.445326846250998965e-08,3.444713315189499396e-08
3.185000000000000000e+03,3.616319875700318631e-08,3.615668944876433630e-08
3.190000000000000000e+03,3.795019774377935862e-08,3.794353281160177930e-08
3.195000000000000000e+03,3.981779132014978976e-08,3.981078617639616922e-08
3.200000000000000000e+03,4.176885587602632100e-08,4.176168188220315934e-08
3.205000000000000000e+03,4.380712143961719218e-08,4.379956481085235357e-08
3.210000000000000000e+03,4.593576131850258790e-08,4.592789559080661461e-08
3.215000000000000000e+03,4.815837563941084902e-08,4.815025386558532687e-08
3.220000000000000000e+03,5.047884288938439030e-08,5.047034162713909213e-08
3.225000000000000000e+03,5.290072608044305354e-08,5.289198661453388144e-08
3.230000000000000000e+03,5.542833051877744283e-08,5.541914577826085139e-08
3.235000000000000000e+03,5.806534911788727245e-08,5.805590881047125744e-08
3.240000000000000000e+03,6.081636554427721378e-08,6.080650174138616690e-08
3.245000000000000000e+03,6.368551808794948615e-08,6.367529060210438329e-08
3.250000000000000000e+03,6.667740897276297740e-08,6.666678515399023078e-08
3.255000000000000000e+03,6.979665897993093743e-08,6.978564268479138175e-08
3.260000000000000000e+03,7.304805590685500091e-08,7.303667187158766988e-08
3.265000000000000000e+03,7.643674014066793414e-08,7.642483671064183441e-08
3.270000000000000000e+03,7.996751803612562797e-08,7.995526051417744782e-08
3.275000000000000000e+03,8.364599391421762314e-08,8.363322997406160690e-08
3.280000000000000000e+03,8.747741950620227579e-08,8.746419929233905077e-08
3.285000000000000000e+03,9.146749191984048686e-08,9.145379437850164886e-08
3.290000000000000000e+03,9.562203816437299003e-08,9.560781711334848269e-08
3.295000000000000000e+03,9.994694092110335364e-08,9.993224967923310095e-08
3.300000000000000000e+03,1.044485282478376114e-07,1.044332589564479673e-07
3.305000000000000000e+03,1.091329611861933988e-07,1.091172009854514132e-07
3.310000000000000000e+03,1.140069946131249456e-07,1.139906254945883027e-07
3.315000000000000000e+03,1.190771792746895578e-07,1.190602804928949359e-07
3.320000000000000000e+03,1.243506783096354047e-07,1.243331169275455494e-07
3.325000000000000000e+03,1.298344321684594232e-07,1.298162934054306063e-07
3.330000000000000000e+03,1.355359380222866712e-07,1.355171809782964515e-07
3.335000000000000000e+03,1.414628229437221192e-07,1.414433679908308844e-07
3.340000000000000000e+03,1.476227140053706580e-07,1.476026649910282840e-07
3.345000000000000000e+03,1.540239434592994947e-07,1.540031097020792769e-07
3.350000000000000000e+03,1.606744167384276800e-07,1.606529720550093176e-07
3.355000000000000000e+03,1.675830042580961143e-07,1.675607592812086651e-07
3.360000000000000000e+03,1.747582052865604953e-07,1.747352210639318667e-07
3.365000000000000000e+03,1.822090943700587792e-07,1.821853547477957320e-07
3.370000000000000000e+03,1.899449316283717218e-07,1.899204106052440053e-07
3.375000000000000000e+03,1.979752369842397183e-07,1.979498971588512811e-07
3.380000000000000000e+03,2.063097530486545021e-07,2.062835865583351905e-07
3.385000000000000000e+03,2.149586121370474772e-07,2.149315200110134808e-07
3.390000000000000000e+03,2.239319651222042244e-07,2.239040132644229986e-07
3.395000000000000000e+03,2.332404453681215138e-07,2.332116621397342334e-07
3.400000000000000000e+03,2.428951501726526517e-07,2.428653481145296703e-07
3.405000000000000000e+03,2.529069355880455879e-07,2.528762439534373340e-07
3.410000000000000000e+03,2.632875484195531764e-07,2.632558193850734765e-07
3.415000000000000000e+03,2.740485127841770122e-07,2.740158468236336428e-07
3.420000000000000000e+03,2.852021693225065963e-07,2.851684071334423616e-07
3.425000000000000000e+03,2.967607287736516364e-07,2.967258954346799667e-07
3.430000000000000000e+03,3.087368658105783503e-07,3.087010269484373173e-07
3.435000000000000000e+03,3.211439046136525561e-07,3.211068428791910037e-07
3.440000000000000000e+03,3.339948353308633025e-07,3.339567163327024775e-07
3.445000000000000000e+03,3.473036687646843091e-07,3.472643582672938265e-07
3.450000000000000000e+03,3.610843043734637055e-07,3.610438234763542367e-07
3.455000000000000000e+03,3.753513467950119903e-07,3.753095165999023316e-07
3.460000000000000000e+03,3.901191594215340677e-07,3.900761981628970704e-07
3.465000000000000000e+03,4.054032747585538793e-07,4.053589906379797768e-07
3.470000000000000000e+03,4.212190397380525407e-07,4.211733845302409827e-07
3.475000000000000000e+03,4.375822095538052792e-07,4.375352444814779241e-07
3.480000000000000000e+03,4.545091517922782516e-07,4.544608153914442587e-07
3.485000000000000000e+03,4.720165124002514571e-07,4.719667285534278221e-07
3.490000000000000000e+03,4.901212713568819291e-07,4.900700078014408885e-07
3.495000000000000000e+03,5.088407612310577270e-07,5.087880756663093064e-07
3.500000000000000000e+03,5.281930012137749170e-07,5.281387595377700624e-07
3.505000000000000000e+03,5.481960847254467487e-07,5.481402978296634271e-07
3.510000000000000000e+03,5.688687361365317107e-07,5.688113461453033486e-07
3.515000000000000000e+03,5.902300138498646903e-07,5.901709834398909595e-07
3.520000000000000000e+03,6.122993659727207481e-07,6.122387181769088562e-07
3.525000000000000000e+03,6.350968530050655568e-07,6.350344944753189300e-07
3.530000000000000000e+03,6.586427581351163922e-07,6.585786982442672028e-07
3.535000000000000000e+03,6.829580882879065732e-07,6.828921633020264391e-07
3.540000000000000000e+03,7.080638689458238335e-07,7.079961774757729430e-07
3.545000000000000000e+03,7.339820534589697734e-07,7.339124886787398465e-07
3.550000000000000000e+03,7.607347065215711066e-07,7.606633109612618779e-07
3.555000000000000000e+03,7.883447093514428762e-07,7.882713305321460246e-07
3.560000000000000000e+03,8.168350173958167266e-07,8.167597117466948271e-07
3.565000000000000000e+03,8.462294768549295505e-07,8.461521030577405901e-07
3.570000000000000000e+03,8.765520267157895742e-07,8.764726429259069227e-07
3.575000000000000000e+03,9.078274596037014424e-07,9.077459656853127448e-07
3.580000000000000000e+03,9.400808279469295978e-07,9.399972073608305624e-07
3.585000000000000000e+03,9.733377965664293066e-07,9.732520114330142000e-07
3.590000000000000000e+03,1.007624605561138041e-06,1.007536534546702654e-06
3.595000000000000000e+03,1.042967754832953493e-06,1.042877452159287034e-06
3.600000000000000000e+03,1.079394523692652221e-06,1.079301964124584267e-06
3.605000000000000000e+03,1.116932785286348039e-06,1.116837800208147918e-06
3.610000000000000000e+03,1.155610598333696579e-06,1.155513225529935576e-06
3.615000000000000000e+03,1.195456856635296537e-06,1.195357045930051023e-06
3.620000000000000000e+03,1.236500955040311050e-06,1.236398613253349333e-06
3.625000000000000000e+03,1.278772622430280816e-06,1.278667830548587788e-06
3.630000000000000000e+03,1.322302589783876685e-06,1.322195157177859054e-06
3.635000000000000000e+03,1.367121662309186953e-06,1.367011613831804444e-06
3.640000000000000000e+03,1.413261517409950117e-06,1.413148787446366371e-06
3.645000000000000000e+03,1.460754296423761975e-06,1.460638836016566159e-06
3.650000000000000000e+03,1.509632771638262506e-06,1.509514493302815617e-06
3.655000000000000000e+03,1.559930160717595954e-06,1.559809073425399919e-06
3.660000000000000000e+03,1.611680349390658092e-06,1.611556475342399024e-06
3.665000000000000000e+03,1.664918114139351528e-06,1.664791187206792120e-06
3.670000000000000000e+03,1.719678045872034719e-06,1.719548290597946663e-06
3.675000000000000000e+03,1.775996368544243208e-06,1.775863464623057995e-06
3.680000000000000000e+03,1.833908916407072256e-06,1.833772989883878753e-06
3.685000000000000000e+03,1.893452878398477877e-06,1.893313752304228039e-06
3.690000000000000000e+03,1.954665387784355065e-06,1.954523246813510696e-06
3.695000000000000000e+03,2.017585062418939303e-06,2.017439580881818847e-06
3.700000000000000000e+03,2.082250241796152288e-06,2.082101477901853026e-06
3.705000000000000000e+03,2.148700341736462679e-06,2.148548280413105234e-06
3.710000000000000000e+03,2.216975409010386066e-06,2.216819953163653074e-06
3.715000000000000000e+03,2.287115954322292803e-06,2.286957086004999033e-06
3.720000000000000000e+03,2.359163267785434226e-06,2.359000896615231008e-06
3.725000000000000000e+03,2.433159196233687979e-06,2.432993233046053769e-06
3.730000000000000000e+03,2.509146068992144589e-06,2.508976576088985660e-06
3.735000000000000000e+03,2.587167198925670002e-06,2.586994041456220681e-06
3.740000000000000000e+03,2.667266195816797414e-06,2.667089381771536656e-06
3.745000000000000000e+03,2.749487578758422436e-06,2.749306988366833054e-06
3.750000000000000000e+03,2.833876367892001521e-06,2.833691892879616074e-06
3.755000000000000000e+03,2.920478010178143196e-06,2.920289768647156847e-06
3.760000000000000000e+03,3.009339103133419761e-06,3.009146931892713653e-06
3.765000000000000000e+03,3.100506504077360881e-06,3.100310342699537640e-06
3.770000000000000000e+03,3.194027775508962083e-06,3.193827605768202026e-06
3.775000000000000000e+03,3.289951222221387024e-06,3.289746970952918790e-06
3.780000000000000000e+03,3.388325724285783365e-06,3.388117333572630159e-06
3.785000000000000000e+03,3.489200774165988002e-06,3.488988234492624472e-06
3.790000000000000000e+03,3.592626643734718816e-06,3.592409859972381949e-06
3.795000000000000000e+03,3.698654124470613067e-06,3.698433041275666374e-06
3.800000000000000000e+03,3.807334731589122264e-06,3.807109254038723642e-06
3.805000000000000000e+03,3.918720407124850408e-06,3.918490617392448998e-06
3.810000000000000000e+03,4.032864132324235612e-06,4.032629892834826942e-06
3.815000000000000000e+03,4.149819278138159868e-06,4.149580482849542043e-06
3.820000000000000000e+03,4.269639772238131053e-06,4.269396429267033712e-06
3.825000000000000000e+03,4.392380358819245796e-06,4.392132411364195150e-06
3.830000000000000000e+03,4.518096375911936077e-06,4.517843743699236855e-06
3.835000000000000000e+03,4.646843662595201066e-06,4.646586373677762860e-06
3.840000000000000000e+03,4.778678985815751157e-06,4.778416878846946854e-06
3.845000000000000000e+03,4.913659353765905300e-06,4.913392463914160858e-06
3.850000000000000000e+03,5.051842702505692817e-06,5.051570957486822492e-06
3.855000000000000000e+03,5.193287543373127462e-06,5.193010808530114204e-06
3.860000000000000000e+03,5.338052758853308321e-06,5.337771082539610683e-06
3.865000000000000000e+03,5.486198159299044853e-06,5.485911457425553394e-06
3.870000000000000000e+03,5.637783963324945554e-06,5.637492219106059180e-06
3.875000000000000000e+03,5.792871168954493972e-06,5.792574256806215304e-06
3.880000000000000000e+03,5.951521163915615837e-06,5.951219058060460550e-06
3.885000000000000000e+03,6.113795911214218771e-06,6.113488703415713810e-06
3.890000000000000000e+03,6.279758431625402625e-06,6.279445860832338925e-06
3.895000000000000000e+03,6.449471727366913787e-06,6.449153779781117861e-06
3.900000000000000000e+03,6.622999468721252925e-06,6.622676285033548836e-06
3.905000000000000000e+03,6.800406495084239640e-06,6.800077770143491569e-06
3.910000000000000000e+03,6.981757256147252194e-06,6.981423190617942967e-06
3.915000000000000000e+03,7.167117704747365347e-06,7.166778056775544801e-06
3.920000000000000000e+03,7.356553571033404687e-06,7.356208426290150971e-06
3.925000000000000000e+03,7.550131680038095807e-06,7.549780896418758966e-06
3.930000000000000000e+03,7.747918968138289305e-06,7.747562595911789565e-06
3.935000000000000000e+03,7.949983318135905543e-06,7.949621176604328184e-06
3.940000000000000000e+03,8.156392594275510576e-06,8.156024804687222508e-06
3.945000000000000000e+03,8.367215755685569612e-06,8.366842151657136840e-06
3.950000000000000000e+03,8.582521687265132315e-06,8.582142384943965675e-06
3.955000000000000000e+03,8.802380424469213822e-06,8.801995158215631906e-06
3.960000000000000000e+03,9.026861687277808554e-06,9.026470601358940664e-06
3.965000000000000000e+03,9.256036346226871321e-06,9.255639310136412571e-06
3.970000000000000000e+03,9.489975327524420706e-06,9.489572335518384877e-06
3.975000000000000000e+03,9.728750132656459722e-06,9.728341172690602428e-06
3.980000000000000000e+03,9.972432764157556880e-06,9.972017749736617433e-06
3.985000000000000000e+03,1.022109544725052901e-05,1.022067441599580103e-05
3.990000000000000000e+03,1.047481116800971878e-05,1.047438393009678535e-05
3.995000000000000000e+03,1.073365263414916182e-05,1.073321944766680035e-05
4.000000000000000000e+03,1.099769403797121987e-05,1.099725450871758120e-05
4.005000000000000000e+03,1.126700868102526648e-05,1.126656302470869168e-05
4.010000000000000000e+03,1.154167110820340118e-05,1.154121926528868708e-05
4.015000000000000000e+03,1.182175593862714413e-05,1.182129784471581910e-05
4.020000000000000000e+03,1.210733808833568106e-05,1.210687370795910948e-05
4.025000000000000000e+03,1.239849278884322517e-05,1.239802211648121879e-05
4.030000000000000000e+03,1.269529562425371393e-05,1.269481863370487724e-05
4.035000000000000000e+03,1.299782247558876221e-05,1.299733911016422597e-05
4.040000000000000000e+03,1.330614935377145405e-05,1.330565966834349828e-05
4.045000000000000000e+03,1.362035280788815606e-05,1.361985668720449063e-05
4.050000000000000000e+03,1.394050920145169006e-05,1.394000678640563412e-05
4.055000000000000000e+03,1.426669582584258827e-05,1.426618681021465520e-05
4.060000000000000000e+03,1.459898910024573290e-05,1.459847381111762243e-05
4.065000000000000000e+03,1.493746681709022504e-05,1.493694503312689344e-05
4.070000000000000000e+03,1.528220617496983127e-05,1.528167789479112815e-05
4.075000000000000000e+03,1.563328472506804074e-05,1.563274997191030753e-05
4.080000000000000000e+03,1.599078024125659769e-05,1.599023897995902242e-05
4.085000000000000000e+03,1.635477046029254282e-05,1.635422275622138647e-05
4.090000000000000000e+03,1.672533345296528594e-05,1.672477924164134786e-05
4.095000000000000000e+03,1.710254723439218321e-05,1.710198646239179438e-05
4.100000000000000000e+03,1.748648970834645313e-05,1.748592251116664502e-05
4.105000000000000000e+03,1.787723931676459845e-05,1.787666552820022734e-05
4.110000000000000000e+03,1.827487396341984441e-05,1.827429368201746778e-05
4.115000000000000000e+03,1.867947192323250245e-05,1.867888514991998390e-05
4.120000000000000000e+03,1.909111141545081683e-05,1.909051809821263557e-05
4.125000000000000000e+03,1.950987047374949383e-05,1.950927066217438059e-05
4.130000000000000000e+03,1.993582720603265693e-05,1.993522092577976724e-05
4.135000000000000000e+03,2.036905973876178310e-05,2.036844690117478723e-05
4.140000000000000000e+03,2.080964579013654941e-05,2.080902650791312340e-05
4.145000000000000000e+03,2.125766328248754474e-05,2.125703755195817922e-05
4.150000000000000000e+03,2.171318997112914971e-05,2.171255770445540320e-05
4.155000000000000000e+03,2.217630311032719467e-05,2.217566448028199255e-05
4.160000000000000000e+03,2.264708028837988246e-05,2.264643521637892652e-05
4.165000000000000000e+03,2.312559861109420898e-05,2.312494704987161403e-05
4.170000000000000000e+03,2.361193472034330308e-05,2.361127689598493937e-05
4.175000000000000000e+03,2.410616572193415385e-05,2.410550142575975662e-05
4.180000000000000000e+03,2.460836764534720896e-05,2.460769704357592509e-05
4.185000000000000000e+03,2.511861677986587131e-05,2.511793986449024094e-05
4.190000000000000000e+03,2.563698891372498338e-05,2.563630569139403558e-05
4.195000000000000000e+03,2.616355944545494124e-05,2.616286999199900922e-05
4.200000000000000000e+03,2.669840353234053578e-05,2.669770787565666661e-05
4.205000000000000000e+03,2.724159603474889232e-05,2.724089407002021468e-05
4.210000000000000000e+03,2.779321094085148623e-05,2.779250289755399100e-05
4.215000000000000000e+03,2.835332233160656355e-05,2.835260825189999770e-05
4.220000000000000000e+03,2.892200387971057384e-05,2.892128357410726349e-05
4.225000000000000000e+03,2.949932807018929763e-05,2.949860182873282940e-05
4.230000000000000000e+03,3.008536783344501213e-05,3.008463547982094812e-05
4.235000000000000000e+03,3.068019465240637365e-05,3.067945646676971936e-05
4.240000000000000000e+03,3.128388026980497683e-05,3.128313618009129058e-05
4.245000000000000000e+03,3.189649550050472964e-05,3.189574543707548906e-05
4.250000000000000000e+03,3.251811019438709228e-05,3.251735445736358721e-05
4.255000000000000000e+03,3.314879438690708665e-05,3.314803283844125080e-05
4.260000000000000000e+03,3.378861674027550392e-05,3.378784953105916068e-05
4.265000000000000000e+03,3.443764565690019360e-05,3.443687281458810811e-05
4.270000000000000000e+03,3.509594872266539863e-05,3.509517027231947331e-05
4.275000000000000000e+03,3.576359266981707558e-05,3.576280876671802630e-05
4.280000000000000000e+03,3.644064382233938457e-05,3.643985441463606234e-05
4.285000000000000000e+03,3.712716727943110974e-05,3.712637256249764730e-05
4.290000000000000000e+03,3.782322784337335955e-05,3.782242776146250708e-05
4.295000000000000000e+03,3.852888909166185294e-05,3.852808374257674404e-05
4.300000000000000000e+03,3.924421385949816363e-05,3.924340339192119526e-05
4.305000000000000000e+03,3.996926423978965906e-05,3.996844872576534730e-05
4.310000000000000000e+03,4.070410147180545421e-05,4.070328086573613170e-05
4.315000000000000000e+03,4.144878557002924069e-05,4.144796001401072878e-05
4.320000000000000000e+03,4.220337580665056487e-05,4.220254542854301547e-05
4.325000000000000000e+03,4.296793056310595270e-05,4.296709539833126046e-05
4.330000000000000000e+03,4.374250703316126114e-05,4.374166721873869434e-05
4.335000000000000000e+03,4.452716163117349498e-05,4.452631716687456478e-05
4.340000000000000000e+03,4.532194943537009451e-05,4.532110047704473646e-05
4.345000000000000000e+03,4.612692474456967499e-05,4.612607131628300992e-05
4.350000000000000000e+03,4.694214044723190042e-05,4.694128275997097892e-05
4.355000000000000000e+03,4.776764876375167633e-05,4.776678676755552038e-05
4.360000000000000000e+03,4.860350020724734906e-05,4.860263415837441983e-05
4.365000000000000000e+03,4.944974469700187962e-05,4.944887458759978190e-05
4.370000000000000000e+03,5.030643063059521804e-05,5.030555652230673391e-05
4.375000000000000000e+03,5.117360510659249746e-05,5.117272721767876606e-05
4.380000000000000000e+03,5.205131433280585097e-05,5.205043269335846314e-05
4.385000000000000000e+03,5.293960295822965306e-05,5.293871770995184730e-05
4.390000000000000000e+03,5.383851451841701631e-05,5.383762574569839378e-05
4.395000000000000000e+03,5.474809113856213597e-05,5.474719897331281127e-05
4.400000000000000000e+03,5.566837371907382457e-05,5.566747823701056753e-05
4.405000000000000000e+03,5.659940167577255670e-05,5.659850302972566430e-05
4.410000000000000000e+03,5.754121316257869700e-05,5.754031147052803420e-05
4.415000000000000000e+03,5.849384492305370630e-05,5.849294028225347514e-05
4.420000000000000000e+03,5.945733225328541445e-05,5.945642476935196339e-05
4.425000000000000000e+03,6.043170900188799991e-05,6.043079879596528889e-05
4.430000000000000000e+03,6.141700745865788936e-05,6.141609476424242907e-05
4.435000000000000000e+03,6.241325879995027464e-05,6.241234359290260864e-05
4.440000000000000000e+03,6.342049219792603816e-05,6.341957469605250311e-05
4.445000000000000000e+03,6.443873571130486139e-05,6.443781596227054912e-05
4.450000000000000000e+03,6.546801546884155733e-05,6.546709373396312516e-05
4.455000000000000000e+03,6.650835652296437040e-05,6.650743278700465785e-05
4.460000000000000000e+03,6.755978184767790309e-05,6.755885631066719653e-05
4.465000000000000000e+03,6.862231304374252034e-05,6.862138588785214155e-05
4.470000000000000000e+03,6.969597015310084211e-05,6.969504147562729731e-05
4.475000000000000000e+03,7.078077147330415447e-05,7.077984138608353474e-05
4.480000000000000000e+03,7.187673363174190483e-05,7.187580226751443739e-05
4.485000000000000000e+03,7.298387151141222026e-05,7.298293908593051892e-05
4.490000000000000000e+03,7.410219854783957653e-05,7.410126510691435436e-05
4.495000000000000000e+03,7.523172609812479384e-05,7.523079187782605770e-05
4.500000000000000000e+03,7.637246403478033414e-05,7.637152921036439144e-05
4.505000000000000000e+03,7.752442059727151407e-05,7.752348516349532573e-05
4.510000000000000000e+03,7.868760187241051311e-05,7.868666602675224847e-05
4.515000000000000000e+03,7.986201227684767208e-05,7.986107630391705572e-05
4.520000000000000000e+03,8.104765477975965334e-05,8.104671869708961673e-05
4.525000000000000000e+03,8.224453012344062246e-05,8.224359409115184806e-05
4.530000000000000000e+03,8.345263730579349250e-05,8.345170153863488039e-05
4.535000000000000000e+03,8.467197365455918874e-05,8.467103824499589120e-05
4.540000000000000000e+03,8.590253441905506225e-05,8.590159955431102713e-05
4.545000000000000000e+03,8.714431302997767577e-05,8.714337893539181562e-05
4.550000000000000000e+03,8.839730124786172622e-05,8.839636796833230312e-05
4.555000000000000000e+03,8.966148868058886826e-05,8.966055633149068720e-05
4.560000000000000000e+03,9.093686278338756525e-05,9.093593178891551225e-05
4.565000000000000000e+03,9.222340997227452728e-05,9.222248017822048092e-05
4.570000000000000000e+03,9.352111365697501389e-05,9.352018539891308554e-05
4.575000000000000000e+03,9.482995594819951517e-05,9.482902940118544837e-05
4.580000000000000000e+03,9.614991687823483857e-05,9.614899217517140957e-05
4.585000000000000000e+03,9.748097454940296374e-05,9.748005174067442984e-05
4.590000000000000000e+03,9.882310468868446454e-05,9.882218413737433108e-05
4.595000000000000000e+03,1.001762816498157722e-04,1.001753634155158970e-04
4.600000000000000000e+03,1.015404774111919257e-04,1.015395616270856088e-04
4.605000000000000000e+03,1.029156619098990156e-04,1.029147488174798496e-04
4.610000000000000000e+03,1.043018032644023980e-04,1.043008930176717334e-04
4.615000000000000000e+03,1.056988674776290532e-04,1.056979602368776703e-04
4.620000000000000000e+03,1.071068185483117199e-04,1.071059144557312564e-04
4.625000000000000000e+03,1.085256183967593999e-04,1.085247176199667120e-04
4.630000000000000000e+03,1.099552268648574800e-04,1.099543296346156354e-04
4.635000000000000000e+03,1.113956019016411450e-04,1.113947083587233061e-04
4.640000000000000000e+03,1.128466993406072850e-04,1.128458096005829252e-04
4.645000000000000000e+03,1.143084727512555049e-04,1.143075871134979164e-04
4.650000000000000000e+03,1.157808740700381968e-04,1.157799925920693733e-04
4.655000000000000000e+03,1.172638527467224022e-04,1.172629756690159056e-04
4.660000000000000000e+03,1.187573565237984410e-04,1.187564839125255557e-04
4.665000000000000000e+03,1.202613305828418281e-04,1.202604628241451965e-04
4.670000000000000000e+03,1.217757188806426415e-04,1.217748558372067438e-04
4.675000000000000000e+03,1.233004621821260824e-04,1.232996043157949962e-04
4.680000000000000000e+03,1.248355002872349043e-04,1.248346475542579548e-04
4.685000000000000000e+03,1.263807699896204236e-04,1.263799227772612911e-04
4.690000000000000000e+03,1.279362068581486281e-04,1.279353651403881140e-04
4.695000000000000000e+03,1.295017436409676712e-04,1.295009077312880071e-04
4.700000000000000000e+03,1.310773116758667345e-04,1.310764815713713930e-04
4.705000000000000000e+03,1.326628394428024853e-04,1.326620156180558917e-04
4.710000000000000000e+03,1.342582545309784891e-04,1.342574367675622069e-04
4.715000000000000000e+03,1.358634811150453015e-04,1.358626698582596215e-04
4.720000000000000000e+03,1.374784422190973468e-04,1.374776376745638672e-04
4.725000000000000000e+03,1.391030588630348479e-04,1.391022609513862293e-04
4.730000000000000000e+03,1.407372492460402206e-04,1.407364583791322066e-04
4.735000000000000000e+03,1.423809304167398301e-04,1.423801466092528163e-04
4.740000000000000000e+03,1.440340167886158232e-04,1.440332402603454812e-04
4.745000000000000000e+03,1.456964209936443058e-04,1.456956519248048232e-04
4.750000000000000000e+03,1.473680535482629536e-04,1.473672921760220650e-04
4.755000000000000000e+03,1.490488232616328968e-04,1.490480695761334966e-04
4.760000000000000000e+03,1.507386363820003520e-04,1.507378906843131322e-04
4.765000000000000000e+03,1.524373976359085522e-04,1.524366600656123724e-04
4.770000000000000000e+03,1.541450096714768988e-04,1.541442803003425816e-04
4.775000000000000000e+03,1.558613727614836580e-04,1.558606519939984925e-04
4.780000000000000000e+03,1.575863860281509379e-04,1.575856737877225999e-04
4.785000000000000000e+03,1.593199459214419207e-04,1.593192423693043109e-04
4.790000000000000000e+03,1.610619469613550016e-04,1.610612524847158012e-04
4.795000000000000000e+03,1.628122824059883504e-04,1.628115969501792127e-04
4.800000000000000000e+03,1.645708428040665045e-04,1.645701666647628333e-04
4.805000000000000000e+03,1.663375174795285916e-04,1.663368506235034933e-04
4.810000000000000000e+03,1.681121931211694120e-04,1.681115359310526327e-04
4.815000000000000000e+03,1.698947553414573196e-04,1.698941078158401554e-04
4.820000000000000000e+03,1.716850871919456737e-04,1.716844496447552315e-04
4.825000000000000000e+03,1.734830706478612784e-04,1.734824429383399541e-04
4.830000000000000000e+03,1.752885847894837437e-04,1.752879673864888579e-04
4.835000000000000000e+03,1.771015079176838070e-04,1.771009008646543263e-04
4.840000000000000000e+03,1.789217161435642804e-04,1.789211194505515451e-04
4.845000000000000000e+03,1.807490833884603217e-04,1.807484974413561709e-04
4.850000000000000000e+03,1.825834826458392528e-04,1.825829073713952590e-04
4.855000000000000000e+03,1.844247843482536180e-04,1.844242200303224208e-04
4.860000000000000000e+03,1.862728577405851774e-04,1.862723044817729599e-04
4.865000000000000000e+03,1.881275701748656378e-04,1.881270280824950795e-04
4.870000000000000000e+03,1.899887871473912517e-04,1.899882565019518513e-04
4.875000000000000000e+03,1.918563730781317161e-04,1.918558537423844580e-04
4.880000000000000000e+03,1.937301898632565764e-04,1.937296821593374957e-04
4.885000000000000000e+03,1.956100983597235023e-04,1.956096024826357112e-04
4.890000000000000000e+03,1.974959579399018057e-04,1.974954738378073484e-04
4.895000000000000000e+03,1.993876257863930624e-04,1.993871537679491187e-04
4.900000000000000000e+03,2.012849581539310670e-04,2.012844982560241464e-04
4.905000000000000000e+03,2.031878094786289748e-04,2.031873617475892587e-04
4.910000000000000000e+03,2.050960324522085529e-04,2.050955971739431085e-04
4.915000000000000000e+03,2.070094787271797745e-04,2.070090559756888697e-04
4.920000000000000000e+03,2.089279983230054542e-04,2.089275881267045913e-04
4.925000000000000000e+03,2.108514395147570181e-04,2.108510421585156559e-04
4.930000000000000000e+03,2.127796498352118356e-04,2.127792651850580661e-04
4.935000000000000000e+03,2.147124744418058701e-04,2.147121029278312295e-04
4.940000000000000000e+03,2.166497583435162842e-04,2.166493997414277765e-04
4.945000000000000000e+03,2.185913438770611527e-04,2.185909986394359624e-04
4.950000000000000000e+03,2.205370733791586042e-04,2.205367413207048183e-04
4.955000000000000000e+03,2.224867868111854701e-04,2.224864681959678190e-04
4.960000000000000000e+03,2.244403235777978425e-04,2.244400184148113823e-04
4.965000000000000000e+03,2.263975213021458539e-04,2.263972298929868977e-04
4.970000000000000000e+03,2.283582171620031809e-04,2.283579393400535988e-04
4.975000000000000000e+03,2.303222462938344837e-04,2.303219822873456941e-04
4.980000000000000000e+03,2.322894432402690303e-04,2.322891931162558135e-04
4.985000000000000000e+03,2.342596411706920683e-04,2.342594050868269375e-04
4.990000000000000000e+03,2.362326724379649676e-04,2.362324503666403408e-04
4.995000000000000000e+03,2.382083678361315968e-04,2.382081600599981672e-04
5.000000000000000000e+03,2.401865580107768344e-04,2.401863642373852962e-04
5.005000000000000000e+03,2.421670711950295546e-04,2.421668919652059180e-04
5.010000000000000000e+03,2.441497362900834646e-04,2.441495713357847092e-04
5.015000000000000000e+03,2.461343798589054645e-04,2.461342294976225781e-04
5.020000000000000000e+03,2.481208285015773507e-04,2.481206926859006660e-04
5.025000000000000000e+03,2.501089076305101086e-04,2.501087862532222765e-04
5.030000000000000000e+03,2.520984412106410722e-04,2.520983347005829205e-04
5.035000000000000000e+03,2.540892534667107136e-04,2.540891617085604820e-04
5.040000000000000000e+03,2.560811671759855826e-04,2.560810901687179410e-04
5.045000000000000000e+03,2.580740042620943220e-04,2.580739422152038558e-04
5.050000000000000000e+03,2.600675863888622197e-04,2.600675392565492475e-04
5.055000000000000000e+03,2.620617342180177204e-04,2.620617020076451676e-04
5.060000000000000000e+03,2.640562675576508199e-04,2.640562505218953097e-04
5.065000000000000000e+03,2.660510062529662483e-04,2.660510042235322272e-04
5.070000000000000000e+03,2.680457688130393401e-04,2.680457819400901645e-04
5.075000000000000000e+03,2.700403736356010655e-04,2.700404019350212187e-04
5.080000000000000000e+03,2.720346383389737389e-04,2.720346819404503890e-04
5.085000000000000000e+03,2.740283803559060588e-04,2.740284391900563925e-04
5.090000000000000000e+03,2.760214163026231170e-04,2.760214904520698993e-04
5.095000000000000000e+03,2.780135626468912321e-04,2.780136520623799714e-04
5.100000000000000000e+03,2.800046350770676331e-04,2.800047399577404103e-04
5.105000000000000000e+03,2.819944494299687562e-04,2.819945697090621363e-04
5.110000000000000000e+03,2.839828209485753476e-04,2.839829565547885635e-04
5.115000000000000000e+03,2.859695642820330049e-04,2.859697154343390627e-04
5.120000000000000000e+03,2.879544944877491294e-04,2.879546610216145489e-04
5.125000000000000000e+03,2.899374256952632050e-04,2.899376077585526712e-04
5.130000000000000000e+03,2.919181723310326966e-04,2.919183698887283223e-04
5.135000000000000000e+03,2.938965484874824083e-04,2.938967614909811449e-04
5.140000000000000000e+03,2.958723679230049718e-04,2.958725965130710642e-04
5.145000000000000000e+03,2.978454447300252998e-04,2.978456888053461807e-04
5.150000000000000000e+03,2.998155925555917676e-04,2.998158521544128314e-04
5.155000000000000000e+03,3.017826251952116325e-04,3.017829003168045663e-04
5.160000000000000000e+03,3.037463564072774721e-04,3.037466470526331824e-04
5.165000000000000000e+03,3.057066000244112233e-04,3.057069061592185060e-04
5.170000000000000000e+03,3.076631698421201976e-04,3.076634915046850540e-04
5.175000000000000000e+03,3.096158799528292535e-04,3.096162170615171147e-04
5.180000000000000000e+03,3.115645443005044760e-04,3.115648969400611917e-04
5.185000000000000000e+03,3.135089773487179554e-04,3.135093454219721769e-04
5.190000000000000000e+03,3.154489934868122598e-04,3.154493769935863405e-04
5.195000000000000000e+03,3.173844074010475583e-04,3.173848063792188059e-04
5.200000000000000000e+03,3.193150343344048681e-04,3.193154485743740717e-04
5.205000000000000000e+03,3.212406890844884521e-04,3.212411188788604193e-04
5.210000000000000000e+03,3.231611879706058009e-04,3.231616329297994235e-04
5.215000000000000000e+03,3.250763464213113851e-04,3.250768067345246584e-04
5.220000000000000000e+03,3.269859810528302963e-04,3.269864567033547434e-04
5.225000000000000000e+03,3.288899089638787896e-04,3.288903996822402430e-04
5.230000000000000000e+03,3.307879469933702526e-04,3.307884529852690237e-04
5.235000000000000000e+03,3.326799132421182168e-04,3.326804344270257855e-04
5.240000000000000000e+03,3.345656261449683863e-04,3.345661623547953063e-04
5.245000000000000000e+03,3.364449043965695493e-04,3.364454556806041933e-04
5.250000000000000000e+03,3.383175676565529822e-04,3.383181339130866155e-04
5.255000000000000000e+03,3.401834361041558043e-04,3.401840171891748281e-04
5.260000000000000000e+03,3.420423301784180021e-04,3.420429263055984985e-04
5.265000000000000000e+03,3.438940718400828440e-04,3.438946827501900678e-04
5.270000000000000000e+03,3.457384831612374753e-04,3.457391087329871504e-04
5.275000000000000000e+03,3.475753868820339286e-04,3.475760272171209662e-04
5.280000000000000000e+03,3.494046070416391685e-04,3.494052619494891787e-04
5.285000000000000000e+03,3.512259679390227558e-04,3.512266374912012675e-04
5.290000000000000000e+03,3.530392953577429077e-04,3.530399792477903107e-04
5.295000000000000000e+03,3.548444151184724127e-04,3.548451134991838555e-04
5.300000000000000000e+03,3.566411547120460607e-04,3.566418674294283514e-04
5.305000000000000000e+03,3.584293422602485239e-04,3.584300691561558136e-04
5.310000000000000000e+03,3.602088066271587211e-04,3.602095477597911451e-04
5.315000000000000000e+03,3.619793781614439568e-04,3.619801333124899267e-04
5.320000000000000000e+03,3.637408877313773781e-04,3.637416569068002226e-04
5.325000000000000000e+03,3.654931677269352515e-04,3.654939506840428737e-04
5.330000000000000000e+03,3.672360508721261786e-04,3.672368478624050189e-04
5.335000000000000000e+03,3.689693722291853789e-04,3.689701827647348643e-04
5.340000000000000000e+03,3.706929667118892980e-04,3.706937908460395444e-04
5.345000000000000000e+03,3.724066709412910087e-04,3.724075087206738769e-04
5.350000000000000000e+03,3.741103231343757916e-04,3.741111741892165954e-04
5.355000000000000000e+03,3.758037618050470165e-04,3.758046262650272863e-04
5.360000000000000000e+03,3.774868275456313158e-04,3.774877052004805026e-04
5.365000000000000000e+03,3.791593618020939332e-04,3.791602525128666499e-04
5.370000000000000000e+03,3.808212072451854142e-04,3.808221110099599665e-04
5.375000000000000000e+03,3.824722082158179257e-04,3.824731248152450354e-04
5.380000000000000000e+03,3.841122100570011828e-04,3.841131393927955376e-04
5.385000000000000000e+03,3.857410595592182263e-04,3.857420015718054647e-04
5.390000000000000000e+03,3.873586049604259111e-04,3.873595595707594007e-04
5.395000000000000000e+03,3.889646960573987290e-04,3.889656630212463178e-04
5.400000000000000000e+03,3.905591837603524874e-04,3.905601629914053942e-04
5.405000000000000000e+03,3.921419206125500989e-04,3.921429120090028780e-04
5.410000000000000000e+03,3.937127606232856025e-04,3.937137640841336544e-04
5.415000000000000000e+03,3.952715592864413686e-04,3.952725747315461607e-04
5.420000000000000000e+03,3.968181738774054831e-04,3.968192009925811093e-04
5.425000000000000000e+03,3.983524626922209464e-04,3.983535014567271613e-04
5.430000000000000000e+03,3.998742859197806226e-04,3.998753362827841195e-04
5.435000000000000000e+03,4.013835055490407836e-04,4.013845672196320134e-04
5.440000000000000000e+03,4.028799845896122362e-04,4.028810576266027158e-04
5.445000000000000000e+03,4.043635884450043978e-04,4.043646724934515436e-04
5.450000000000000000e+03,4.058341833723651346e-04,4.058352784599215772e-04
5.455000000000000000e+03,4.072916379485114007e-04,4.072927438349031935e-04
5.460000000000000000e+03,4.087358220863899247e-04,4.087369386151819815e-04
5.465000000000000000e+03,4.101666073319942688e-04,4.101677345037731972e-04
5.470000000000000000e+03,4.115838673654141177e-04,4.115850049278399936e-04
5.475000000000000000e+03,4.129874773142123740e-04,4.129886250561942869e-04
5.480000000000000000e+03,4.143773139575568452e-04,4.143784718163739706e-04
5.485000000000000000e+03,4.157532559860225695e-04,4.157544239112994050e-04
5.490000000000000000e+03,4.171151842057230696e-04,4.171163618355026230e-04
5.495000000000000000e+03,4.184629805362132925e-04,4.184641678909299558e-04
5.500000000000000000e+03,4.197965293837333054e-04,4.197977262023147734e-04
5.505000000000000000e+03,4.211157166391117776e-04,4.211169227321196330e-04
5.510000000000000000e+03,4.224204298447817958e-04,4.224216452950443142e-04
5.515000000000000000e+03,4.237105591783207740e-04,4.237117835721011480e-04
5.520000000000000000e+03,4.249859959307475507e-04,4.249872291242541718e-04
5.525000000000000000e+03,4.262466332859307736e-04,4.262478754056215680e-04
5.530000000000000000e+03,4.274923672670145089e-04,4.274936177762406263e-04
5.535000000000000000e+03,4.287230945466502345e-04,4.287243535143931165e-04
5.540000000000000000e+03,4.299387146367646302e-04,4.299399818284923192e-04
5.545000000000000000e+03,4.311391286081018496e-04,4.311404038685290557e-04
5.550000000000000000e+03,4.323242395727155507e-04,4.323255227370776960e-04
5.555000000000000000e+03,4.334939525355089294e-04,4.334952434998604618e-04
5.560000000000000000e+03,4.346481746540388339e-04,4.346494731958714351e-04
5.565000000000000000e+03,4.357868149601544462e-04,4.357881208470576169e-04
5.570000000000000000e+03,4.369097842857686811e-04,4.369110974675596902e-04
5.575000000000000000e+03,4.380169958381353716e-04,4.380183160725115133e-04
5.580000000000000000e+03,4.391083644761133642e-04,4.391096916863976383e-04
5.585000000000000000e+03,4.401838074710171574e-04,4.401851413509709683e-04
5.590000000000000000e+03,4.412432436158646404e-04,4.412445841327305540e-04
5.595000000000000000e+03,4.422865942645882358e-04,4.422879411299576865e-04
5.600000000000000000e+03,4.433137822928237028e-04,4.433151354793161947e-04
5.605000000000000000e+03,4.443247332113509107e-04,4.443260923620125568e-04
5.610000000000000000e+03,4.453193738856368162e-04,4.453207390095202168e-04
5.615000000000000000e+03,4.462976339833085726e-04,4.462990047088669131e-04
5.620000000000000000e+03,4.472594443782217013e-04,4.472608208074889771e-04
5.625000000000000000e+03,4.482047389690802159e-04,4.482061207176505409e-04
5.630000000000000000e+03,4.491334529907176337e-04,4.491348399204323177e-04
5.635000000000000000e+03,4.500455240161943061e-04,4.500469159692889226e-04
5.640000000000000000e+03,4.509408916784367512e-04,4.509422884931785312e-04
5.645000000000000000e+03,4.518194976702378162e-04,4.518208991992653072e-04
5.650000000000000000e+03,4.526812858741583010e-04,4.526826918751964443e-04
5.655000000000000000e+03,4.535262020099368216e-04,4.535276123909566396e-04
5.660000000000000000e+03,4.543541942097682968e-04,4.543556087003017881e-04
5.665000000000000000e+03,4.551652123316814224e-04,4.551666308417736881e-04
5.670000000000000000e+03,4.559592085904889871e-04,4.559606309392984658e-04
5.675000000000000000e+03,4.567361372051980078e-04,4.567375632023716494e-04
5.680000000000000000e+03,4.574959544732391976e-04,4.574973839258301609e-04
5.685000000000000000e+03,4.582386188075815913e-04,4.582400514892169736e-04
5.690000000000000000e+03,4.589640904954870996e-04,4.589655263557390857e-04
5.695000000000000000e+03,4.596723322737882901e-04,4.596737710708217908e-04
5.700000000000000000e+03,4.603633086608238797e-04,4.603647502602627151e-04
5.705000000000000000e+03,4.610369864574869391e-04,4.610384306279886575e-04
5.710000000000000000e+03,4.616933343204063190e-04,4.616947809534166416e-04
5.715000000000000000e+03,4.623323232258797410e-04,4.623337720884249796e-04
5.720000000000000000e+03,4.629539260616126993e-04,4.629553769539354884e-04
5.725000000000000000e+03,4.635581176452755023e-04,4.635595705361109206e-04
5.730000000000000000e+03,4.641448752626664825e-04,4.641463298821709750e-04
5.735000000000000000e+03,4.647141779439752248e-04,4.647156340958308405e-04
5.740000000000000000e+03,4.652660067607004932e-04,4.652674643323637940e-04
5.745000000000000000e+03,4.658003449369939992e-04,4.658018037932946270e-04
5.750000000000000000e+03,4.663171779238899778e-04,4.663186377207250940e-04
5.755000000000000000e+03,4.668164926198963157e-04,4.668179533912959907e-04
5.760000000000000000e+03,4.672982786328945320e-04,4.672997401097900901e-04
5.765000000000000000e+03,4.677625271295841620e-04,4.677639892023785929e-04
5.770000000000000000e+03,4.682092316334485085e-04,4.682106940095170553e-04
5.775000000000000000e+03,4.686383872082313610e-04,4.686398498784924752e-04
5.780000000000000000e+03,4.690499914785912594e-04,4.690514541556277698e-04
5.785000000000000000e+03,4.694440435908899716e-04,4.694455061781460854e-04
5.790000000000000000e+03,4.698205449926011489e-04,4.698220072657009012e-04
5.795000000000000000e+03,4.701794988013602815e-04,4.701809607115737719e-04
5.800000000000000000e+03,4.705209105101442650e-04,4.705223717735464834e-04
5.805000000000000000e+03,4.708447871521903734e-04,4.708462476644512552e-04
5.810000000000000000e+03,4.711511379133888821e-04,4.711525975424019162e-04
5.815000000000000000e+03,4.714399740394966667e-04,4.714414325007126134e-04
5.820000000000000000e+03,4.717113082794158673e-04,4.717127655575082280e-04
5.825000000000000000e+03,4.719651558501771361e-04,4.719666116450288288e-04
5.830000000000000000e+03,4.722015332678257860e-04,4.722029875986362424e-04
5.835000000000000000e+03,4.724204595536498339e-04,4.724219121455245805e-04
5.840000000000000000e+03,4.726219552320832119e-04,4.726234058931411781e-04
5.845000000000000000e+03,4.728060426276230969e-04,4.728074913173214641e-04
5.850000000000000000e+03,4.729727462174196134e-04,4.729741927501434576e-04
5.855000000000000000e+03,4.731220922415719393e-04,4.731235363675056300e-04
5.860000000000000000e+03,4.732541085175539846e-04,4.732555501764345294e-04
5.865000000000000000e+03,4.733688249783782527e-04,4.733702640021255291e-04
5.870000000000000000e+03,4.734662732086615555e-04,4.734677094747222832e-04
5.875000000000000000e+03,4.735464866487564851e-04,4.735479200158398765e-04
5.880000000000000000e+03,4.736095006504228099e-04,4.736109308248362230e-04
5.885000000000000000e+03,4.736553518273206045e-04,4.736567788648374591e-04
5.890000000000000000e+03,4.736840792241230709e-04,4.736855028485208001e-04
5.895000000000000000e+03,4.736957230731744664e-04,4.736971432236619628e-04
5.900000000000000000e+03,4.736903256666851066e-04,4.736917421584504605e-04
5.905000000000000000e+03,4.736679309113550444e-04,4.736693435265787325e-04
5.910000000000000000e+03,4.736285841242436840e-04,4.736299928921091761e-04
5.915000000000000000e+03,4.735723328121776770e-04,4.735737374941260719e-04
5.920000000000000000e+03,4.734992258181137210e-04,4.735006262311753852e-04
5.925000000000000000e+03,4.734093135067111448e-04,4.734107096454984610e-04
5.930000000000000000e+03,4.733026483024957692e-04,4.733040399070654117e-04
5.935000000000000000e+03,4.731792838362214575e-04,4.731806707974118317e-04
5.940000000000000000e+03,4.730392753902465451e-04,4.730406576932849627e-04
5.945000000000000000e+03,4.728826801583369769e-04,4.728840575501042434e-04
5.950000000000000000e+03,4.727095565219292111e-04,4.727109288852416658e-04
5.955000000000000000e+03,4.725199645140642861e-04,4.725213317611258392e-04
5.960000000000000000e+03,4.723139657822731947e-04,4.723153277681767020e-04
5.965000000000000000e+03,4.720916233658883714e-04,4.720929800075747309e-04
5.970000000000000000e+03,4.718530020300760824e-04,4.718543530738693076e-04
5.975000000000000000e+03,4.715981675421000870e-04,4.715995130374336713e-04
5.980000000000000000e+03,4.713271876919753064e-04,4.713285274267687338e-04
5.985000000000000000e+03,4.710401314017156156e-04,4.710414652106629119e-04
5.990000000000000000e+03,4.707370688366775582e-04,4.707383967802117189e-04
5.995000000000000000e+03,4.704180722220837902e-04,4.704193939307031312e-04
6.000000000000000000e+03,4.700832142285337758e-04,4.700845298433733934e-04
6.005000000000000000e+03,4.697325698648534341e-04,4.697338790670384104e-04
6.010000000000000000e+03,4.693662146965893694e-04,4.693675174996053364e-04
6.015000000000000000e+03,4.689842261079087984e-04,4.689855223694700502e-04
6.020000000000000000e+03,4.685866825964203619e-04,4.685879722168052354e-04
6.025000000000000000e+03,4.681736640144194632e-04,4.681749468747435639e-04
6.030000000000000000e+03,4.677452515132163291e-04,4.677465274504620540e-04
6.035000000000000000e+03,4.673015272462184089e-04,4.673027963061711820e-04
6.040000000000000000e+03,4.668425751112241333e-04,4.668438370400147634e-04
6.045000000000000000e+03,4.663684797297691382e-04,4.663697344668846158e-04
6.050000000000000000e+03,4.658793270224036664e-04,4.658805745991562381e-04
6.055000000000000000e+03,4.653752045056104396e-04,4.653764446273479989e-04
6.060000000000000000e+03,4.648562001969208180e-04,4.648574329007116408e-04
6.065000000000000000e+03,4.643224037654705249e-04,4.643236289077556727e-04
6.070000000000000000e+03,4.637739057711484669e-04,4.637751232567092932e-04
6.075000000000000000e+03,4.632107978687273367e-04,4.632120076559299361e-04
6.080000000000000000e+03,4.626331729934373381e-04,4.626343748942587193e-04
6.085000000000000000e+03,4.620411247300161410e-04,4.620423188213305748e-04
6.090000000000000000e+03,4.614347482962483571e-04,4.614359343278407930e-04
6.095000000000000000e+03,4.608141393367380396e-04,4.608153173257754638e-04
6.100000000000000000e+03,4.601793949435626762e-04,4.601805647286081442e-04
6.105000000000000000e+03,4.595306128583071122e-04,4.595317744314679573e-04
6.110000000000000000e+03,4.588678920102270313e-04,4.588690452912847070e-04
6.115000000000000000e+03,4.581913322750031303e-04,4.581924771069129034e-04
6.120000000000000000e+03,4.575010341778235176e-04,4.575021705992426708e-04
6.125000000000000000e+03,4.567970995428909629e-04,4.567982273912976989e-04
6.130000000000000000e+03,4.560796307325717166e-04,4.560807499883283152e-04
6.135000000000000000e+03,4.553487312412305495e-04,4.553498417579021715e-04
6.140000000000000000e+03,4.546045050828381295e-04,4.546056069099956910e-04
6.145000000000000000e+03,4.538470575147077928e-04,4.538481504770938073e-04
6.150000000000000000e+03,4.530764941838574204e-04,4.530775782942979453e-04
6.155000000000000000e+03,4.522929218321888965e-04,4.522939969794499389e-04
6.160000000000000000e+03,4.514964477954391993e-04,4.514975139132741634e-04
6.165000000000000000e+03,4.506871801145249283e-04,4.506882372195414061e-04
6.170000000000000000e+03,4.498652278139023760e-04,4.498662757452603304e-04
6.175000000000000000e+03,4.490307003077324333e-04,4.490317390408985919e-04
6.180000000000000000e+03,4.481837078081419602e-04,4.481847373406379993e-04
6.185000000000000000e+03,4.473243613437816396e-04,4.473253815426691941e-04
6.190000000000000000e+03,4.464527723330065367e-04,4.464537831895259577e-04
6.195000000000000000e+03,4.455690529179084339e-04,4.455700544484671156e-04
6.200000000000000000e+03,4.446733161313321881e-04,4.446743080919059827e-04
6.205000000000000000e+03,4.437656749318932966e-04,4.437666574778944000e-04
6.210000000000000000e+03,4.428462435401072381e-04,4.428472165306611961e-04
6.215000000000000000e+03,4.419151362878337473e-04,4.419160997212122333e-04
6.220000000000000000e+03,4.409724682863412691e-04,4.409734220479932820e-04
6.225000000000000000e+03,4.400183549252586991e-04,4.400192990176190317e-04
6.230000000000000000e+03,4.390529122066076108e-04,4.390538466256736056e-04
6.235000000000000000e+03,4.380762566520153664e-04,4.380771813375829572e-04
6.240000000000000000e+03,4.370885051728139268e-04,4.370894200695651130e-04
6.245000000000000000e+03,4.360897751071543690e-04,4.360906801696607001e-04
6.250000000000000000e+03,4.350801841828920978e-04,4.350810793988447891e-04
6.255000000000000000e+03,4.340598505361445382e-04,4.340607359122267204e-04
6.260000000000000000e+03,4.330288928226347410e-04,4.330297682403380752e-04
6.265000000000000000e+03,4.319874297352007623e-04,4.319882952705132923e-04
6.270000000000000000e+03,4.309355807089745253e-04,4.309364362283656948e-04
6.275000000000000000e+03,4.298734651234160692e-04,4.298743106593600643e-04
6.280000000000000000e+03,4.288012028033620789e-04,4.288020384104885944e-04
6.285000000000000000e+03,4.277189141303695992e-04,4.277197396120472955e-04
6.290000000000000000e+03,4.266267192076353323e-04,4.266275346595223370e-04
6.295000000000000000e+03,4.255247388064210845e-04,4.255255441955812330e-04
6.300000000000000000e+03,4.244130937907751719e-04,4.244138890921792776e-04
6.305000000000000000e+03,4.232919052474340979e-04,4.232926904327787379e-04
6.310000000000000000e+03,4.221612944115933565e-04,4.221620694946831348e-04
6.315000000000000000e+03,4.210213827968087297e-04,4.210221477314937677e-04
6.320000000000000000e+03,4.198722919723080465e-04,4.198730467556845256e-04
6.325000000000000000e+03,4.187141436743353306e-04,4.187148883213021944e-04
6.330000000000000000e+03,4.175470598803801060e-04,4.175477943067934538e-04
6.335000000000000000e+03,4.163711623823584972e-04,4.163718866979576410e-04
6.340000000000000000e+03,4.151865734361204793e-04,4.151872875710329257e-04
6.345000000000000000e+03,4.139934151676145121e-04,4.139941190759121562e-04
6.350000000000000000e+03,4.127918096656742132e-04,4.127925034194966148e-04
6.355000000000000000e+03,4.115818793160511265e-04,4.115825628491825354e-04
6.360000000000000000e+03,4.103637462446936579e-04,4.103644196364890535e-04
6.365000000000000000e+03,4.091375328930252353e-04,4.091381960608264537e-04
6.370000000000000000e+03,4.079033614426664199e-04,4.079040143934042776e-04
6.375000000000000000e+03,4.066613540566804057e-04,4.066619968812866678e-04
6.380000000000000000e+03,4.054116331022611527e-04,4.054122657315907714e-04
6.385000000000000000e+03,4.041543206496851282e-04,4.041549430958344389e-04
6.390000000000000000e+03,4.028895387692286371e-04,4.028901510544328373e-04
6.395000000000000000e+03,4.016174094198240530e-04,4.016180116013438710e-04
6.400000000000000000e+03,4.003380547459770944e-04,4.003386466288689680e-04
6.405000000000000000e+03,3.990515960199979349e-04,3.990521779126041915e-04
6.410000000000000000e+03,3.977581553678350345e-04,3.977587270965481808e-04
6.415000000000000000e+03,3.964578541081919573e-04,3.964584156783677350e-04
6.420000000000000000e+03,3.951508134669853779e-04,3.951513649948172461e-04
6.425000000000000000e+03,3.938371547814763360e-04,3.938376962073218451e-04
6.430000000000000000e+03,3.925169989157130932e-04,3.925175302877161325e-04
6.435000000000000000e+03,3.911904667337440201e-04,3.911909880041489532e-04
6.440000000000000000e+03,3.898576785800115358e-04,3.898581899071457070e-04
6.445000000000000000e+03,3.885187550402037764e-04,3.885192563158378423e-04
6.450000000000000000e+03,3.871738160041078591e-04,3.871743073043563358e-04
6.455000000000000000e+03,3.858229813615111719e-04,3.858234626883878023e-04
6.460000000000000000e+03,3.844663705753818242e-04,3.844668420119012582e-04
6.465000000000000000e+03,3.831041030808517937e-04,3.831045645340382740e-04
6.470000000000000000e+03,3.817362976078737618e-04,3.817367492161729669e-04
6.475000000000000000e+03,3.803630729699085345e-04,3.803635147091420513e-04
6.480000000000000000e+03,3.789845474422533830e-04,3.789849793406403918e-04
6.485000000000000000e+03,3.776008389940094831e-04,3.776012611027917097e-04
6.490000000000000000e+03,3.762120653159176141e-04,3.762124776398853348e-04
6.495000000000000000e+03,3.748183436718994393e-04,3.748187462362885438e-04
6.500000000000000000e+03,3.734197909268934207e-04,3.734201838045271126e-04
6.505000000000000000e+03,3.720165236581990213e-04,3.720169068735403170e-04
6.510000000000000000e+03,3.706086580441327744e-04,3.706090315771094052e-04
6.515000000000000000e+03,3.691963096877330522e-04,3.691966736424562908e-04
6.520000000000000000e+03,3.677795940157434305e-04,3.677799483790195121e-04
6.525000000000000000e+03,3.663586258146787292e-04,3.663589706674002492e-04
6.530000000000000000e+03,3.649335196390868707e-04,3.649338549484854987e-04
6.535000000000000000e+03,3.635043893383362642e-04,3.635047152127448850e-04
6.540000000000000000e+03,3.620713485576645529e-04,3.620716649896995871e-04
6.545000000000000000e+03,3.606345102371296503e-04,3.606348173375701596e-04
6.550000000000000000e+03,3.591939871219375227e-04,3.591942848330948444e-04
6.555000000000000000e+03,3.577498910943771398e-04,3.577501795615249864e-04
6.560000000000000000e+03,3.563023339810652613e-04,3.563026131067961451e-04
6.565000000000000000e+03,3.548514265694068534e-04,3.548516965418702920e-04
6.570000000000000000e+03,3.533972796004135461e-04,3.533975404192577158e-04
6.575000000000000000e+03,3.519400031191961126e-04,3.519402547617082790e-04
6.580000000000000000e+03,3.504797064564073197e-04,3.504799490530820022e-04
6.585000000000000000e+03,3.490164986921756151e-04,3.490167322293902469e-04
6.590000000000000000e+03,3.475504880715482559e-04,3.475507126700125402e-04
6.595000000000000000e+03,3.460817825612125362e-04,3.460819981890886051e-04
6.600000000000000000e+03,3.446104892742172469e-04,3.446106960270801781e-04
6.605000000000000000e+03,3.431367149153494297e-04,3.431369128425105271e-04
6.610000000000000000e+03,3.416605655955608158e-04,3.416607547038729418e-04
6.615000000000000000e+03,3.401821467020663646e-04,3.401823270817138896e-04
6.620000000000000000e+03,3.387015631581470772e-04,3.387017348408888308e-04
6.625000000000000000e+03,3.372189191447897620e-04,3.372190822329866264e-04
6.630000000000000000e+03,3.357343184254409302e-04,3.357344728889289916e-04
6.635000000000000000e+03,3.342478638820725666e-04,3.342480098117366983e-04
6.640000000000000000e+03,3.327596578770508672e-04,3.327597953694684920e-04
6.645000000000000000e+03,3.312698022531360229e-04,3.312699312883295231e-04
6.650000000000000000e+03,3.297783979901713360e-04,3.297785186459456074e-04
6.655000000000000000e+03,3.282855455020007671e-04,3.282856578648104162e-04
6.660000000000000000e+03,3.267913445715181237e-04,3.267914487058948638e-04
6.665000000000000000e+03,3.252958943692248065e-04,3.252959902624289368e-04
6.670000000000000000e+03,3.237992932305409715e-04,3.237993809538442023e-04
6.675000000000000000e+03,3.223016388228222128e-04,3.223017185198855062e-04
6.680000000000000000e+03,3.208030283587687140e-04,3.208031000148869275e-04
6.685000000000000000e+03,3.193035581510493071e-04,3.193036218022082492e-04
6.690000000000000000e+03,3.178033237978743837e-04,3.178033795488393177e-04
6.695000000000000000e+03,3.163024203128979523e-04,3.163024682201617745e-04
6.700000000000000000e+03,3.148009419860369786e-04,3.148009820748747184e-04
6.705000000000000000e+03,3.132989822906848219e-04,3.132990146600814815e-04
6.710000000000000000e+03,3.117966341156784582e-04,3.117966588065316613e-04
6.715000000000000000e+03,3.102939895426096964e-04,3.102940066240269775e-04
6.720000000000000000e+03,3.087911399942843316e-04,3.087911494969793492e-04
6.725000000000000000e+03,3.072881760305912159e-04,3.072881780801303567e-04
6.730000000000000000e+03,3.057851877010919609e-04,3.057851822944214612e-04
6.735000000000000000e+03,3.042822641089230028e-04,3.042822513230219214e-04
6.740000000000000000e+03,3.027794936613202462e-04,3.027794736075095834e-04
6.745000000000000000e+03,3.012769641624053036e-04,3.012769368442013980e-04
6.750000000000000000e+03,2.997747625441042423e-04,2.997747279806393592e-04
6.755000000000000000e+03,2.982729748383115614e-04,2.982729332122221045e-04
6.760000000000000000e+03,2.967716866315450600e-04,2.967716379789879250e-04
6.765000000000000000e+03,2.952709826752416720e-04,2.952709269625465810e-04
6.770000000000000000e+03,2.937709466630692790e-04,2.937708840831534203e-04
6.775000000000000000e+03,2.922716619917777817e-04,2.922715924969347960e-04
6.780000000000000000e+03,2.907732108704467848e-04,2.907731345932517211e-04
6.785000000000000000e+03,2.892756750163857481e-04,2.892755919922105940e-04
6.790000000000000000e+03,2.877791352097577751e-04,2.877790455423155213e-04
6.795000000000000000e+03,2.862836716461693146e-04,2.862835753182575759e-04
6.800000000000000000e+03,2.847893634541790527e-04,2.847892606188486865e-04
6.805000000000000000e+03,2.832962892612969825e-04,2.832961799650877467e-04
6.810000000000000000e+03,2.818045268413949195e-04,2.818044110983692415e-04
6.815000000000000000e+03,2.803141530590341833e-04,2.803140309788217620e-04
6.820000000000000000e+03,2.788252441385473922e-04,2.788251157837846471e-04
6.825000000000000000e+03,2.773378755155797982e-04,2.773377409064165184e-04
6.830000000000000000e+03,2.758521216422365812e-04,2.758519809544327807e-04
6.835000000000000000e+03,2.743680566087547791e-04,2.743679097489777272e-04
6.840000000000000000e+03,2.728857531321270298e-04,2.728856003236204046e-04
6.845000000000000000e+03,2.714052837159364401e-04,2.714051249234815063e-04
6.850000000000000000e+03,2.699267197132102837e-04,2.699265550044861934e-04
6.855000000000000000e+03,2.684501317439601351e-04,2.684499612327378060e-04
6.860000000000000000e+03,2.669755897137396166e-04,2.669754134840207562e-04
6.865000000000000000e+03,2.655031628043653621e-04,2.655029808434186721e-04
6.870000000000000000e+03,2.640329191862783435e-04,2.640327316050598274e-04
6.875000000000000000e+03,2.625649264268053486e-04,2.625647332719753275e-04
6.880000000000000000e+03,2.610992511746843925e-04,2.610990525560789432e-04
6.885000000000000000e+03,2.596359594384245722e-04,2.596357553782633882e-04
6.890000000000000000e+03,2.581751163079459409e-04,2.581749068686072391e-04
6.895000000000000000e+03,2.567167860380875784e-04,2.567165713667009545e-04
6.900000000000000000e+03,2.552610323919189618e-04,2.552608124220796890e-04
6.905000000000000000e+03,2.538079179077238332e-04,2.538076927947696226e-04
6.910000000000000000e+03,2.523575046598523016e-04,2.523572744559436317e-04
6.915000000000000000e+03,2.509098538226226362e-04,2.509096185886814778e-04
6.920000000000000000e+03,2.494650258280590766e-04,2.494647855888403130e-04
6.925000000000000000e+03,2.480230801617607406e-04,2.480228350660256377e-04
6.930000000000000000e+03,2.465840757897207951e-04,2.465838258446688348e-04
6.935000000000000000e+03,2.451480706665565821e-04,2.451478159652061852e-04
6.940000000000000000e+03,2.437151221530502957e-04,2.437148626853547840e-04
6.945000000000000000e+03,2.422852865336572496e-04,2.422850224814927301e-04
6.950000000000000000e+03,2.408586196752926230e-04,2.408583510501313642e-04
6.955000000000000000e+03,2.394351764891676276e-04,2.394349033094882292e-04
6.960000000000000000e+03,2.380150109911011809e-04,2.380147334011504807e-04
6.965000000000000000e+03,2.365981766633883457e-04,2.365978946918337604e-04
6.970000000000000000e+03,2.351847261393251454e-04,2.351844397752330925e-04
6.975000000000000000e+03,2.337747109434057510e-04,2.337744204739606235e-04
6.980000000000000000e+03,2.323681826418782603e-04,2.323678878415770381e-04
6.985000000000000000e+03,2.309651910565996269e-04,2.309648921647045874e-04
6.990000000000000000e+03,2.295657859027219034e-04,2.295654829652302425e-04
6.995000000000000000e+03,2.281700158840213718e-04,2.281697090025920866e-04
7.000000000000000000e+03,2.267779292171437421e-04,2.267776182761463183e-04
7.005000000000000000e+03,2.253895727733265910e-04,2.253892580276193106e-04
7.010000000000000000e+03,2.240049932707093125e-04,2.240046747436360512e-04
7.015000000000000000e+03,2.226242364763668510e-04,2.226239141583298174e-04
7.020000000000000000e+03,2.212473472619818022e-04,2.212470212560282057e-04
7.025000000000000000e+03,2.198743699007621498e-04,2.198740402740132123e-04
7.030000000000000000e+03,2.185053478772282947e-04,2.185050147053584546e-04
7.035000000000000000e+03,2.171403239707211518e-04,2.171399873018361071e-04
7.040000000000000000e+03,2.157793402368448374e-04,2.157790000768984031e-04
7.045000000000000000e+03,2.144224377986964124e-04,2.144220943087258961e-04
7.050000000000000000e+03,2.130696573664718062e-04,2.130693105433464386e-04
7.055000000000000000e+03,2.117210386714665023e-04,2.117206885978217606e-04
7.060000000000000000e+03,2.103766208372226615e-04,2.103762675634966879e-04
7.065000000000000000e+03,2.090364421985948617e-04,2.090360858093174244e-04
7.070000000000000000e+03,2.077005405244383663e-04,2.077001809852080827e-04
7.075000000000000000e+03,2.063689525119212389e-04,2.063685900255116438e-04
7.080000000000000000e+03,2.050417146076873053e-04,2.050413491524923635e-04
7.085000000000000000e+03,2.037188622794798641e-04,2.037184938798919289e-04
7.090000000000000000e+03,2.024004302527481294e-04,2.024000590165497718e-04
7.095000000000000000e+03,2.010864526312699000e-04,2.010860786700739060e-04
7.100000000000000000e+03,1.997769629713810273e-04,1.997765862505708272e-04
7.105000000000000000e+03,1.984719938412382600e-04,1.984716144744253397e-04
7.110000000000000000e+03,1.971715774239332392e-04,1.971711953681352708e-04
7.115000000000000000e+03,1.958757447983950543e-04,1.958753602721967639e-04
7.120000000000000000e+03,1.945845269043725424e-04,1.945841398450365170e-04
7.125000000000000000e+03,1.932979535960094644e-04,1.932975640669964425e-04
7.130000000000000000e+03,1.920160540872207448e-04,1.920156622443610717e-04
7.135000000000000000e+03,1.907388572532495901e-04,1.907384630134335585e-04
7.140000000000000000e+03,1.894663908280620301e-04,1.894659943446558108e-04
7.145000000000000000e+03,1.881986822579849873e-04,1.881982835467694410e-04
7.150000000000000000e+03,1.869357581589038469e-04,1.869353572710219014e-04
7.155000000000000000e+03,1.856776444832785168e-04,1.856772415154102959e-04
7.160000000000000000e+03,1.844243667057170969e-04,1.844239616289663087e-04
7.165000000000000000e+03,1.831759493915172728e-04,1.831755423160798951e-04
7.170000000000000000e+03,1.819324166374036331e-04,1.819320076408567708e-04
7.175000000000000000e+03,1.806937919184292696e-04,1.806933810315163155e-04
7.180000000000000000e+03,1.794600980276645917e-04,1.794596852848189938e-04
7.185000000000000000e+03,1.782313571504266054e-04,1.782309425705319128e-04
7.190000000000000000e+03,1.770075907204594944e-04,1.770071744359223253e-04
7.195000000000000000e+03,1.757888198049997286e-04,1.757884018102849328e-04
7.200000000000000000e+03,1.745750646083667266e-04,1.745746450094992207e-04
7.205000000000000000e+03,1.733663450147656109e-04,1.733659237406121642e-04
7.210000000000000000e+03,1.721626798599109720e-04,1.721622571064533515e-04
7.215000000000000000e+03,1.709640878217798623e-04,1.709636636102720357e-04
7.220000000000000000e+03,1.697705868870879415e-04,1.697701611604021036e-04
7.225000000000000000e+03,1.685821941610764511e-04,1.685817670749520099e-04
7.230000000000000000e+03,1.673989265355771828e-04,1.673984980865141710e-04
7.235000000000000000e+03,1.662208001415702604e-04,1.662203703469011947e-04
7.240000000000000000e+03,1.650478303306270706e-04,1.650473994318983986e-04
7.245000000000000000e+03,1.638800325888597348e-04,1.638796003460409674e-04
7.250000000000000000e+03,1.627174208528412856e-04,1.627169875274053681e-04
7.255000000000000000e+03,1.615600093235870869e-04,1.615595748524217704e-04
7.260000000000000000e+03,1.604078111304253025e-04,1.604073756407034632e-04
7.265000000000000000e+03,1.592608392263892181e-04,1.592604026598886573e-04
7.270000000000000000e+03,1.581191056366443380e-04,1.581186681305019937e-04
7.275000000000000000e+03,1.569826221868647284e-04,1.569821837308248342e-04
7.280000000000000000e+03,1.558513998954795055e-04,1.558509606017826276e-04
7.285000000000000000e+03,1.547254495164754275e-04,1.547250093518421157e-04
7.290000000000000000e+03,1.536047810754631528e-04,1.536043400619189472e-04
7.295000000000000000e+03,1.524894039810212798e-04,1.524889622902974077e-04
7.300000000000000000e+03,1.513793274932696061e-04,1.513788850775564380e-04
7.305000000000000000e+03,1.502745600372469559e-04,1.502741169515060067e-04
7.310000000000000000e+03,1.491751096900417793e-04,1.491746659321304487e-04
7.315000000000000000e+03,1.480809837818090598e-04,1.480805395365361675e-04
7.320000000000000000e+03,1.469921896890970356e-04,1.469917447839080111e-04
7.325000000000000000e+03,1.459087335219146899e-04,1.459082882004666785e-04
7.330000000000000000e+03,1.448306216500737918e-04,1.448301758244332539e-04
7.335000000000000000e+03,1.437578594552071161e-04,1.437574132109934702e-04
7.340000000000000000e+03,1.426904520730624742e-04,1.426900054372662557e-04
7.345000000000000000e+03,1.416284040409129840e-04,1.416279571072731744e-04
7.350000000000000000e+03,1.405717196269500773e-04,1.405712723569064570e-04
7.355000000000000000e+03,1.395204024405792261e-04,1.395199548588995806e-04
7.360000000000000000e+03,1.384744555669605416e-04,1.384740078277935918e-04
7.365000000000000000e+03,1.374338820123854204e-04,1.374334340249033488e-04
7.370000000000000000e+03,1.363986838599168597e-04,1.363982357632813791e-04
7.375000000000000000e+03,1.353688631694212156e-04,1.353684149126759082e-04
7.380000000000000000e+03,1.343444212074379062e-04,1.343439729044876968e-04
7.385000000000000000e+03,1.333253591245229001e-04,1.333249107367189901e-04
7.390000000000000000e+03,1.323116773289379736e-04,1.323112289789187262e-04
7.395000000000000000e+03,1.313033761686335549e-04,1.313029277771214295e-04
7.400000000000000000e+03,1.303004551332823764e-04,1.303000068587768616e-04
7.405000000000000000e+03,1.293029137612702114e-04,1.293024655376749275e-04
7.410000000000000000e+03,1.283107508231724303e-04,1.283103027188589823e-04
7.415000000000000000e+03,1.273239648112039254e-04,1.273235169035333910e-04
7.420000000000000000e+03,1.263425539415390325e-04,1.263421061939577522e-04
7.425000000000000000e+03,1.253665157924430367e-04,1.253660682983333708e-04
7.430000000000000000e+03,1.243958477960420460e-04,1.243954005356786164e-04
7.435000000000000000e+03,1.234305468231021549e-04,1.234300998406899171e-04
7.440000000000000000e+03,1.224706094126768547e-04,1.224701627685945398e-04
7.445000000000000000e+03,1.215160318231395486e-04,1.215155854999865656e-04
7.450000000000000000e+03,1.205668097491840302e-04,1.205663638456524160e-04
7.455000000000000000e+03,1.196229387579223505e-04,1.196224932513814042e-04
7.460000000000000000e+03,1.186844138643851495e-04,1.186839688027604967e-04
7.465000000000000000e+03,1.177512298562756330e-04,1.177507852299563770e-04
7.470000000000000000e+03,1.168233810225679511e-04,1.168229369124791997e-04
7.475000000000000000e+03,1.159008614759414978e-04,1.159004178839328998e-04
7.480000000000000000e+03,1.149836648489040733e-04,1.149832218367462721e-04
7.485000000000000000e+03,1.140717845860702927e-04,1.140713421268883560e-04
7.490000000000000000e+03,1.131652136031701501e-04,1.131647717785667304e-04
7.495000000000000000e+03,1.122639447185075709e-04,1.122635034889047896e-04
7.500000000000000000e+03,1.113679701635100945e-04,1.113675296326043814e-04
7.505000000000000000e+03,1.104772821278512658e-04,1.104768422665857044e-04
7.510000000000000000e+03,1.095918722630412980e-04,1.095914331346094927e-04
7.515000000000000000e+03,1.087117320698119800e-04,1.087112936718799555e-04
7.520000000000000000e+03,1.078368526591905836e-04,1.078364150096243923e-04
7.525000000000000000e+03,1.069672248104917091e-04,1.069667879796556655e-04
7.530000000000000000e+03,1.061028391731285098e-04,1.061024031189099247e-04
7.535000000000000000e+03,1.052436858606704443e-04,1.052432506739648299e-04
7.540000000000000000e+03,1.043897549634903573e-04,1.043893206055360629e-04
7.545000000000000000e+03,1.035410360337978025e-04,1.035406025929485501e-04
7.550000000000000000e+03,1.026975185843679488e-04,1.026970860385886168e-04
7.555000000000000000e+03,1.018591916941977892e-04,1.018587600723297140e-04
7.560000000000000000e+03,1.010260442335141274e-04,1.010256135559374231e-04
7.565000000000000000e+03,1.001980647941833974e-04,1.001976350874476409e-04
7.570000000000000000e+03,9.937524171290845374e-05,9.937481300552303927e-05
7.575000000000000000e+03,9.855756307818752280e-05,9.855713539378446633e-05
7.580000000000000000e+03,9.774501673727323606e-05,9.774459008511575766e-05
7.585000000000000000e+03,9.693759027297590763e-05,9.693716466594634845e-05
7.590000000000000000e+03,9.613527101990125079e-05,9.613484648050533044e-05
7.595000000000000000e+03,9.533804606677001494e-05,9.533762263505195461e-05
7.600000000000000000e+03,9.454590233296715843e-05,9.454548000208014009e-05
7.605000000000000000e+03,9.375882638992714361e-05,9.375840522449442789e-05
7.610000000000000000e+03,9.297680478124847718e-05,9.297638471976263786e-05
7.615000000000000000e+03,9.219982354252208941e-05,9.219940468403843906e-05
7.620000000000000000e+03,9.142786879052727605e-05,9.142745109626016246e-05
7.625000000000000000e+03,9.066092620594560104e-05,9.066050972221931031e-05
7.630000000000000000e+03,8.989898137435208849e-05,8.989856611860331560e-05
7.635000000000000000e+03,8.914201965863356161e-05,8.914160563701106104e-05
7.640000000000000000e+03,8.839002618970994568e-05,8.838961342793820290e-05
7.645000000000000000e+03,8.764298596164060457e-05,8.764257444473721949e-05
7.650000000000000000e+03,8.690088364837061929e-05,8.690047344754646495e-05
7.655000000000000000e+03,8.616370393544336428e-05,8.616329500719238903e-05
7.660000000000000000e+03,8.543143108854206306e-05,8.543102350906356770e-05
7.665000000000000000e+03,8.470404944757940725e-05,8.470364315695307490e-05
7.670000000000000000e+03,8.398154286533751601e-05,8.398113797687576873e-05
7.675000000000000000e+03,8.326389538945071309e-05,8.326349182085268554e-05
7.680000000000000000e+03,8.255109056418508757e-05,8.255068837066861364e-05
7.685000000000000000e+03,8.184311193844609738e-05,8.184271114159952611e-05
7.690000000000000000e+03,8.113994288484432222e-05,8.113954348610972383e-05
7.695000000000000000e+03,8.044156656722008486e-05,8.044116859752035542e-05
7.700000000000000000e+03,7.974796609374166124e-05,7.974756951364701048e-05
7.705000000000000000e+03,7.905912421534828330e-05,7.905872912040868975e-05
7.710000000000000000e+03,7.837502384071662646e-05,7.837463015540523863e-05
7.715000000000000000e+03,7.769564742154860316e-05,7.769525521146556138e-05
7.720000000000000000e+03,7.702097746753778259e-05,7.702058674016618251e-05
7.725000000000000000e+03,7.635099629352555648e-05,7.635060705531728192e-05
7.730000000000000000e+03,7.568568610068951809e-05,7.568529833642142189e-05
7.735000000000000000e+03,7.502502887679764849e-05,7.502464263209879919e-05
7.740000000000000000e+03,7.436900658642131481e-05,7.436862186348395566e-05
7.745000000000000000e+03,7.371760102479593050e-05,7.371721782759162959e-05
7.750000000000000000e+03,7.307079388741121720e-05,7.307041220065056903e-05
7.755000000000000000e+03,7.242856663083088427e-05,7.242818654140931840e-05
7.760000000000000000e+03,7.179090086935623364e-05,7.179052229440800183e-05
7.765000000000000000e+03,7.115777778814965152e-05,7.115740079322199860e-05
7.770000000000000000e+03,7.052917870459477086e-05,7.052880326367410885e-05
7.775000000000000000e+03,6.990508464379682969e-05,6.990471082701466769e-05
7.780000000000000000e+03,6.928547677700024315e-05,6.928510450307317180e-05
7.785000000000000000e+03,6.867033585790899384e-05,6.866996521337640424e-05
7.790000000000000000e+03,6.805964284783741470e-05,6.805927378423827512e-05
7.795000000000000000e+03,6.745337837290765108e-05,6.745301094981681091e-05
7.800000000000000000e+03,6.685152317754497497e-05,6.685115735514143669e-05
7.805000000000000000e+03,6.625405774289220694e-05,6.625369355910943985e-05
7.810000000000000000e+03,6.566096260692405324e-05,6.566060003745062611e-05
7.815000000000000000e+03,6.507221808492696501e-05,6.507185718566275620e-05
7.820000000000000000e+03,6.448780460121186363e-05,6.448744532191453790e-05
7.825000000000000000e+03,6.390770230520885790e-05,6.390734468991916828e-05
7.830000000000000000e+03,6.333189142173728222e-05,6.333153546177707123e-05
7.835000000000000000e+03,6.276035203063720039e-05,6.275999774078662376e-05
7.840000000000000000e+03,6.219306420594942792e-05,6.219271156422669317e-05
7.845000000000000000e+03,6.163000785469866687e-05,6.162965690610576713e-05
7.850000000000000000e+03,6.107116293726193431e-05,6.107081367988349092e-05
7.855000000000000000e+03,6.051650935254507409e-05,6.051616174115901443e-05
7.860000000000000000e+03,5.996602677792547991e-05,5.996568089033106191e-05
7.865000000000000000e+03,5.941969509607130626e-05,5.941935087522693244e-05
7.870000000000000000e+03,5.887749390317152036e-05,5.887715139370063467e-05
7.875000000000000000e+03,5.833940292183708784e-05,5.833906209620205285e-05
7.880000000000000000e+03,5.780540168794557379e-05,5.780506258831491511e-05
7.885000000000000000e+03,5.727546984407935618e-05,5.727513243326535266e-05
7.890000000000000000e+03,5.674958685536608919e-05,5.674925115440095514e-05
7.895000000000000000e+03,5.622773222868749596e-05,5.622739823763845193e-05
7.900000000000000000e+03,5.570988539437620140e-05,5.570955313388369881e-05
7.905000000000000000e+03,5.519602581640002762e-05,5.519569526142022956e-05
7.910000000000000000e+03,5.468613282882534281e-05,5.468580400826934047e-05
7.915000000000000000e+03,5.418018585850525539e-05,5.417985873452058293e-05
7.920000000000000000e+03,5.367816415019884885e-05,5.367783877463223034e-05
7.925000000000000000e+03,5.318004710988222760e-05,5.317972343970392852e-05
7.930000000000000000e+03,5.268581393592109145e-05,5.268549201971816850e-05
7.935000000000000000e+03,5.219544400645550786e-05,5.219512378575530480e-05
7.940000000000000000e+03,5.170891646185943861e-05,5.170859799217726729e-05
7.945000000000000000e+03,5.122621060836320139e-05,5.122589387878408006e-05
7.950000000000000000e+03,5.074730569536522822e-05,5.074699067294162166e-05
7.955000000000000000e+03,5.027218086323946057e-05,5.027186759167979351e-05
7.960000000000000000e+03,4.980081539154005863e-05,4.980050384376400336e-05
7.965000000000000000e+03,4.933318844963683291e-05,4.933287863173669083e-05
7.970000000000000000e+03,4.886927921501845211e-05,4.886897115393203935e-05
7.975000000000000000e+03,4.840906696375955317e-05,4.840876060646243784e-05
7.980000000000000000e+03,4.795253079911937743e-05,4.795222618517629907e-05
7.985000000000000000e+03,4.749964995773817047e-05,4.749934708758980306e-05
7.990000000000000000e+03,4.705040365421932826e-05,4.705010251478918394e-05
7.995000000000000000e+03,4.660477108808836914e-05,4.660447167330759237e-05
8.000000000000000000e+03,4.616273146003065027e-05,4.616243377697307068e-05
8.005000000000000000e+03,4.572426400320694142e-05,4.572396804873021586e-05
8.010000000000000000e+03,4.528934794149927463e-05,4.528905372243552342e-05
8.015000000000000000e+03,4.485796253126508778e-05,4.485767004462450146e-05
8.020000000000000000e+03,4.443008703466099933e-05,4.442979627625359050e-05
8.025000000000000000e+03,4.400570075095829400e-05,4.400541169441438204e-05
8.030000000000000000e+03,4.358478290171937362e-05,4.358449559402277835e-05
8.035000000000000000e+03,4.316731288132200176e-05,4.316702728948127777e-05
8.040000000000000000e+03,4.275326999483666405e-05,4.275298611631512386e-05
8.045000000000000000e+03,4.234263358444853272e-05,4.234235143278366695e-05
8.050000000000000000e+03,4.193538307469107918e-05,4.193510262146468172e-05
8.055000000000000000e+03,4.153149779847081248e-05,4.153121909081437829e-05
8.060000000000000000e+03,4.113095730210382682e-05,4.113068027670205642e-05
8.065000000000000000e+03,4.073374095329166728e-05,4.073346564391845448e-05
8.070000000000000000e+03,4.033982828559226874e-05,4.033955468766097755e-05
8.075000000000000000e+03,3.994919882792417009e-05,3.994892693499236955e-05
8.080000000000000000e+03,3.956183213936166550e-05,3.956156194627650184e-05
8.085000000000000000e+03,3.917770782653224454e-05,3.917743931658801220e-05
8.090000000000000000e+03,3.879680547402653359e-05,3.879653867709910783e-05
8.095000000000000000e+03,3.841910481257433620e-05,3.841883969644198740e-05
8.100000000000000000e+03,3.804458550331537024e-05,3.804432208204652283e-05
8.105000000000000000e+03,3.767322732801215790e-05,3.767296558145570156e-05
8.110000000000000000e+03,3.730501004175102998e-05,3.730474998361606420e-05
8.115000000000000000e+03,3.693991350748292835e-05,3.693965512014601787e-05
8.120000000000000000e+03,3.657791757888013170e-05,3.657766086658056800e-05
8.125000000000000000e+03,3.621900218036481611e-05,3.621874714359250949e-05
8.130000000000000000e+03,3.586314729203123156e-05,3.586289391819223868e-05
8.135000000000000000e+03,3.551033293340799909e-05,3.551008120490323856e-05
8.140000000000000000e+03,3.516053911010572801e-05,3.516028906691650343e-05
8.145000000000000000e+03,3.481374602258725256e-05,3.481349761722262208e-05
8.150000000000000000e+03,3.446993378026838432e-05,3.446968701972072689e-05
8.155000000000000000e+03,3.412908259463036539e-05,3.412883749030714805e-05
8.160000000000000000e+03,3.379117277979983518e-05,3.379092929794101483e-05
8.165000000000000000e+03,3.345618458785225920e-05,3.345594276568981956e-05
8.170000000000000000e+03,3.312409848311284247e-05,3.312385827175200995e-05
8.175000000000000000e+03,3.279489483885978095e-05,3.279465625046009298e-05
8.180000000000000000e+03,3.246855414667439724e-05,3.246831719326220378e-05
8.185000000000000000e+03,3.214505699034486181e-05,3.214482164968231572e-05
8.190000000000000000e+03,3.182438396293804222e-05,3.182415022826141600e-05
8.195000000000000000e+03,3.150651572537111308e-05,3.150628359747686844e-05
8.200000000000000000e+03,3.119143301163083759e-05,3.119120248664240965e-05
8.205000000000000000e+03,3.087911661311579757e-05,3.087888768678854161e-05
8.210000000000000000e+03,3.056954739429414988e-05,3.056932005152200577e-05
8.215000000000000000e+03,3.026270625326926212e-05,3.026248049786711718e-05
8.220000000000000000e+03,2.995857418093127601e-05,2.995835000708636325e-05
8.225000000000000000e+03,2.965713223022147329e-05,2.965690962548319783e-05
8.230000000000000000e+03,2.935836149467536252e-05,2.935814046518446928e-05
8.235000000000000000e+03,2.906224317569306670e-05,2.906202370490502693e-05
8.240000000000000000e+03,2.876875850425049389e-05,2.876854059069361834e-05
8.245000000000000000e+03,2.847788880005090387e-05,2.847767243665958928e-05
8.250000000000000000e+03,2.818961544426879063e-05,2.818940062568262627e-05
8.255000000000000000e+03,2.790391987839004352e-05,2.790370661010311887e-05
8.260000000000000000e+03,2.762078366162377943e-05,2.762057191239574401e-05
8.265000000000000000e+03,2.734018833404184239e-05,2.733997812582484251e-05
8.270000000000000000e+03,2.706211561143101148e-05,2.706190691508228907e-05
8.275000000000000000e+03,2.678654719276048077e-05,2.678634001690851989e-05
8.280000000000000000e+03,2.651346490632099234e-05,2.651325924069587088e-05
8.285000000000000000e+03,2.624285063665527824e-05,2.624264646907531056e-05
8.290000000000000000e+03,2.597468631469945419e-05,2.597448365848703875e-05
8.295000000000000000e+03,2.570895402274804711e-05,2.570875283973290791e-05
8.300000000000000000e+03,2.544563580714072937e-05,2.544543611851460076e-05
8.305000000000000000e+03,2.518471388297309580e-05,2.518451567595378306e-05
8.310000000000000000e+03,2.492617050999438699e-05,2.492597376909761283e-05
8.315000000000000000e+03,2.466998800594556122e-05,2.466979273140752587e-05
8.320000000000000000e+03,2.441614878367403529e-05,2.441595497323301170e-05
8.325000000000000000e+03,2.416463534533448023e-05,2.416444298226976697e-05
8.330000000000000000e+03,2.391543023773520264e-05,2.391523932400238872e-05
8.335000000000000000e+03,2.366851611728889538e-05,2.366832664213239709e-05
8.340000000000000000e+03,2.342387569955979427e-05,2.342368765899104189e-05
8.345000000000000000e+03,2.318149179173909752e-05,2.318130517593738776e-05
8.350000000000000000e+03,2.294134726712856233e-05,2.294116207374239283e-05
8.355000000000000000e+03,2.270342509355646808e-05,2.270324131295786604e-05
8.360000000000000000e+03,2.246770831134077345e-05,2.246752593427191948e-05
8.365000000000000000e+03,2.223418003502883404e-05,2.223399905884989236e-05
8.370000000000000000e+03,2.200282346731545472e-05,2.200264388866198336e-05
8.375000000000000000e+03,2.177362190716170722e-05,2.177344370679677480e-05
8.380000000000000000e+03,2.154655868832371286e-05,2.154638187776147868e-05
8.385000000000000000e+03,2.132161729765574886e-05,2.132144184776924354e-05
8.390000000000000000e+03,2.109878121853259628e-05,2.109860714501245126e-05
8.395000000000000000e+03,2.087803409612598330e-05,2.087786137992418941e-05
8.400000000000000000e+03,2.065935961562190480e-05,2.065918824542584915e-05
8.405000000000000000e+03,2.044274153933538351e-05,2.044257151716299335e-05
8.410000000000000000e+03,2.022816373686613385e-05,2.022799505372841093e-05
8.415000000000000000e+03,2.001561014972362673e-05,2.001544279687263162e-05
8.420000000000000000e+03,1.980506480118566880e-05,1.980489877170315486e-05
8.425000000000000000e+03,1.959651179397873494e-05,1.959634708687067514e-05
8.430000000000000000e+03,1.938993533579434794e-05,1.938977193474437032e-05
8.435000000000000000e+03,1.918531968999608416e-05,1.918515759157547390e-05
8.440000000000000000e+03,1.898264921853346789e-05,1.898248841764880242e-05
8.445000000000000000e+03,1.878190836860386883e-05,1.878174885742386438e-05
8.450000000000000000e+03,1.858308166801316713e-05,1.858292343966409373e-05
8.455000000000000000e+03,1.838615373329459130e-05,1.838599677755580383e-05
8.460000000000000000e+03,1.819110925521077695e-05,1.819095356881561830e-05
8.465000000000000000e+03,1.799793301789106331e-05,1.799777859578794757e-05
8.470000000000000000e+03,1.780660989883147636e-05,1.780645672553159972e-05
8.475000000000000000e+03,1.761712483293984376e-05,1.761697290989606762e-05
8.480000000000000000e+03,1.742946286704805369e-05,1.742931218558794651e-05
8.485000000000000000e+03,1.724360912917640725e-05,1.724345967422680090e-05
8.490000000000000000e+03,1.705954880707669165e-05,1.705940058239176151e-05
8.495000000000000000e+03,1.687726720651387119e-05,1.687712020165808326e-05
8.500000000000000000e+03,1.669674970806224682e-05,1.669660390862405717e-05
8.505000000000000000e+03,1.651798175463722602e-05,1.651783716492888278e-05
8.510000000000000000e+03,1.634094890803726571e-05,1.634080551726088435e-05
8.515000000000000000e+03,1.616563680226053903e-05,1.616549459735675529e-05
8.520000000000000000e+03,1.599203114292500238e-05,1.599189012199204096e-05
8.525000000000000000e+03,1.582011773568434504e-05,1.581997789296245643e-05
8.530000000000000000e+03,1.564988247346981966e-05,1.564974379705682893e-05
8.535000000000000000e+03,1.548131131822284175e-05,1.548117380602109553e-05
8.540000000000000000e+03,1.531439033713981408e-05,1.531425397651461993e-05
8.545000000000000000e+03,1.514910565801850124e-05,1.514897045005732580e-05
8.550000000000000000e+03,1.498544352203050826e-05,1.498530945296948119e-05
8.555000000000000000e+03,1.482339023384838213e-05,1.482325729630334125e-05
8.560000000000000000e+03,1.466293218513227013e-05,1.466280037576642063e-05
8.565000000000000000e+03,1.450405586032909363e-05,1.450392517163797092e-05
8.570000000000000000e+03,1.434674782710390147e-05,1.434661824867704033e-05
8.575000000000000000e+03,1.419099472764112791e-05,1.419086625602359446e-05
8.580000000000000000e+03,1.403678329865172090e-05,1.403665592709231188e-05
8.585000000000000000e+03,1.388410036354427745e-05,1.388397407945887339e-05
8.590000000000000000e+03,1.373293280980825086e-05,1.373280761473970194e-05
8.595000000000000000e+03,1.358326763830693484e-05,1.358314351846422669e-05
8.600000000000000000e+03,1.343509190818531238e-05,1.343496885994097729e-05
8.605000000000000000e+03,1.328839277775422870e-05,1.328827079211648337e-05
8.610000000000000000e+03,1.314315748100374138e-05,1.314303655142794002e-05
8.615000000000000000e+03,1.299937333543199691e-05,1.299925345764952036e-05
8.620000000000000000e+03,1.285702774987412410e-05,1.285690891373204751e-05
8.625000000000000000e+03,1.271610820652479325e-05,1.271599040563694730e-05
8.630000000000000000e+03,1.257660227253656211e-05,1.257648550216382964e-05
8.635000000000000000e+03,1.243849760378933506e-05,1.243838185477228295e-05
8.640000000000000000e+03,1.230178192952255632e-05,1.230166719739791555e-05
8.645000000000000000e+03,1.216644307292228638e-05,1.216632934626257283e-05
8.650000000000000000e+03,1.203246892357510787e-05,1.203235619967911144e-05
8.655000000000000000e+03,1.189984746298450341e-05,1.189973573785064735e-05
8.660000000000000000e+03,1.176856676718048124e-05,1.176845602266440501e-05
8.665000000000000000e+03,1.163861495423705115e-05,1.163850519748060622e-05
8.670000000000000000e+03,1.150998027241966197e-05,1.150987148691576694e-05
8.675000000000000000e+03,1.138265101261768528e-05,1.138254319662159117e-05
8.680000000000000000e+03,1.125661557039557570e-05,1.125650871305830158e-05
8.685000000000000000e+03,1.113186240510868278e-05,1.113175650326383145e-05
8.690000000000000000e+03,1.100838006599955005e-05,1.100827511461779561e-05
8.695000000000000000e+03,1.088615718871839509e-05,1.088605317460114311e-05
8.700000000000000000e+03,1.076518246806700560e-05,1.076507939055149177e-05
8.705000000000000000e+03,1.064544470178249414e-05,1.064534254941359395e-05
8.710000000000000000e+03,1.052693274501378678e-05,1.052683151748610589e-05
8.715000000000000000e+03,1.040963555497525536e-05,1.040953524016377802e-05
8.720000000000000000e+03,1.029354214890272092e-05,1.029344274167572172e-05
8.725000000000000000e+03,1.017864162840997079e-05,1.017854312481982390e-05
8.730000000000000000e+03,1.006492318035863607e-05,1.006482557069299236e-05
8.735000000000000000e+03,9.952376061200431795e-06,9.952279338418035110e-06
8.740000000000000000e+03,9.840989603066278602e-06,9.840893764866357070e-06
8.745000000000000000e+03,9.730753227684329695e-06,9.730658264377649717e-06
8.750000000000000000e+03,9.621656421733468619e-06,9.621562328475503179e-06
8.755000000000000000e+03,9.513688759170142294e-06,9.513595525580035062e-06
8.760000000000000000e+03,9.406839873682282062e-06,9.406747500717151469e-06
8.765000000000000000e+03,9.301099500443347281e-06,9.301007975224319943e-06
8.770000000000000000e+03,9.196457425369564703e-06,9.196366746453586165e-06
8.775000000000000000e+03,9.092903533253065293e-06,9.092813687471219456e-06
8.780000000000000000e+03,8.990427756294215865e-06,8.990338746754580014e-06
8.785000000000000000e+03,8.889020135282910511e-06,8.888931947886214663e-06
8.790000000000000000e+03,8.788670755517688884e-06,8.788583389244801632e-06
8.795000000000000000e+03,8.689369797548513759e-06,8.689283243693843924e-06
8.800000000000000000e+03,8.591107507166049820e-06,8.591021758267328615e-06
8.805000000000000000e+03,8.493874203520498169e-06,8.493789253853138124e-06
8.810000000000000000e+03,8.397660275352140477e-06,8.397576124873969516e-06
8.815000000000000000e+03,8.302456204767946830e-06,8.302372838965585644e-06
8.820000000000000000e+03,8.208252520413254213e-06,8.208169936653235017e-06
8.825000000000000000e+03,8.115039837051117382e-06,8.114958031025362845e-06
8.830000000000000000e+03,8.022808844108951282e-06,8.022727807405648353e-06
8.835000000000000000e+03,7.931550294660090985e-06,7.931470023022489142e-06
8.840000000000000000e+03,7.841255019196840493e-06,7.841175506676798247e-06
8.845000000000000000e+03,7.751913920991120816e-06,7.751835158407915715e-06
8.850000000000000000e+03,7.663517963191324015e-06,7.663439949157339908e-06
8.855000000000000000e+03,7.576058195643473410e-06,7.575980920431095092e-06
8.860000000000000000e+03,7.489525723285745149e-06,7.489449183959952637e-06
8.865000000000000000e+03,7.403911730215024765e-06,7.403835921358368969e-06
8.870000000000000000e+03,7.319207471423091101e-06,7.319132383781708273e-06
8.875000000000000000e+03,7.235404259893457654e-06,7.235329891581815185e-06
8.880000000000000000e+03,7.152493491392832622e-06,7.152419833961466001e-06
8.885000000000000000e+03,7.070466622144305348e-06,7.070393668627099574e-06
8.890000000000000000e+03,6.989315168682369857e-06,6.989242921440428423e-06
8.895000000000000000e+03,6.909030744097748423e-06,6.908959186068876709e-06
8.900000000000000000e+03,6.829604989607159148e-06,6.829534123634505404e-06
8.905000000000000000e+03,6.751029644868279705e-06,6.750959462362222572e-06
8.910000000000000000e+03,6.673296501876330156e-06,6.673226997226582484e-06
8.915000000000000000e+03,6.596397423086485170e-06,6.596328589597822411e-06
8.920000000000000000e+03,6.520324328800669129e-06,6.520256166886800810e-06
8.925000000000000000e+03,6.445069225873469681e-06,6.445001722189041045e-06
8.930000000000000000e+03,6.370624162333601196e-06,6.370557313928169483e-06
8.935000000000000000e+03,6.296981257539610918e-06,6.296915065498216018e-06
8.940000000000000000e+03,6.224132716387850386e-06,6.224067164905544444e-06
8.945000000000000000e+03,6.152070774365309223e-06,6.152005864409835006e-06
8.950000000000000000e+03,6.080787753511638624e-06,6.080723480164619703e-06
8.955000000000000000e+03,6.010276035887929676e-06,6.010212391857280585e-06
8.960000000000000000e+03,5.940528063866678148e-06,5.940465042348356861e-06
8.965000000000000000e+03,5.871536337522150516e-06,5.871473937310630097e-06
8.970000000000000000e+03,5.803293431303012040e-06,5.803231644867542785e-06
8.975000000000000000e+03,5.735791974025174771e-06,5.735730795231580497e-06
8.980000000000000000e+03,5.669024652496284562e-06,5.668964080341974721e-06
8.985000000000000000e+03,5.602984228333318834e-06,5.602924253502463289e-06
8.990000000000000000e+03,5.537663512446231493e-06,5.537604129018694207e-06
8.995000000000000000e+03,5.473055371851974701e-06,5.472996581835396552e-06
9.000000000000000000e+03,5.409152757510532448e-06,5.409094547173599649e-06
9.005000000000000000e+03,5.345948649957673773e-06,5.345891020167625241e-06
9.010000000000000000e+03,5.283436111787466535e-06,5.283379055502066960e-06
9.015000000000000000e+03,5.221608252857242217e-06,5.221551767048928181e-06
9.020000000000000000e+03,5.160458251744532897e-06,5.160402327504562535e-06
9.025000000000000000e+03,5.099979331390548224e-06,5.099923968026916792e-06
9.030000000000000000e+03,5.040164786936201369e-06,5.040109977872811033e-06
9.035000000000000000e+03,4.981007963685256875e-06,4.980953704035343323e-06
9.040000000000000000e+03,4.922502267397857891e-06,4.922448550881719598e-06
9.045000000000000000e+03,4.864641154141974554e-06,4.864587979790989535e-06
9.050000000000000000e+03,4.807418147545947244e-06,4.807365508792458348e-06
9.055000000000000000e+03,4.750826819661210317e-06,4.750774712204068941e-06
9.060000000000000000e+03,4.694860804300394569e-06,4.694809220271457456e-06
9.065000000000000000e+03,4.639513779349846963e-06,4.639462718807133328e-06
9.070000000000000000e+03,4.584779491561095757e-06,4.584728948830281913e-06
9.075000000000000000e+03,4.530651739008351788e-06,4.530601706206992325e-06
9.080000000000000000e+03,4.477124364057010141e-06,4.477074841290917263e-06
9.085000000000000000e+03,4.424191277720183351e-06,4.424142258564541002e-06
9.090000000000000000e+03,4.371846436896937274e-06,4.371797916281014902e-06
9.095000000000000000e+03,4.320083852418650077e-06,4.320035826106462171e-06
9.100000000000000000e+03,4.268897589773908116e-06,4.268850052763219444e-06
9.105000000000000000e+03,4.218281762511945479e-06,4.218234713673292663e-06
9.110000000000000000e+03,4.168230547537963458e-06,4.168183978602941209e-06
9.115000000000000000e+03,4.118738161843947094e-06,4.118692069307682155e-06
9.120000000000000000e+03,4.069798875556807090e-06,4.069753259178196614e-06
9.125000000000000000e+03,4.021407023681704725e-06,4.021361872886928113e-06
9.130000000000000000e+03,3.973556972031908302e-06,3.973512286035527994e-06
9.135000000000000000e+03,3.926243148326860719e-06,3.926198924803176658e-06
9.140000000000000000e+03,3.879460035378149236e-06,3.879416265595617154e-06
9.145000000000000000e+03,3.833202151807256135e-06,3.833158834695238243e-06
9.150000000000000000e+03,3.787464075822169533e-06,3.787421207911955799e-06
9.155000000000000000e+03,3.742240435793724685e-06,3.742198010235031863e-06
9.160000000000000000e+03,3.697525900614479310e-06,3.697483915485951649e-06
9.165000000000000000e+03,3.653315195283992770e-06,3.653273645972124715e-06
9.170000000000000000e+03,3.609603089890397022e-06,3.609561972141736395e-06
9.175000000000000000e+03,3.566384402582469218e-06,3.566343712239506417e-06
9.180000000000000000e+03,3.523653996525070874e-06,3.523613731963536366e-06
9.185000000000000000e+03,3.481406791135043307e-06,3.481366944123305316e-06
9.190000000000000000e+03,3.439637737289741653e-06,3.439598308298594220e-06
9.195000000000000000e+03,3.398341847990164156e-06,3.398302830499670696e-06
9.200000000000000000e+03,3.357514171757246491e-06,3.357475562828465257e-06
9.205000000000000000e+03,3.317149806984811762e-06,3.317111603141064682e-06
9.210000000000000000e+03,3.277243898025132250e-06,3.277206094711169730e-06
9.215000000000000000e+03,3.237791631926892455e-06,3.237754225894896680e-06
9.220000000000000000e+03,3.198788241914693718e-06,3.198751229796743103e-06
9.225000000000000000e+03,3.160229006301708706e-06,3.160192383936698418e-06
9.230000000000000000e+03,3.122109246170012232e-06,3.122073009918694860e-06
9.235000000000000000e+03,3.084424326530418388e-06,3.084388473100241763e-06
9.240000000000000000e+03,3.047169657482310051e-06,3.047134182263336745e-06
9.245000000000000000e+03,3.010340688341980238e-06,3.010305589286743153e-06
9.250000000000000000e+03,2.973932916051432256e-06,2.973898188819390251e-06
9.255000000000000000e+03,2.937941876769577857e-06,2.937907517955307813e-06
9.260000000000000000e+03,2.902363149859168804e-06,2.902329155909679214e-06
9.265000000000000000e+03,2.867192356437004690e-06,2.867158723696387429e-06
9.270000000000000000e+03,2.832425157924139065e-06,2.832391883806875613e-06
9.275000000000000000e+03,2.798057259960319381e-06,2.798024339890293912e-06
9.280000000000000000e+03,2.764084406097390903e-06,2.764051836435167962e-06
9.285000000000000000e+03,2.730502376929415466e-06,2.730470158452316767e-06
9.290000000000000000e+03,2.697307009229946053e-06,2.697275131159304546e-06
9.295000000000000000e+03,2.664494153545571733e-06,2.664462619666199561e-06
9.300000000000000000e+03,2.632059725953539380e-06,2.632028528662810585e-06
9.305000000000000000e+03,2.599999664060526579e-06,2.599968802107398910e-06
9.310000000000000000e+03,2.568309953606347730e-06,2.568279422916712141e-06
9.315000000000000000e+03,2.536986614980877660e-06,2.536956412657637950e-06
9.320000000000000000e+03,2.506025708153348429e-06,2.505995831240174112e-06
9.325000000000000000e+03,2.475423331440024808e-06,2.475393776611959201e-06
9.330000000000000000e+03,2.445175620996776066e-06,2.445146384454309734e-06
9.335000000000000000e+03,2.415278749006836271e-06,2.415249827879611726e-06
9.340000000000000000e+03,2.385728923535823593e-06,2.385700317130403760e-06
9.345000000000000000e+03,2.356522396795561022e-06,2.356494099279789905e-06
9.350000000000000000e+03,2.327655449703780440e-06,2.327627457933525948e-06
9.355000000000000000e+03,2.299124400437900082e-06,2.299096712933454102e-06
9.360000000000000000e+03,2.270925607044655543e-06,2.270898220062625845e-06
9.365000000000000000e+03,2.243055459973661476e-06,2.243028370751899876e-06
9.370000000000000000e+03,2.215510385738141870e-06,2.215483591788007549e-06
9.375000000000000000e+03,2.188286847386111618e-06,2.188260345023311104e-06
9.380000000000000000e+03,2.161381339933527222e-06,2.161355127086965433e-06
9.385000000000000000e+03,2.134790396199705991e-06,2.134764469097741300e-06
9.390000000000000000e+03,2.108510580247012236e-06,2.108484936378385503e-06
9.395000000000000000e+03,2.082538491077826596e-06,2.082513128171485786e-06
9.400000000000000000e+03,2.056870762199611552e-06,2.056845677357020509e-06
9.405000000000000000e+03,2.031504060465075996e-06,2.031479250171359698e-06
9.410000000000000000e+03,2.006435084078707751e-06,2.006410545927923743e-06
9.415000000000000000e+03,1.981660564553996082e-06,1.981636296739440452e-06
9.420000000000000000e+03,1.957177268163225574e-06,1.957153267241682288e-06
9.425000000000000000e+03,1.932981991950542872e-06,1.932958254318914613e-06
9.430000000000000000e+03,1.909071561593512313e-06,1.909048086830841493e-06
9.435000000000000000e+03,1.885442842204076879e-06,1.885419625341206385e-06
9.440000000000000000e+03,1.862092721547198627e-06,1.862069761847946503e-06
9.445000000000000000e+03,1.839018125952341894e-06,1.838995419514958652e-06
9.450000000000000000e+03,1.816216007084109963e-06,1.816193552405487146e-06
9.455000000000000000e+03,1.793683351112185422e-06,1.793661145217059875e-06
9.460000000000000000e+03,1.771417173238362514e-06,1.771395213018077158e-06
9.465000000000000000e+03,1.749414516681690491e-06,1.749392800985971830e-06
9.470000000000000000e+03,1.727672459420013501e-06,1.727650984146960704e-06
9.475000000000000000e+03,1.706188103244030412e-06,1.706166867117485642e-06
9.480000000000000000e+03,1.684958583035972606e-06,1.684937583847097976e-06
9.485000000000000000e+03,1.663981063326343682e-06,1.663960297363129533e-06
9.490000000000000000e+03,1.643252733219645134e-06,1.643232199516816108e-06
9.495000000000000000e+03,1.622770815600560187e-06,1.622750510731132998e-06
9.500000000000000000e+03,1.602532557565322655e-06,1.602512479750157962e-06
9.505000000000000000e+03,1.582535236365865517e-06,1.582515383390074864e-06
9.510000000000000000e+03,1.562776157380112286e-06,1.562756526291787336e-06
9.515000000000000000e+03,1.543252651393613656e-06,1.543233240675093289e-06
9.520000000000000000e+03,1.523962078948928486e-06,1.523942886094501202e-06
9.525000000000000000e+03,1.504901826902363934e-06,1.504882849196610030e-06
9.530000000000000000e+03,1.486069307517854761e-06,1.486050543479107782e-06
9.535000000000000000e+03,1.467461962055201358e-06,1.467443409051361055e-06
9.540000000000000000e+03,1.449077256529425134e-06,1.449058912396587871e-06
9.545000000000000000e+03,1.430912683486765150e-06,1.430894546135632047e-06
9.550000000000000000e+03,1.412965761497249482e-06,1.412947828792307544e-06
9.555000000000000000e+03,1.395234034538534445e-06,1.395216304560344332e-06
9.560000000000000000e+03,1.377715072902025074e-06,1.377697543071944056e-06
9.565000000000000000e+03,1.360406470329532130e-06,1.360389139167831976e-06
9.570000000000000000e+03,1.343305848398898681e-06,1.343288712668991326e-06
9.575000000000000000e+03,1.326410847970217987e-06,1.326393908149888246e-06
9.580000000000000000e+03,1.309719143756257504e-06,1.309702394713324492e-06
9.585000000000000000e+03,1.293228424641513896e-06,1.293211865766817140e-06
9.590000000000000000e+03,1.276936408071411592e-06,1.276920038800560545e-06
9.595000000000000000e+03,1.260840839363652505e-06,1.260824655166981357e-06
9.600000000000000000e+03,1.244939480291090915e-06,1.244923479861773730e-06
9.605000000000000000e+03,1.229230117454292467e-06,1.229214301306573111e-06
9.610000000000000000e+03,1.213710568588133439e-06,1.213694931133111920e-06
9.615000000000000000e+03,1.198378661829757315e-06,1.198363203968960869e-06
9.620000000000000000e+03,1.183232259277716034e-06,1.183216977224805955e-06
9.625000000000000000e+03,1.168269237492248754e-06,1.168254130883248207e-06
9.630000000000000000e+03,1.153487501232075092e-06,1.153472567289149267e-06
9.635000000000000000e+03,1.138884973668289545e-06,1.138870210941489351e-06
9.640000000000000000e+03,1.124459601513005379e-06,1.124445008286768706e-06
9.645000000000000000e+03,1.110209353551438694e-06,1.110194927513928449e-06
9.650000000000000000e+03,1.096132218412851437e-06,1.096117958350746287e-06
9.655000000000000000e+03,1.082226207941320713e-06,1.082212111861800737e-06
9.660000000000000000e+03,1.068489354259907765e-06,1.068475420247887162e-06
9.665000000000000000e+03,1.054919710042493928e-06,1.054905936646973495e-06
9.670000000000000000e+03,1.041515349546757638e-06,1.041501734936607997e-06
9.675000000000000000e+03,1.028274366874424237e-06,1.028260909537847220e-06
9.680000000000000000e+03,1.015194877620403548e-06,1.015181575220669670e-06
9.685000000000000000e+03,1.002275015012717374e-06,1.002261866910826250e-06
9.690000000000000000e+03,9.895129358022838032e-07,9.894999394982282770e-07
9.695000000000000000e+03,9.769068136119897323e-07,9.768939676467193418e-07
9.700000000000000000e+03,9.644548420537477597e-07,9.644421456053832597e-07
9.705000000000000000e+03,9.521552367582066147e-07,9.521426870212744047e-07
9.710000000000000000e+03,9.400062288325578291e-07,9.399938247535747628e-07
9.715000000000000000e+03,9.280060707321995731e-07,9.279938106892443051e-07
9.720000000000000000e+03,9.161530322738048776e-07,9.161409155600583770e-07
9.725000000000000000e+03,9.044454053652721954e-07,9.044334287611195606e-07
9.730000000000000000e+03,8.928814948539053013e-07,8.928696581707516819e-07
9.735000000000000000e+03,8.814596288380676662e-07,8.814479299718394932e-07
9.740000000000000000e+03,8.701781507114425467e-07,8.701665884745914752e-07
9.745000000000000000e+03,8.590354236030242634e-07,8.590239959406622337e-07
9.750000000000000000e+03,8.480298259371267113e-07,8.480185324087345456e-07
9.755000000000000000e+03,8.371597573050458188e-07,8.371485955214328346e-07
9.760000000000000000e+03,8.264236314879295182e-07,8.264126003536762858e-07
9.765000000000000000e+03,8.158198811323607572e-07,8.158089792423825538e-07
9.770000000000000000e+03,8.053469557025255404e-07,8.053361816175449350e-07
9.775000000000000000e+03,7.950033214620892836e-07,7.949926738347035444e-07
9.780000000000000000e+03,7.847874616554212067e-07,7.847769390087297107e-07
9.785000000000000000e+03,7.746978758733103341e-07,7.746874768490062825e-07
9.790000000000000000e+03,7.647330803066791793e-07,7.647228034959437047e-07
9.795000000000000000e+03,7.548916070398090775e-07,7.548814513588202193e-07
9.800000000000000000e+03,7.451720049927060558e-07,7.451619689549740372e-07
9.805000000000000000e+03,7.355728386162871299e-07,7.355629207503069277e-07
9.810000000000000000e+03,7.260926878561348110e-07,7.260828870011261215e-07
9.815000000000000000e+03,7.167301485511911731e-07,7.167204635972767730e-07
9.820000000000000000e+03,7.074838326693484208e-07,7.074742619065871123e-07
9.825000000000000000e+03,6.983523660421474691e-07,6.983429086206376162e-07
9.830000000000000000e+03,6.893343913368537131e-07,6.893250456017705517e-07
9.835000000000000000e+03,6.804285641420157056e-07,6.804193297314308455e-07
9.840000000000000000e+03,6.716335583679443646e-07,6.716244327597613011e-07
9.845000000000000000e+03,6.629480582728506869e-07,6.629390411564718614e-07
9.850000000000000000e+03,6.543707660742599891e-07,6.543618559629768785e-07
9.855000000000000000e+03,6.459003969653479789e-07,6.458915926457776277e-07
9.860000000000000000e+03,6.375356804197539294e-07,6.375269809511147365e-07
9.865000000000000000e+03,6.292753607714988213e-07,6.292667647608279526e-07
9.870000000000000000e+03,6.211181957470689870e-07,6.211097019494938725e-07
9.875000000000000000e+03,6.130629567916200397e-07,6.130545642427513173e-07
9.880000000000000000e+03,6.051084292864460177e-07,6.051001370768643284e-07
9.885000000000000000e+03,5.972534130564059064e-07,5.972452194595133613e-07
9.890000000000000000e+03,5.894967194340938911e-07,5.894886238317552796e-07
9.895000000000000000e+03,5.818371746306074993e-07,5.818291759312202280e-07
9.900000000000000000e+03,5.742736178689390835e-07,5.742657146564669290e-07
9.905000000000000000e+03,5.668049005322226771e-07,5.667970919325461666e-07
9.910000000000000000e+03,5.594298875591592588e-07,5.594221725777337044e-07
9.915000000000000000e+03,5.521474568097328595e-07,5.521398341714202511e-07
9.920000000000000000e+03,5.449564981047223157e-07,5.449489669231867420e-07
9.925000000000000000e+03,5.378559139777811888e-07,5.378484735430059639e-07
9.930000000000000000e+03,5.308446206449877806e-07,5.308372691126198599e-07
9.935000000000000000e+03,5.239215437460764480e-07,5.239142809580395783e-07
9.940000000000000000e+03,5.170856240620605569e-07,5.170784485231769443e-07
9.945000000000000000e+03,5.103358123412822841e-07,5.103287232446197445e-07
9.950000000000000000e+03,5.036710723077339855e-07,5.036640684275004249e-07
9.955000000000000000e+03,4.970903784229397577e-07,4.970834591224970601e-07
9.960000000000000000e+03,4.905927177163190977e-07,4.905858820039211721e-07
9.965000000000000000e+03,4.841770886253528411e-07,4.841703352489184437e-07
9.970000000000000000e+03,4.778425001619514410e-07,4.778358284177442116e-07
9.975000000000000000e+03,4.715879731447797503e-07,4.715813823351266023e-07
9.980000000000000000e+03,4.654125403714198567e-07,4.654060289727103765e-07
9.985000000000000000e+03,4.593152438093961651e-07,4.593088113325531584e-07
9.990000000000000000e+03,4.532951376769869050e-07,4.532887833316948566e-07
9.995000000000000000e+03,4.473512872108990300e-07,4.473450096877801581e-07
1.000000000000000000e+04,4.414827670171290032e-07,4.414765658057132377e-07
1.000500000000000000e+04,4.356886637168350097e-07,4.356825376653697239e-07
1.001000000000000000e+04,4.299680732098524947e-07,4.299620217103185927e-07
1.001500000000000000e+04,4.243201026500375715e-07,4.243141247375879228e-07
1.002000000000000000e+04,4.187438690951465843e-07,4.187379637884402624e-07
1.002500000000000000e+04,4.132384994796529150e-07,4.132326660401486053e-07
1.003000000000000000e+04,4.078031306419303883e-07,4.077973686987897608e-07
1.003500000000000000e+04,4.024369110821275871e-07,4.024312188930196982e-07
1.004000000000000000e+04,3.971389959966262468e-07,3.971333735688506148e-07
1.004500000000000000e+04,3.919085535030905723e-07,3.919029993853999200e-07
1.005000000000000000e+04,3.867447585241521227e-07,3.867392726116075912e-07
1.005500000000000000e+04,3.816467980066659487e-07,3.816413790239439747e-07
1.006000000000000000e+04,3.766138666176360735e-07,3.766085138050438709e-07
1.006500000000000000e+04,3.716451685655188648e-07,3.716398814433302714e-07
1.007000000000000000e+04,3.667399181438953673e-07,3.667346956335483912e-07
1.007500000000000000e+04,3.618973373664958100e-07,3.618921791782672255e-07
1.008000000000000000e+04,3.571166590389495541e-07,3.571115638902984950e-07
1.008500000000000000e+04,3.523971231614850828e-07,3.523920904960403400e-07
1.009000000000000000e+04,3.477379792848443059e-07,3.477330085397477212e-07
1.009500000000000000e+04,3.431384859756710974e-07,3.431335762887033759e-07
1.010000000000000000e+04,3.385979099647579932e-07,3.385930606393068511e-07
1.010500000000000000e+04,3.341155267360246208e-07,3.341107370240423870e-07
1.011000000000000000e+04,3.296906197200700190e-07,3.296858893193525433e-07
1.011500000000000000e+04,3.253224823782507760e-07,3.253178097543933215e-07
1.012000000000000000e+04,3.210104132824447805e-07,3.210057988206591912e-07
1.012500000000000000e+04,3.167537231374877209e-07,3.167491651824873880e-07
1.013000000000000000e+04,3.125517271335130331e-07,3.125472255884179281e-07
1.013500000000000000e+04,3.084037506726361489e-07,3.083993047834138894e-07
1.014000000000000000e+04,3.043091263787550267e-07,3.043047354219351846e-07
1.014500000000000000e+04,3.002671946593456004e-07,3.002628579818489387e-07
1.015000000000000000e+04,2.962773036057883428e-07,2.962730206791842518e-07
1.015500000000000000e+04,2.923388093739387916e-07,2.923345793837079484e-07
1.016000000000000000e+04,2.884510749336811326e-07,2.884468975353333846e-07
1.016500000000000000e+04,2.846134718721085075e-07,2.846093460613434649e-07
1.017000000000000000e+04,2.808253777114053099e-07,2.808213032944169638e-07
1.017500000000000000e+04,2.770861788492094059e-07,2.770821548914747232e-07
1.018000000000000000e+04,2.733952676227804283e-07,2.733912937533051718e-07
1.018500000000000000e+04,2.697520445335267238e-07,2.697481199449951095e-07
1.019000000000000000e+04,2.661559162761923019e-07,2.661520406171379081e-07
1.019500000000000000e+04,2.626062973109766135e-07,2.626024699278235240e-07
1.020000000000000000e+04,2.591026087399446578e-07,2.590988289654026461e-07
1.020500000000000000e+04,2.556442784384144451e-07,2.556405456720069789e-07
1.021000000000000000e+04,2.522307408374881701e-07,2.522270547678422323e-07
1.021500000000000000e+04,2.488614378165809923e-07,2.488577976762235344e-07
1.022000000000000000e+04,2.455358171041181704e-07,2.455322224493650762e-07
1.022500000000000000e+04,2.422533334917363574e-07,2.422497836949073079e-07
1.023000000000000000e+04,2.390134478783268221e-07,2.390099425031782503e-07
1.023500000000000000e+04,2.358156279496255206e-07,2.358121663751885994e-07
1.024000000000000000e+04,2.326593473717659175e-07,2.326559291513388170e-07
1.024500000000000000e+04,2.295440863168288109e-07,2.295407109408569975e-07
1.025000000000000000e+04,2.264693312181898614e-07,2.264659980519322555e-07
1.025500000000000000e+04,2.234345742449694773e-07,2.234312829225644382e-07
1.026000000000000000e+04,2.204393140948886081e-07,2.204360640521083253e-07
1.026500000000000000e+04,2.174830551515761790e-07,2.174798459335044029e-07
1.027000000000000000e+04,2.145653079330991093e-07,2.145621389862092850e-07
1.027500000000000000e+04,2.116855885709427647e-07,2.116824594897900784e-07
1.028000000000000000e+04,2.088434193174385909e-07,2.088403295182096071e-07
1.028500000000000000e+04,2.060383277211941626e-07,2.060352768747743354e-07
1.029000000000000000e+04,2.032698474788468038e-07,2.032668350277385555e-07
1.029500000000000000e+04,2.005375175742488060e-07,2.005345430465813315e-07
1.030000000000000000e+04,1.978408825865484519e-07,1.978379455389201203e-07
1.030500000000000000e+04,1.951794926086392184e-07,1.951765925880801823e-07
1.031000000000000000e+04,1.925529029617316165e-07,1.925500396913056185e-07
1.031500000000000000e+04,1.899606749972702528e-07,1.899578476985941425e-07
1.032000000000000000e+04,1.874023742439166165e-07,1.873995827521755172e-07
1.032500000000000000e+04,1.848775724780352517e-07,1.848748162266044351e-07
1.033000000000000000e+04,1.823858459975335195e-07,1.823831246694760207e-07
1.033500000000000000e+04,1.799267767273291147e-07,1.799240897427502698e-07
1.034000000000000000e+04,1.774999510142092445e-07,1.774972981646900058e-07
1.034500000000000000e+04,1.751049609724200740e-07,1.751023416523981115e-07
1.035000000000000000e+04,1.727414029251390205e-07,1.727388168649471548e-07
1.035500000000000000e+04,1.704088786232071197e-07,1.704063253471084754e-07
1.036000000000000000e+04,1.681069944114979653e-07,1.681044734736617799e-07
1.036500000000000000e+04,1.658353612153258485e-07,1.658328723942864376e-07
1.037000000000000000e+04,1.635935952562812421e-07,1.635911379790323312e-07
1.037500000000000000e+04,1.613813167474167267e-07,1.613788907643538793e-07
1.038000000000000000e+04,1.591981510530818465e-07,1.591957558997165466e-07
1.038500000000000000e+04,1.570437277646796682e-07,1.570413630947599082e-07
1.039000000000000000e+04,1.549176812126250349e-07,1.549153465670155204e-07
1.039500000000000000e+04,1.528196496780196576e-07,1.528173449901774803e-07
1.040000000000000000e+04,1.507492769375879864e-07,1.507470014429145043e-07
1.040500000000000000e+04,1.487062097627836609e-07,1.487039633582241606e-07
1.041000000000000000e+04,1.466901002530507662e-07,1.466878824733227969e-07
1.041500000000000000e+04,1.447006041821533361e-07,1.446984147800633818e-07
1.042000000000000000e+04,1.427373819450714475e-07,1.427352204758805182e-07
1.042500000000000000e+04,1.408000977334314804e-07,1.407979639152529934e-07
1.043000000000000000e+04,1.388884201335457366e-07,1.388863135616889490e-07
1.043500000000000000e+04,1.370020215759440444e-07,1.369999419402097679e-07
1.044000000000000000e+04,1.351405784395777106e-07,1.351385255903535629e-07
1.044500000000000000e+04,1.333037717472671868e-07,1.333017450196702090e-07
1.045000000000000000e+04,1.314912853308074710e-07,1.314892846577149077e-07
1.045500000000000000e+04,1.297028078765357879e-07,1.297008328105401512e-07
1.046000000000000000e+04,1.279380312988448412e-07,1.279360816156639299e-07
1.046500000000000000e+04,1.261966516734870464e-07,1.261947269975309933e-07
1.047000000000000000e+04,1.244783685942290253e-07,1.244764686234455109e-07
1.047500000000000000e+04,1.227828853789938293e-07,1.227810098599821742e-07
1.048000000000000000e+04,1.211099091604731626e-07,1.211080577298614204e-07
1.048500000000000000e+04,1.194591505236790984e-07,1.194573228692941500e-07
1.049000000000000000e+04,1.178303234719643865e-07,1.178285194857858275e-07
1.049500000000000000e+04,1.162231462221436099e-07,1.162213653163914288e-07
1.050000000000000000e+04,1.146373394851288908e-07,1.146355815864316114e-07
1.050500000000000000e+04,1.130726282555184966e-07,1.130708929686448945e-07
1.051000000000000000e+04,1.115287403957830553e-07,1.115270275427927105e-07
1.051500000000000000e+04,1.100054075197333999e-07,1.100037167556977806e-07
1.052000000000000000e+04,1.085023643242563863e-07,1.085006953817157206e-07
1.052500000000000000e+04,1.070193488588859479e-07,1.070177014836437954e-07
1.053000000000000000e+04,1.055561024986193068e-07,1.055544763740473007e-07
1.053500000000000000e+04,1.041123696290401787e-07,1.041107645770131134e-07
1.054000000000000000e+04,1.026878981107055651e-07,1.026863137903220873e-07
1.054500000000000000e+04,1.012824386448612248e-07,1.012808748480291887e-07
1.055000000000000000e+04,9.989574524915509687e-08,9.989420168346132515e-08
1.055500000000000000e+04,9.852757482043400547e-08,9.852605129261435222e-08
1.056000000000000000e+04,9.717768751984497911e-08,9.717618369795662906e-08
1.056500000000000000e+04,9.584584619518331807e-08,9.584436191262624604e-08
1.057000000000000000e+04,9.453181697440160582e-08,9.453035190502618575e-08
1.057500000000000000e+04,9.323536857242741902e-08,9.323392256380690892e-08
1.058000000000000000e+04,9.195627290959064534e-08,9.195484566323697410e-08
1.058500000000000000e+04,9.069430453623687431e-08,9.069289582895364425e-08
1.059000000000000000e+04,8.944924087964528360e-08,8.944785050409578312e-08
1.059500000000000000e+04,8.822086220551845809e-08,8.821948991580760649e-08
1.060000000000000000e+04,8.700895149792150477e-08,8.700759704211751014e-08
1.060500000000000000e+04,8.581329437773097780e-08,8.581195757918022209e-08
1.061000000000000000e+04,8.463367925894097855e-08,8.463235990888730823e-08
1.061500000000000000e+04,8.346989733960168973e-08,8.346859506683460973e-08
1.062000000000000000e+04,8.232174189731066677e-08,8.232045671064621512e-08
1.062500000000000000e+04,8.118900952380222933e-08,8.118774108865415976e-08
1.063000000000000000e+04,8.007149888356217887e-08,8.007024700892521029e-08
1.063500000000000000e+04,7.896901142286710123e-08,7.896777580863372819e-08
1.064000000000000000e+04,7.788135070152047575e-08,7.788013132377837582e-08
1.064500000000000000e+04,7.680832332389166355e-08,7.680711985923674884e-08
1.065000000000000000e+04,7.574973790593823781e-08,7.574855015915584406e-08
1.065500000000000000e+04,7.470540555771533757e-08,7.470423337767437879e-08
1.066000000000000000e+04,7.367513990149801703e-08,7.367398304997505608e-08
1.066500000000000000e+04,7.265875678408798736e-08,7.265761506366070094e-08
1.067000000000000000e+04,7.165607434930315949e-08,7.165494763045385721e-08
1.067500000000000000e+04,7.066691325318143894e-08,7.066580125821508068e-08
1.068000000000000000e+04,6.969109611804289797e-08,6.968999872327519014e-08
1.068500000000000000e+04,6.872844801046846922e-08,6.872736504308375297e-08
1.069000000000000000e+04,6.777879628612684496e-08,6.777772744916176144e-08
1.069500000000000000e+04,6.684197008574468959e-08,6.684091536036464067e-08
1.070000000000000000e+04,6.591780121517650558e-08,6.591676035644466948e-08
1.070500000000000000e+04,6.500612341597739341e-08,6.500509615191793617e-08
1.071000000000000000e+04,6.410677225666854541e-08,6.410575857022071469e-08
1.071500000000000000e+04,6.321958588028694100e-08,6.321858551816656416e-08
1.072000000000000000e+04,6.234440415036640253e-08,6.234341696069081066e-08
1.072500000000000000e+04,6.148106911532459977e-08,6.148009489588181590e-08
1.073000000000000000e+04,6.062942467546361399e-08,6.062846333029911211e-08
1.073500000000000000e+04,5.978931695334682025e-08,5.978836825456953580e-08
1.074000000000000000e+04,5.896059380109569725e-08,5.895965761926730948e-08
1.074500000000000000e+04,5.814310515830753654e-08,5.814218131106570988e-08
1.075000000000000000e+04,5.733670276436211153e-08,5.733579112916238082e-08
1.075500000000000000e+04,5.654124035890088977e-08,5.654034076197630536e-08
1.076000000000000000e+04,5.575657351419468628e-08,5.575568576410942951e-08
1.076500000000000000e+04,5.498255951281733592e-08,5.498168353357666292e-08
1.077000000000000000e+04,5.421905767951248738e-08,5.421819328929275569e-08
1.077500000000000000e+04,5.346592906178596236e-08,5.346507604882129201e-08
1.078000000000000000e+04,5.272303625547753790e-08,5.272219460637954084e-08
1.078500000000000000e+04,5.199024410360659124e-08,5.198941351109518630e-08
1.079000000000000000e+04,5.126741855919051129e-08,5.126659904551563270e-08
1.079500000000000000e+04,5.055442787339561462e-08,5.055361920436375654e-08
1.080000000000000000e+04,4.985114168488568439e-08,4.985034367354109790e-08
1.080500000000000000e+04,4.915743115574013947e-08,4.915664380937290627e-08
1.081000000000000000e+04,4.847316954004483199e-08,4.847239261809187759e-08
1.081500000000000000e+04,4.779823141935258516e-08,4.779746473556360673e-08
1.082000000000000000e+04,4.713249278876472970e-08,4.713173640724335274e-08
1.082500000000000000e+04,4.647583188829686646e-08,4.647508546836794175e-08
1.083000000000000000e+04,4.582812779952432766e-08,4.582739132437662686e-08
1.083500000000000000e+04,4.518926160315149778e-08,4.518853493156056755e-08
1.084000000000000000e+04,4.455911579682917454e-08,4.455839877793695804e-08
1.084500000000000000e+04,4.393757433593001371e-08,4.393686686434687833e-08
1.085000000000000000e+04,4.332452273888508319e-08,4.332382468577220898e-08
1.085500000000000000e+04,4.271984797052078437e-08,4.271915921287313199e-08
1.086000000000000000e+04,4.212343846584455632e-08,4.212275887373813751e-08
1.086500000000000000e+04,4.153518403830011684e-08,4.153451353585124169e-08
1.087000000000000000e+04,4.095497603833861445e-08,4.095431448826656211e-08
1.087500000000000000e+04,4.038270721976581591e-08,4.038205442399563080e-08
1.088000000000000000e+04,3.981827142146715348e-08,3.981762742259748571e-08
1.088500000000000000e+04,3.926156439764094498e-08,3.926092893297591459e-08
1.089000000000000000e+04,3.871248268967794021e-08,3.871185575637847143e-08
1.089500000000000000e+04,3.817092461609834814e-08,3.817030602959359933e-08
1.090000000000000000e+04,3.763678949668588982e-08,3.763617920834836784e-08
1.090500000000000000e+04,3.710997815878277702e-08,3.710937605089913530e-08
1.091000000000000000e+04,3.659039273454518975e-08,3.658979860181733308e-08
1.091500000000000000e+04,3.607793628377050304e-08,3.607735017596685147e-08
1.092000000000000000e+04,3.557251361280395594e-08,3.557193534266906970e-08
1.092500000000000000e+04,3.507403043071364300e-08,3.507345991005680083e-08
1.093000000000000000e+04,3.458239379555502391e-08,3.458183090961219500e-08
1.093500000000000000e+04,3.409751193767736247e-08,3.409695658088930907e-08
1.094000000000000000e+04,3.361929423537174114e-08,3.361874635641550615e-08
1.094500000000000000e+04,3.314765139949314159e-08,3.314711084677345833e-08
1.095000000000000000e+04,3.268249508552750086e-08,3.268196182586158231e-08
1.095500000000000000e+04,3.222373834438682817e-08,3.222321221632568149e-08
1.096000000000000000e+04,3.177129510082336252e-08,3.177077607516858412e-08
1.096500000000000000e+04,3.132508068634193304e-08,3.132456857952736161e-08
1.097000000000000000e+04,3.088501119132352906e-08,3.088450601262230926e-08
1.097500000000000000e+04,3.045100411913130004e-08,3.045050574987249468e-08
1.098000000000000000e+04,3.002297793984603273e-08,3.002248624517659678e-08
1.098500000000000000e+04,2.960085210555695204e-08,2.960036701735916093e-08
1.099000000000000000e+04,2.918454716136150109e-08,2.918406863677706265e-08
1.099500000000000000e+04,2.877398478161020191e-08,2.877351271208782383e-08
1.100000000000000000e+04,2.836908761133548683e-08,2.836862187717477589e-08
1.100500000000000000e+04,2.796977921754771761e-08,2.796931977823021750e-08
1.101000000000000000e+04,2.757598430896949809e-08,2.757553106099314941e-08
1.101500000000000000e+04,2.718762849647995344e-08,2.718718135813950811e-08
1.102000000000000000e+04,2.680463836730337814e-08,2.680419727682522293e-08
1.102500000000000000e+04,2.642694153314692565e-08,2.642650638637721922e-08
1.103000000000000000e+04,2.605446646879782189e-08,2.605403720613431006e-08
1.103500000000000000e+04,2.568714264407721175e-08,2.568671919343359560e-08
1.104000000000000000e+04,2.532490046154435000e-08,2.532448273174133448e-08
1.104500000000000000e+04,2.496767120552730693e-08,2.496725911892820790e-08
1.105000000000000000e+04,2.461538705288315872e-08,2.461498055568460550e-08
1.105500000000000000e+04,2.426798116361006495e-08,2.426758013407650552e-08
1.106000000000000000e+04,2.392538739372023197e-08,2.392499182624070834e-08
1.106500000000000000e+04,2.358754068770350361e-08,2.358715047321461266e-08
1.107000000000000000e+04,2.325437669059435784e-08,2.325399177390349889e-08
1.107500000000000000e+04,2.292583199149191701e-08,2.292545227417998274e-08
1.108000000000000000e+04,2.260184392477966534e-08,2.260146935611641986e-08
1.108500000000000000e+04,2.228235071510477614e-08,2.228198122734783636e-08
1.109000000000000000e+04,2.196729137430689768e-08,2.196692691056340641e-08
1.109500000000000000e+04,2.165660574332621006e-08,2.165624623312722817e-08
1.110000000000000000e+04,2.135023446105554886e-08,2.134987981682346797e-08
1.110500000000000000e+04,2.104811887655991245e-08,2.104776906772753694e-08
1.111000000000000000e+04,2.075020124219351538e-08,2.074985616620042841e-08
1.111500000000000000e+04,2.045642442024312225e-08,2.045608405700482267e-08
1.112000000000000000e+04,2.016673217911633174e-08,2.016639643954198351e-08
1.112500000000000000e+04,1.988106894076035529e-08,1.988073775820774538e-08
1.113000000000000000e+04,1.959937984182521404e-08,1.959905319286641698e-08
1.113500000000000000e+04,1.932161088487263605e-08,1.932128864944101612e-08
1.114000000000000000e+04,1.904770856290221940e-08,1.904739075061879040e-08
1.114500000000000000e+04,1.877762032543736641e-08,1.877730682667092198e-08
1.115000000000000000e+04,1.851129414868419032e-08,1.851098490638354761e-08
1.115500000000000000e+04,1.824867869750062942e-08,1.824837370810159290e-08
1.116000000000000000e+04,1.798972348566655528e-08,1.798942263088094077e-08
1.116500000000000000e+04,1.773437848398652952e-08,1.773408174575103518e-08
1.117000000000000000e+04,1.748259447424324005e-08,1.748230178708285101e-08
1.117500000000000000e+04,1.723432284022338543e-08,1.723403414406457955e-08
1.118000000000000000e+04,1.698951560169722212e-08,1.698923085228184300e-08
1.118500000000000000e+04,1.674812544528328043e-08,1.674784458540089638e-08
1.119000000000000000e+04,1.651010566724951002e-08,1.650982864695565381e-08
1.119500000000000000e+04,1.627541018314080202e-08,1.627513696223466132e-08
1.120000000000000000e+04,1.604399357053656364e-08,1.604372407026910484e-08
1.120500000000000000e+04,1.581581092039028508e-08,1.581554511591960677e-08
1.121000000000000000e+04,1.559081801174093081e-08,1.559055584206025261e-08
1.121500000000000000e+04,1.536897115370816474e-08,1.536871258186056896e-08
1.122000000000000000e+04,1.515022727865285530e-08,1.514997225116116828e-08
1.122500000000000000e+04,1.493454387421804052e-08,1.493429234094607440e-08
1.123000000000000000e+04,1.472187900315031625e-08,1.472163090990599328e-08
1.123500000000000000e+04,1.451219126592233684e-08,1.451194657709584930e-08
1.124000000000000000e+04,1.430543984830417896e-08,1.430519851468229387e-08
1.124500000000000000e+04,1.410158445906752760e-08,1.410134644078133720e-08
1.125000000000000000e+04,1.390058536254938293e-08,1.390035061238592752e-08
1.125500000000000000e+04,1.370240333731031610e-08,1.370217181837998568e-08
1.126000000000000000e+04,1.350699972342263451e-08,1.350677137264076933e-08
1.126500000000000000e+04,1.331433632506240522e-08,1.331411110722655587e-08
1.127000000000000000e+04,1.312437546572618443e-08,1.312415336564885496e-08
1.127500000000000000e+04,1.293708006157016584e-08,1.293686099622947982e-08
1.128000000000000000e+04,1.275241337845655912e-08,1.275219734553953924e-08
1.128500000000000000e+04,1.257033933550403452e-08,1.257012625192063143e-08
1.129000000000000000e+04,1.239082217463681383e-08,1.239061203908767900e-08
1.129500000000000000e+04,1.221382675564023812e-08,1.221361950981080099e-08
1.130000000000000000e+04,1.203931832170202638e-08,1.203911393967678453e-08
1.130500000000000000e+04,1.186726265090433820e-08,1.186706107092821553e-08
1.131000000000000000e+04,1.169762589113988792e-08,1.169742710638050822e-08
1.131500000000000000e+04,1.153037476795341011e-08,1.153017870341469957e-08
1.132000000000000000e+04,1.136547631808550750e-08,1.136528296804526557e-08
1.132500000000000000e+04,1.120289812647987128e-08,1.120270744906337315e-08
1.133000000000000000e+04,1.104260818215345175e-08,1.104242013225269567e-08
1.133500000000000000e+04,1.088457488923978612e-08,1.088438943467879455e-08
1.134000000000000000e+04,1.072876709558845871e-08,1.072858419904942004e-08
1.134500000000000000e+04,1.057515404547690101e-08,1.057497368814658151e-08
1.135000000000000000e+04,1.042370546031178652e-08,1.042352757932829280e-08
1.135500000000000000e+04,1.027439136363445582e-08,1.027421595909976105e-08
1.136000000000000000e+04,1.012718230935007791e-08,1.012700931775318186e-08
1.136500000000000000e+04,9.982049137075049414e-09,9.981878544074357492e-09
1.137000000000000000e+04,9.838963153361144483e-09,9.838794920117511030e-09
1.137500000000000000e+04,9.697896019279902709e-09,9.697730116044801044e-09
1.138000000000000000e+04,9.558819802241426423e-09,9.558656185031780712e-09
1.138500000000000000e+04,9.421706884249626629e-09,9.421545558237297626e-09
1.139000000000000000e+04,9.286530155868727984e-09,9.286371039836482665e-09
1.139500000000000000e+04,9.153262700496786809e-09,9.153105802117521104e-09
1.140000000000000000e+04,9.021878102446777595e-09,9.021723380639522601e-09
1.140500000000000000e+04,8.892350243069398875e-09,8.892197669452783757e-09
1.141000000000000000e+04,8.764653385985070373e-09,8.764502916379080829e-09
1.141500000000000000e+04,8.638762083640217787e-09,8.638613718351969435e-09
1.142000000000000000e+04,8.514651337011073362e-09,8.514505016816419576e-09
1.142500000000000000e+04,8.392296372471422754e-09,8.392152093186752003e-09
1.143000000000000000e+04,8.271672841847084869e-09,8.271530564362442486e-09
1.143500000000000000e+04,8.152756680692964743e-09,8.152616378301221577e-09
1.144000000000000000e+04,8.035524152608012437e-09,8.035385809647808880e-09
1.144500000000000000e+04,7.919951887320623523e-09,7.919815455419244680e-09
1.145000000000000000e+04,7.806016761335532665e-09,7.805882230744547484e-09
1.145500000000000000e+04,7.693696020260123144e-09,7.693563364659167312e-09
1.146000000000000000e+04,7.582967199943604752e-09,7.582836395952739201e-09
1.146500000000000000e+04,7.473808162580259573e-09,7.473679169070039309e-09
1.147000000000000000e+04,7.366197023228709290e-09,7.366069830064520757e-09
1.147500000000000000e+04,7.260112249626787233e-09,7.259986822603130532e-09
1.148000000000000000e+04,7.155532548076947751e-09,7.155408884022707718e-09
1.148500000000000000e+04,7.052436997523826951e-09,7.052315041436365771e-09
1.149000000000000000e+04,6.950804850490831937e-09,6.950684607890290625e-09
1.149500000000000000e+04,6.850615755362900138e-09,6.850497178569416072e-09
1.150000000000000000e+04,6.751849543448106544e-09,6.751732627051743981e-09
1.150500000000000000e+04,6.654486392362578469e-09,6.654371101611049620e-09
1.151000000000000000e+04,6.558506690395529095e-09,6.558393021566583243e-09
1.151500000000000000e+04,6.463891170586825646e-09,6.463779073680004515e-09
1.152000000000000000e+04,6.370620723273245472e-09,6.370510208598655604e-09
1.152500000000000000e+04,6.278676621910773476e-09,6.278567637344126534e-09
1.153000000000000000e+04,6.188040282244678330e-09,6.187932827846726593e-09
1.153500000000000000e+04,6.098693454435442143e-09,6.098587501523601918e-09
1.154000000000000000e+04,6.010618108377842291e-09,6.010513629901984059e-09
1.154500000000000000e+04,5.923796431718814906e-09,5.923693431285202947e-09
1.155000000000000000e+04,5.838210940432511540e-09,5.838109367461886144e-09
1.155500000000000000e+04,5.753844287260694557e-09,5.753744140457762849e-09
1.156000000000000000e+04,5.670679437556802629e-09,5.670580689329334831e-09
1.156500000000000000e+04,5.588699542145882660e-09,5.588602186998828627e-09
1.157000000000000000e+04,5.507888041245316739e-09,5.507792037130185840e-09
1.157500000000000000e+04,5.428228518494419206e-09,5.428133871045361931e-09
1.158000000000000000e+04,5.349704871701581476e-09,5.349611544680724261e-09
1.158500000000000000e+04,5.272301151724665824e-09,5.272209135582460788e-09
1.159000000000000000e+04,5.196001671630242336e-09,5.195910939941364216e-09
1.159500000000000000e+04,5.120790916930999473e-09,5.120701469665567199e-09
1.160000000000000000e+04,5.046653648232240653e-09,5.046565449491695108e-09
1.160500000000000000e+04,4.973574773667067195e-09,4.973487814133131927e-09
1.161000000000000000e+04,4.901539447861754084e-09,4.901453705465428193e-09
1.161500000000000000e+04,4.830532999304511908e-09,4.830448469748464727e-09
1.162000000000000000e+04,4.760541003401468103e-09,4.760457654884203313e-09
1.162500000000000000e+04,4.691549184502362751e-09,4.691467007710638948e-09
1.163000000000000000e+04,4.623543489239696916e-09,4.623462471330575559e-09
1.163500000000000000e+04,4.556510061893573456e-09,4.556430182475378233e-09
1.164000000000000000e+04,4.490435226410864257e-09,4.490356468902902064e-09
1.164500000000000000e+04,4.425305498014881204e-09,4.425227846829425570e-09
1.165000000000000000e+04,4.361107572728353692e-09,4.361031018394936856e-09
1.165500000000000000e+04,4.297828344363196458e-09,4.297752869161662516e-09
1.166000000000000000e+04,4.235454885690185478e-09,4.235380465645032766e-09
1.166500000000000000e+04,4.173974414601005846e-09,4.173901052877010844e-09
1.167000000000000000e+04,4.113374389817268923e-09,4.113302052001140654e-09
1.167500000000000000e+04,4.053642368247266408e-09,4.053571057899210081e-09
1.168000000000000000e+04,3.994766146638148010e-09,3.994695836848637439e-09
1.168500000000000000e+04,3.936733640736206868e-09,3.936664324210873898e-09
1.169000000000000000e+04,3.879532962307155305e-09,3.879464622149682834e-09
1.169500000000000000e+04,3.823152371706360267e-09,3.823084997379650987e-09
1.170000000000000000e+04,3.767580301664515305e-09,3.767513878943881712e-09
1.170500000000000000e+04,3.712805344191362676e-09,3.712739856021060599e-09
1.171000000000000000e+04,3.658816236275976414e-09,3.658751675761094798e-09
1.171500000000000000e+04,3.605601892450475809e-09,3.605538241149301243e-09
1.172000000000000000e+04,3.553151355802872066e-09,3.553088608898534973e-09
1.172500000000000000e+04,3.501453852839849728e-09,3.501391987369032965e-09
1.173000000000000000e+04,3.450498723333195945e-09,3.450437734515579324e-09
1.173500000000000000e+04,3.400275482332441182e-09,3.400215355861673794e-09
1.174000000000000000e+04,3.350773779884960979e-09,3.350714502500337128e-09
1.174500000000000000e+04,3.301983402876529735e-09,3.301924969121222881e-09
1.175000000000000000e+04,3.253894306674763497e-09,3.253836692063717550e-09
1.175500000000000000e+04,3.206496540869681912e-09,3.206439747395657272e-09
1.176000000000000000e+04,3.159780338116026967e-09,3.159724349017439366e-09
1.176500000000000000e+04,3.113736047590014688e-09,3.113680846790921181e-09
1.177000000000000000e+04,3.068354136617518572e-09,3.068299724693399879e-09
1.177500000000000000e+04,3.023625245536855567e-09,3.023571598995463413e-09
1.178000000000000000e+04,2.979540102183635492e-09,2.979487216463300823e-09
1.178500000000000000e+04,2.936089585743957199e-09,2.936037452584568155e-09
1.179000000000000000e+04,2.893264706012743451e-09,2.893213309817689642e-09
1.179500000000000000e+04,2.851056580882295597e-09,2.851005915864505237e-09
1.180000000000000000e+04,2.809456469543130908e-09,2.809406521965419111e-09
1.180500000000000000e+04,2.768455739778682263e-09,2.768406501217480902e-09
1.181000000000000000e+04,2.728045886937204960e-09,2.727997346914525813e-09
1.181500000000000000e+04,2.688218520269169609e-09,2.688170670909317703e-09
1.182000000000000000e+04,2.648965372979544743e-09,2.648918201997545882e-09
1.182500000000000000e+04,2.610278284176168143e-09,2.610231784322971261e-09
1.183000000000000000e+04,2.572149215151606462e-09,2.572103375804069683e-09
1.183500000000000000e+04,2.534570234517109100e-09,2.534525046581286939e-09
1.184000000000000000e+04,2.497533524573772902e-09,2.497488977485053953e-09
1.184500000000000000e+04,2.461031368003890586e-09,2.460987458524136550e-09
1.185000000000000000e+04,2.425056175054575226e-09,2.425012887393941770e-09
1.185500000000000000e+04,2.389600439859906618e-09,2.389557768004966880e-09
1.186000000000000000e+04,2.354656773924925786e-09,2.354614709030461285e-09
1.186500000000000000e+04,2.320217884888428292e-09,2.320176422473647558e-09
1.187000000000000000e+04,2.286276598326498477e-09,2.286235722253971337e-09
1.187500000000000000e+04,2.252825816764697229e-09,2.252785522812176198e-09
1.188000000000000000e+04,2.219858554082340406e-09,2.219818837733935501e-09
1.188500000000000000e+04,2.187367931902171041e-09,2.187328778391884455e-09
1.189000000000000000e+04,2.155347146177154946e-09,2.155308552605719047e-09
1.189500000000000000e+04,2.123789507824336580e-09,2.123751463320296488e-09
1.190000000000000000e+04,2.092688408816098873e-09,2.092650907301155672e-09
1.190500000000000000e+04,2.062037340656532616e-09,2.062000373847736816e-09
1.191000000000000000e+04,2.031829881497531386e-09,2.031793443523533906e-09
1.191500000000000000e+04,2.002059707429907818e-09,2.002023786903443802e-09
1.192000000000000000e+04,1.972720569617996871e-09,1.972685163337739622e-09
1.192500000000000000e+04,1.943806318899426141e-09,1.943771419732578212e-09
1.193000000000000000e+04,1.915310892724228886e-09,1.915276489346963556e-09
1.193500000000000000e+04,1.887228301740011003e-09,1.887194390605624719e-09
1.194000000000000000e+04,1.859552651064551951e-09,1.859519225927985150e-09
1.194500000000000000e+04,1.832278129525620757e-09,1.832245180572705104e-09
1.195000000000000000e+04,1.805399000422790708e-09,1.805366521497754582e-09
1.195500000000000000e+04,1.778909607792415968e-09,1.778877596235828620e-09
1.196000000000000000e+04,1.752804387734140026e-09,1.752772831784775482e-09
1.196500000000000000e+04,1.727077836625878676e-09,1.727046733512968087e-09
1.197000000000000000e+04,1.701724542696465852e-09,1.701693884079364089e-09
1.197500000000000000e+04,1.676739162770912904e-09,1.676708942368116688e-09
1.198000000000000000e+04,1.652116428429197973e-09,1.652086642437448720e-09
1.198500000000000000e+04,1.627851153616265796e-09,1.627821792482678985e-09
1.199000000000000000e+04,1.603938214466680630e-09,1.603909273813280860e-09
1.199500000000000000e+04,1.580372565090950725e-09,1.580344039843558587e-09
1.200000000000000000e+04,1.557149232407806779e-09,1.557121115097117207e-09
1.200500000000000000e+04,1.534263306445879423e-09,1.534235594224487353e-09
1.201000000000000000e+04,1.511709959492578225e-09,1.511682641034298645e-09
1.201500000000000000e+04,1.489484410132424077e-09,1.489457487537187940e-09
1.202000000000000000e+04,1.467581972694343666e-09,1.467555433002907737e-09
1.202500000000000000e+04,1.445998000229770668e-09,1.445971843029931615e-09
1.203000000000000000e+04,1.424727930951336475e-09,1.424702148627785444e-09
1.203500000000000000e+04,1.403767257474317942e-09,1.403741845311605350e-09
1.204000000000000000e+04,1.383111539983702917e-09,1.383086492209091607e-09
1.204500000000000000e+04,1.362756399119727469e-09,1.362731711179474225e-09
1.205000000000000000e+04,1.342697518349364646e-09,1.342673185944296875e-09
1.205500000000000000e+04,1.322930645665299484e-09,1.322906661230132906e-09
1.206000000000000000e+04,1.303451580277279719e-09,1.303427941922804744e-09
1.206500000000000000e+04,1.284256190557557426e-09,1.284232892232987165e-09
1.207000000000000000e+04,1.265340400661445691e-09,1.265317434873291418e-09
1.207500000000000000e+04,1.246700182704949695e-09,1.246677550246346303e-09
1.208000000000000000e+04,1.228331584231553725e-09,1.228309275643960983e-09
1.208500000000000000e+04,1.210230692427526778e-09,1.210208704457064104e-09
1.209000000000000000e+04,1.192393657270479778e-09,1.192371985396511654e-09
1.209500000000000000e+04,1.174816679034806762e-09,1.174795321724326595e-09
1.210000000000000000e+04,1.157496023051545419e-09,1.157474970495428814e-09
1.210500000000000000e+04,1.140427990401030707e-09,1.140407241809676486e-09
1.211000000000000000e+04,1.123608947751170628e-09,1.123588498074053441e-09
1.211500000000000000e+04,1.107035308562518634e-09,1.107015153274920411e-09
1.212000000000000000e+04,1.090703537300319074e-09,1.090683672260060313e-09
1.212500000000000000e+04,1.074610147770926217e-09,1.074590570030629013e-09
1.213000000000000000e+04,1.058751706590547689e-09,1.058732411042673886e-09
1.213500000000000000e+04,1.043124827238828124e-09,1.043105808518108701e-09
1.214000000000000000e+04,1.027726168112102554e-09,1.027707423765175648e-09
1.214500000000000000e+04,1.012552437832700867e-09,1.012533965508115750e-09
1.215000000000000000e+04,9.976003961692245005e-10,9.975821892259471483e-10
1.215500000000000000e+04,9.828668411349448684e-10,9.828488965003154953e-10
1.216000000000000000e+04,9.683486188454061279e-10,9.683309343722154444e-10
1.216500000000000000e+04,9.540426244387047615e-10,9.540251947074684670e-10
1.217000000000000000e+04,9.399457909613500398e-10,9.399286135708924767e-10
1.217500000000000000e+04,9.260551015973575151e-10,9.260381706090229499e-10
1.218000000000000000e+04,9.123675730678305552e-10,9.123508884412337556e-10
1.218500000000000000e+04,8.988802770097497456e-10,8.988638320591875908e-10
1.219000000000000000e+04,8.855903137303243884e-10,8.855741082345383689e-10
1.219500000000000000e+04,8.724948376916402163e-10,8.724788649346861086e-10
1.220000000000000000e+04,8.595910320083150804e-10,8.595752907465272470e-10
1.220500000000000000e+04,8.468761281804013851e-10,8.468606143081163151e-10
1.221000000000000000e+04,8.343473933687616735e-10,8.343321037481107620e-10
1.221500000000000000e+04,8.220021330497185844e-10,8.219870661328789876e-10
1.222000000000000000e+04,8.098376974747048143e-10,8.098228469211531927e-10
1.222500000000000000e+04,7.978514648751732778e-10,7.978368294262394548e-10
1.223000000000000000e+04,7.860408568595709733e-10,7.860264342855246740e-10
1.223500000000000000e+04,7.744033338650379945e-10,7.743891189372945553e-10
1.224000000000000000e+04,7.629363847334776291e-10,7.629223771047153878e-10
1.224500000000000000e+04,7.516375447631829726e-10,7.516237382869319561e-10
1.225000000000000000e+04,7.405043717284907778e-10,7.404907672571243148e-10
1.225500000000000000e+04,7.295344721785221294e-10,7.295210635674291284e-10
1.226000000000000000e+04,7.187254752092322997e-10,7.187122610607626961e-10
1.226500000000000000e+04,7.080750497540368865e-10,7.080620273892548038e-10
1.227000000000000000e+04,6.975808968322306375e-10,6.975680635393306269e-10
1.227500000000000000e+04,6.872407508055229851e-10,6.872281033633873304e-10
1.228000000000000000e+04,6.770523774489912321e-10,6.770399131178196939e-10
1.228500000000000000e+04,6.670135736325229586e-10,6.670012910074921619e-10
1.229000000000000000e+04,6.571221710196287836e-10,6.571100667363976879e-10
1.229500000000000000e+04,6.473760309882110553e-10,6.473641010645979816e-10
1.230000000000000000e+04,6.377730402946341430e-10,6.377612853712194416e-10
1.230500000000000000e+04,6.283111268954427266e-10,6.282995412234449073e-10
1.231000000000000000e+04,6.189882368165050091e-10,6.189768199515268711e-10
1.231500000000000000e+04,6.098023534788707393e-10,6.097911022296004691e-10
1.232000000000000000e+04,6.007514844432139934e-10,6.007403976623062760e-10
1.232500000000000000e+04,5.918336713559255483e-10,5.918227443770994522e-10
1.233000000000000000e+04,5.830469756493937893e-10,5.830362086222386208e-10
1.233500000000000000e+04,5.743894957264442239e-10,5.743788843702746705e-10
1.234000000000000000e+04,5.658593494750390760e-10,5.658488929270326569e-10
1.234500000000000000e+04,5.574546865327647007e-10,5.574443825460147354e-10
1.235000000000000000e+04,5.491736830660180750e-10,5.491635280481467854e-10
1.235500000000000000e+04,5.410145375756579455e-10,5.410045304467176591e-10
1.236000000000000000e+04,5.329754779229818251e-10,5.329656165776061839e-10
1.236500000000000000e+04,5.250547558965393423e-10,5.250450387345540687e-10
1.237000000000000000e+04,5.172506507162723889e-10,5.172410743095148052e-10
1.237500000000000000e+04,5.095614620783292735e-10,5.095520254379706148e-10
1.238000000000000000e+04,5.019855178712503206e-10,5.019762186492086542e-10
1.238500000000000000e+04,4.945211684596190987e-10,4.945120045213845290e-10
1.239000000000000000e+04,4.871667879140513494e-10,4.871577573414033063e-10
1.239500000000000000e+04,4.799207732501945111e-10,4.799118747695205238e-10
1.240000000000000000e+04,4.727815462250419258e-10,4.727727775085857505e-10
1.240500000000000000e+04,4.657475502663862931e-10,4.657389089778801008e-10
1.241000000000000000e+04,4.588172505790059828e-10,4.588087349914628661e-10
1.241500000000000000e+04,4.519891335252463426e-10,4.519807434410440643e-10
1.242000000000000000e+04,4.452617129696352555e-10,4.452534439832044965e-10
1.242500000000000000e+04,4.386335155278734843e-10,4.386253677309657386e-10
1.243000000000000000e+04,4.321030960345998952e-10,4.320950669496985928e-10
1.243500000000000000e+04,4.256690262080326495e-10,4.256611147572152629e-10
1.244000000000000000e+04,4.193299013042939517e-10,4.193221048280307787e-10
1.244500000000000000e+04,4.130843335958176496e-10,4.130766511017792969e-10
1.245000000000000000e+04,4.069309575744648513e-10,4.069233874956612530e-10
1.245500000000000000e+04,4.008684276331293506e-10,4.008609676208919476e-10
1.246000000000000000e+04,3.948954146235398127e-10,3.948880645031086579e-10
1.246500000000000000e+04,3.890106138379100703e-10,3.890033703066865900e-10
1.247000000000000000e+04,3.832127334169640738e-10,3.832055960628729431e-10
1.247500000000000000e+04,3.775005044199112282e-10,3.774934714017214539e-10
1.248000000000000000e+04,3.718726747541446584e-10,3.718657442877833243e-10
1.248500000000000000e+04,3.663280093876135757e-10,3.663211807594535625e-10
1.249000000000000000e+04,3.608652937910203672e-10,3.608585646719869569e-10
1.249500000000000000e+04,3.554833279471586218e-10,3.554766974440732524e-10
1.250000000000000000e+04,3.501809312531680103e-10,3.501743978079748902e-10
1.250500000000000000e+04,3.449569396358142785e-10,3.449505015631506940e-10
1.251000000000000000e+04,3.398102049232215829e-10,3.398038613333025321e-10
1.251500000000000000e+04,3.347395970836278232e-10,3.347333463268482664e-10
1.252000000000000000e+04,3.297440016061295891e-10,3.297378421007291678e-10
1.252500000000000000e+04,3.248223196334143524e-10,3.248162503275081170e-10
1.253000000000000000e+04,3.199734683599582868e-10,3.199674885657564665e-10
1.253500000000000000e+04,3.151963827398514329e-10,3.151904900336321663e-10
1.254000000000000000e+04,3.104900097704501144e-10,3.104842033856315239e-10
1.254500000000000000e+04,3.058533136158520722e-10,3.058475924924672914e-10
1.255000000000000000e+04,3.012852732442581687e-10,3.012796362240468729e-10
1.255500000000000000e+04,2.967848832597626713e-10,2.967793282354686532e-10
1.256000000000000000e+04,2.923511495664232350e-10,2.923456767560219243e-10
1.256500000000000000e+04,2.879830975799811968e-10,2.879777043811634721e-10
1.257000000000000000e+04,2.836797618216302895e-10,2.836744478673989121e-10
1.257500000000000000e+04,2.794401936430503325e-10,2.794349579300336685e-10
1.258000000000000000e+04,2.752634578815473814e-10,2.752582990437768488e-10
1.258500000000000000e+04,2.711486326919257522e-10,2.711435492461443485e-10
1.259000000000000000e+04,2.670948087146975315e-10,2.670897999436147614e-10
1.259500000000000000e+04,2.631010910582216675e-10,2.630961557205006653e-10
1.260000000000000000e+04,2.591665964847743885e-10,2.591617341505349736e-10
1.260500000000000000e+04,2.552904570474204068e-10,2.552856656110759841e-10
1.261000000000000000e+04,2.514718141789909104e-10,2.514670930999382627e-10
1.261500000000000000e+04,2.477098234262105731e-10,2.477051720547899056e-10
1.262000000000000000e+04,2.440036534055348527e-10,2.439990701751155609e-10
1.262500000000000000e+04,2.403524829936446884e-10,2.403479672466491013e-10
1.263000000000000000e+04,2.367555044422368191e-10,2.367510549682998846e-10
1.263500000000000000e+04,2.332119209578669148e-10,2.332075367815210580e-10
1.264000000000000000e+04,2.297209471045718305e-10,2.297166277020638135e-10
1.264500000000000000e+04,2.262818105161192567e-10,2.262775541541064005e-10
1.265000000000000000e+04,2.228937470379968163e-10,2.228895538067371144e-10
1.265500000000000000e+04,2.195560071339692845e-10,2.195518754127191401e-10
1.266000000000000000e+04,2.162678496476491893e-10,2.162637786495431960e-10
1.266500000000000000e+04,2.130285450323220245e-10,2.130245339627154526e-10
1.267000000000000000e+04,2.098373743952718928e-10,2.098334224112689130e-10
1.267500000000000000e+04,2.066936294048687791e-10,2.066897355154353889e-10
1.268000000000000000e+04,2.035966117330917535e-10,2.035927751064829061e-10
1.268500000000000000e+04,2.005456329581920180e-10,2.005418531786706148e-10
1.269000000000000000e+04,1.975400160203261864e-10,1.975362917432922280e-10
1.269500000000000000e+04,1.945790923899288899e-10,1.945754226847816725e-10
1.270000000000000000e+04,1.916622027888928568e-10,1.916585876188539141e-10
1.270500000000000000e+04,1.887886999514058022e-10,1.887851377526519291e-10
1.271000000000000000e+04,1.859579433500440994e-10,1.859544337468775130e-10
1.271500000000000000e+04,1.831693035626733693e-10,1.831658455798453617e-10
1.272000000000000000e+04,1.804221591886292278e-10,1.804187524135044467e-10
1.272500000000000000e+04,1.777158991582633025e-10,1.777125424613193319e-10
1.273000000000000000e+04,1.750499201358099620e-10,1.750466128580302761e-10
1.273500000000000000e+04,1.724236276520374132e-10,1.724203695312749308e-10
1.274000000000000000e+04,1.698364376306717443e-10,1.698332270750044259e-10
1.274500000000000000e+04,1.672877712649208867e-10,1.672846086247090683e-10
1.275000000000000000e+04,1.647770622558227125e-10,1.647739457344024189e-10
1.275500000000000000e+04,1.623037484456702217e-10,1.623006782553619399e-10
1.276000000000000000e+04,1.598672789324760050e-10,1.598642542165752886e-10
1.276500000000000000e+04,1.574671102561237320e-10,1.574641297068879403e-10
1.277000000000000000e+04,1.551027049161881640e-10,1.550997687588284632e-10
1.277500000000000000e+04,1.527735359733299961e-10,1.527706432340749711e-10
1.278000000000000000e+04,1.504790830363485141e-10,1.504762327105499844e-10
1.278500000000000000e+04,1.482188323152748280e-10,1.482160243711151621e-10
1.279000000000000000e+04,1.459922794751212560e-10,1.459895128938571933e-10
1.279500000000000000e+04,1.437989260963471002e-10,1.437962003439241606e-10
1.280000000000000000e+04,1.416382813517130843e-10,1.416355960668920336e-10
1.280500000000000000e+04,1.395098621921067287e-10,1.395072165836679075e-10
1.281000000000000000e+04,1.374131920900077726e-10,1.374105854868680545e-10
1.281500000000000000e+04,1.353478014199881544e-10,1.353452333386747402e-10
1.282000000000000000e+04,1.333132274454385803e-10,1.333106975701551087e-10
1.282500000000000000e+04,1.313090150397489140e-10,1.313065223819991208e-10
1.283000000000000000e+04,1.293347144431279968e-10,1.293322586466838112e-10
1.283500000000000000e+04,1.273898831252837442e-10,1.273874638120156792e-10
1.284000000000000000e+04,1.254740852810396086e-10,1.254717018060611151e-10
1.284500000000000000e+04,1.235868913303750368e-10,1.235845429434237866e-10
1.285000000000000000e+04,1.217278773388270455e-10,1.217255638328535015e-10
1.285500000000000000e+04,1.198966265262165285e-10,1.198943472861857457e-10
1.286000000000000000e+04,1.180927278751689078e-10,1.180904822285624722e-10
1.286500000000000000e+04,1.163157756687624222e-10,1.163135636099432270e-10
1.287000000000000000e+04,1.145653718885626565e-10,1.145631923178787472e-10
1.287500000000000000e+04,1.128411222879516102e-10,1.128389750915230671e-10
1.288000000000000000e+04,1.111426398453859096e-10,1.111405244368804381e-10
1.288500000000000000e+04,1.094695424769727412e-10,1.094674585432515820e-10
1.289000000000000000e+04,1.078214543682196127e-10,1.078194012008843068e-10
1.289500000000000000e+04,1.061980044321247390e-10,1.061959817197958499e-10
1.290000000000000000e+04,1.045988275435895921e-10,1.045968348497461520e-10
1.290500000000000000e+04,1.030235638691196957e-10,1.030216007013741990e-10
1.291000000000000000e+04,1.014718586832110930e-10,1.014699246684384437e-10
1.291500000000000000e+04,9.994336270903074303e-11,9.994145735118922301e-11
1.292000000000000000e+04,9.843773158084957385e-11,9.843585448082014317e-11
1.292500000000000000e+04,9.695462611835643370e-11,9.695277684501453458e-11
1.293000000000000000e+04,9.549371190191400397e-11,9.549189021454857889e-11
1.293500000000000000e+04,9.405466003134647725e-11,9.405286527094168529e-11
1.294000000000000000e+04,9.263714567473041390e-11,9.263537753515414206e-11
1.294500000000000000e+04,9.124084917007485318e-11,9.123910729729672026e-11
1.295000000000000000e+04,8.986545550102778411e-11,8.986373954734652968e-11
1.295500000000000000e+04,8.851065442960866145e-11,8.850896390685859346e-11
1.296000000000000000e+04,8.717614002279571248e-11,8.717447456165941530e-11
1.296500000000000000e+04,8.586161074765085445e-11,8.585997019549656080e-11
1.297000000000000000e+04,8.456677022125864681e-11,8.456515392464147379e-11
1.297500000000000000e+04,8.329132550953746689e-11,8.328973323343893640e-11
1.298000000000000000e+04,8.203498859172200699e-11,8.203341991076965891e-11
1.298500000000000000e+04,8.079747514364811197e-11,8.079592998742890752e-11
1.299000000000000000e+04,7.957850608408708562e-11,7.957698367440324347e-11
1.299500000000000000e+04,7.837780491124592222e-11,7.837630530203549903e-11
1.300000000000000000e+04,7.719510062730762113e-11,7.719362326006114952e-11
1.300500000000000000e+04,7.603012539348972290e-11,7.602866993850090769e-11
1.301000000000000000e+04,7.488261541935222165e-11,7.488118166941221601e-11
1.301500000000000000e+04,7.375231105792263756e-11,7.375089866947094379e-11
1.302000000000000000e+04,7.263895643625705739e-11,7.263756498337704686e-11
1.302500000000000000e+04,7.154229912582099060e-11,7.154092842807788219e-11
1.303000000000000000e+04,7.046209088800386166e-11,7.046074053779298312e-11
1.303500000000000000e+04,6.939808662110747915e-11,6.939675650982516008e-11
1.304000000000000000e+04,6.835004562794177561e-11,6.834873515115392045e-11
1.304500000000000000e+04,6.731772970447631171e-11,6.731643882580022132e-11
1.305000000000000000e+04,6.630090508437184612e-11,6.629963340294249615e-11
1.305500000000000000e+04,6.529934088379757474e-11,6.529808820578209413e-11
1.306000000000000000e+04,6.431281008365180810e-11,6.431157596114735309e-11
1.306500000000000000e+04,6.334108841239645758e-11,6.333987274982021460e-11
1.307000000000000000e+04,6.238395554949875372e-11,6.238275795757987547e-11
1.307500000000000000e+04,6.144119394632381155e-11,6.144001422694848296e-11
1.308000000000000000e+04,6.051258957607353110e-11,6.051142740963880902e-11
1.308500000000000000e+04,5.959793132100463387e-11,5.959678651968083301e-11
1.309000000000000000e+04,5.869701146132692678e-11,5.869588368722661258e-11
1.309500000000000000e+04,5.780962508343733545e-11,5.780851411302186208e-11
1.310000000000000000e+04,5.693557034870333916e-11,5.693447602353453856e-11
1.310500000000000000e+04,5.607464871689604131e-11,5.607357062672572060e-11
1.311000000000000000e+04,5.522666406794323212e-11,5.522560206846875764e-11
1.311500000000000000e+04,5.439142346182315590e-11,5.439037738958626505e-11
1.312000000000000000e+04,5.356873704565173943e-11,5.356770648351475543e-11
1.312500000000000000e+04,5.275841721304318229e-11,5.275740205457707964e-11
1.313000000000000000e+04,5.196027956310253015e-11,5.195927957686106840e-11
1.313500000000000000e+04,5.117414232414527243e-11,5.117315725368662893e-11
1.314000000000000000e+04,5.039982641232082783e-11,5.039885597766312543e-11
1.314500000000000000e+04,4.963715507544694500e-11,4.963619929132364043e-11
1.315000000000000000e+04,4.888595501238742688e-11,4.888501334832516347e-11
1.315500000000000000e+04,4.814605444732419851e-11,4.814512687521420289e-11
1.316000000000000000e+04,4.741728479997511917e-11,4.741637113373948718e-11
1.316500000000000000e+04,4.669947996773213793e-11,4.669857988371677704e-11
1.317000000000000000e+04,4.599247592303926651e-11,4.599158934642561924e-11
1.317500000000000000e+04,4.529611150536340900e-11,4.529523816853785475e-11
1.318000000000000000e+04,4.461022771439355711e-11,4.460936738656816841e-11
1.318500000000000000e+04,4.393466783392455442e-11,4.393382039183942273e-11
1.319000000000000000e+04,4.326927768736715821e-11,4.326844289595382565e-11
1.319500000000000000e+04,4.261390519088187277e-11,4.261308289676695940e-11
1.320000000000000000e+04,4.196840067414924470e-11,4.196759064485234688e-11
1.320500000000000000e+04,4.133261649102106677e-11,4.133181861045294961e-11
1.321000000000000000e+04,4.070640740776306555e-11,4.070562145091114430e-11
1.321500000000000000e+04,4.008963021260002263e-11,4.008885597857173053e-11
1.322000000000000000e+04,3.948214374779277897e-11,3.948138112915016282e-11
1.322500000000000000e+04,3.888380915629954502e-11,3.888305793055728949e-11
1.323000000000000000e+04,3.829448943822804012e-11,3.829374947218027516e-11
1.323500000000000000e+04,3.771404976828739773e-11,3.771332087460631696e-11
1.324000000000000000e+04,3.714235726350632389e-11,3.714163925978616867e-11
1.324500000000000000e+04,3.657928098544521730e-11,3.657857372163085564e-11
1.325000000000000000e+04,3.602469196563660666e-11,3.602399529703657830e-11
1.325500000000000000e+04,3.547846317018982082e-11,3.547777693732849872e-11
1.326000000000000000e+04,3.494046943895522813e-11,3.493979348011942292e-11
1.326500000000000000e+04,3.441058746450823301e-11,3.440992162157939146e-11
1.327000000000000000e+04,3.388869574348071530e-11,3.388803988910595520e-11
1.327500000000000000e+04,3.337467463186622254e-11,3.337402861439105819e-11
1.328000000000000000e+04,3.286840632289789051e-11,3.286776990688319662e-11
1.328500000000000000e+04,3.236977443115315933e-11,3.236914762763120529e-11
1.329000000000000000e+04,3.187866476019028082e-11,3.187804736351077670e-11
1.329500000000000000e+04,3.139496463556732925e-11,3.139435640182452321e-11
1.330000000000000000e+04,3.091856274445700521e-11,3.091796370527348217e-11
1.330500000000000000e+04,3.044934996522505735e-11,3.044875988729060288e-11
1.331000000000000000e+04,2.998721843498417080e-11,2.998663718773404439e-11
1.331500000000000000e+04,2.953206197876250130e-11,2.953148944893563736e-11
1.332000000000000000e+04,2.908377603760689414e-11,2.908321209209543059e-11
1.332500000000000000e+04,2.864225756958653202e-11,2.864170209402292318e-11
1.333000000000000000e+04,2.820740512500803520e-11,2.820685796421352773e-11
1.333500000000000000e+04,2.777911866390823108e-11,2.777857972226366715e-11
1.334000000000000000e+04,2.735729973303084535e-11,2.735676887561068843e-11
1.334500000000000000e+04,2.694185128442540267e-11,2.694132839759859831e-11
1.335000000000000000e+04,2.653267776504166300e-11,2.653216270586536228e-11
1.335500000000000000e+04,2.612968494638954264e-11,2.612917764104250618e-11
1.336000000000000000e+04,2.573278013746420890e-11,2.573228044576727252e-11
1.336500000000000000e+04,2.534187196075995213e-11,2.534137974399962847e-11
1.337000000000000000e+04,2.495687033291333223e-11,2.495638552064236436e-11
1.337500000000000000e+04,2.457768662453528497e-11,2.457720910145763959e-11
1.338000000000000000e+04,2.420423350037902215e-11,2.420376313327594651e-11
1.338500000000000000e+04,2.383642487509584987e-11,2.383596156449656504e-11
1.339000000000000000e+04,2.347417595858546200e-11,2.347371962586990810e-11
1.339500000000000000e+04,2.311740326539780745e-11,2.311695381156106331e-11
1.340000000000000000e+04,2.276602460699039208e-11,2.276558186049207509e-11
1.340500000000000000e+04,2.241995882626315311e-11,2.241952273795393610e-11
1.341000000000000000e+04,2.207912614487531323e-11,2.207869661748929626e-11
1.341500000000000000e+04,2.174344792764510047e-11,2.174302486303795009e-11
1.342000000000000000e+04,2.141284672513478653e-11,2.141243001134600740e-11
1.342500000000000000e+04,2.108724621060270584e-11,2.108683575463017156e-11
1.343000000000000000e+04,2.076657118332159075e-11,2.076616692349514804e-11
1.343500000000000000e+04,2.045074767476459658e-11,2.045034947010380819e-11
1.344000000000000000e+04,2.013970264829791980e-11,2.013931045158974299e-11
1.344500000000000000e+04,1.983336433875490882e-11,1.983297801371535676e-11
1.345000000000000000e+04,1.953166189461121465e-11,1.953128137476733924e-11
1.345500000000000000e+04,1.923452556159817512e-11,1.923415080968981629e-11
1.346000000000000000e+04,1.894188678722968031e-11,1.894151763444742778e-11
1.346500000000000000e+04,1.865367776840540845e-11,1.865331419061878171e-11
1.347000000000000000e+04,1.836983194528652313e-11,1.836947383021572542e-11
1.347500000000000000e+04,1.809028362632621974e-11,1.808993090072433350e-11
1.348000000000000000e+04,1.781496814920794035e-11,1.781462073036442328e-11
1.348500000000000000e+04,1.754382180563026713e-11,1.754347961356727470e-11
1.349000000000000000e+04,1.727678183411724294e-11,1.727644479666384184e-11
1.349500000000000000e+04,1.701378642057141909e-11,1.701345446378399890e-11
1.350000000000000000e+04,1.675477469108418246e-11,1.675444772296188984e-11
1.350500000000000000e+04,1.649968663450844479e-11,1.649936459244609568e-11
1.351000000000000000e+04,1.624846317159014930e-11,1.624814598720906193e-11
1.351500000000000000e+04,1.600104611348938287e-11,1.600073370565569874e-11
1.352000000000000000e+04,1.575737815293152102e-11,1.575707041652614559e-11
1.352500000000000000e+04,1.551740267948778685e-11,1.551709964599155019e-11
1.353000000000000000e+04,1.528106429280772433e-11,1.528076576493861256e-11
1.353500000000000000e+04,1.504830797193472933e-11,1.504801397644035782e-11
1.354000000000000000e+04,1.481907987501961629e-11,1.481879030341252703e-11
1.354500000000000000e+04,1.459332679511716834e-11,1.459304157644942752e-11
1.355000000000000000e+04,1.437099632140090359e-11,1.437071542183941050e-11
1.355500000000000000e+04,1.415203695364486697e-11,1.415176024975632828e-11
1.356000000000000000e+04,1.393639771093918143e-11,1.393612524262425827e-11
1.356500000000000000e+04,1.372402877378369769e-11,1.372376034365326437e-11
1.357000000000000000e+04,1.351488058676071601e-11,1.351461624554377557e-11
1.357500000000000000e+04,1.330890473180450633e-11,1.330864437935715835e-11
1.358000000000000000e+04,1.310605336104620402e-11,1.310579690354955720e-11
1.358500000000000000e+04,1.290627924575895269e-11,1.290602669316686877e-11
1.359000000000000000e+04,1.270953608385493952e-11,1.270928732919974655e-11
1.359500000000000000e+04,1.251577808509621831e-11,1.251553308809385373e-11
1.360000000000000000e+04,1.232496024789735834e-11,1.232471893141486502e-11
1.360500000000000000e+04,1.213703817294683423e-11,1.213680049566635960e-11
1.361000000000000000e+04,1.195196815252496251e-11,1.195173408225646932e-11
1.361500000000000000e+04,1.176970718958420548e-11,1.176947664761305577e-11
1.362000000000000000e+04,1.159021286142179772e-11,1.158998579344343565e-11
1.362500000000000000e+04,1.141344338742863812e-11,1.141321975713902910e-11
1.363000000000000000e+04,1.123935767278041890e-11,1.123913740232027658e-11
1.363500000000000000e+04,1.106791513837406574e-11,1.106769820952034595e-11
1.364000000000000000e+04,1.089907593071105499e-11,1.089886226700802242e-11
1.364500000000000000e+04,1.073280069265727044e-11,1.073259026174381653e-11
1.365000000000000000e+04,1.056905072604034693e-11,1.056884347047042280e-11
1.365500000000000000e+04,1.040778786748945814e-11,1.040758375093438987e-11
1.366000000000000000e+04,1.024897457996545083e-11,1.024877353323717336e-11
1.366500000000000000e+04,1.009257382638841404e-11,1.009237581131363424e-11
1.367000000000000000e+04,9.938549123560264876e-12,9.938354134535994085e-12
1.367500000000000000e+04,9.786864650562998614e-12,9.786672599442421527e-12
1.368000000000000000e+04,9.637485017029791599e-12,9.637295841587043024e-12
1.368500000000000000e+04,9.490375321492011361e-12,9.490189027509961043e-12
1.369000000000000000e+04,9.345501337757830013e-12,9.345317846826638284e-12
1.369500000000000000e+04,9.202829215434422239e-12,9.202648504433533101e-12
1.370000000000000000e+04,9.062325693682671978e-12,9.062147712828490068e-12
1.370500000000000000e+04,8.923957966548939146e-12,8.923782684545161920e-12
1.371000000000000000e+04,8.787693774495211666e-12,8.787521124699020100e-12
1.371500000000000000e+04,8.653501225210174692e-12,8.653331223643247843e-12
1.372000000000000000e+04,8.521349114656047608e-12,8.521181649732892142e-12
1.372500000000000000e+04,8.391206463057730693e-12,8.391041542196983789e-12
1.373000000000000000e+04,8.263042928585909109e-12,8.262880504114783616e-12
1.373500000000000000e+04,8.136828562631416454e-12,8.136668595496384360e-12
1.374000000000000000e+04,8.012533875618457866e-12,8.012376326465713289e-12
1.374500000000000000e+04,7.890129812670310266e-12,7.889974650544129355e-12
1.375000000000000000e+04,7.769587789557720978e-12,7.769434958033459742e-12
1.375500000000000000e+04,7.650879545587003905e-12,7.650729069496659874e-12
1.376000000000000000e+04,7.533977464646879751e-12,7.533829229335363426e-12
1.376500000000000000e+04,7.418854078567543112e-12,7.418708099462003945e-12
1.377000000000000000e+04,7.305482528642773293e-12,7.305338753065792404e-12
1.377500000000000000e+04,7.193836253431941086e-12,7.193694668470873683e-12
1.378000000000000000e+04,7.083889179286499157e-12,7.083749723085510894e-12
1.378500000000000000e+04,6.975615521112920337e-12,6.975478187440896010e-12
1.379000000000000000e+04,6.868989975802713941e-12,6.868854719317854903e-12
1.379500000000000000e+04,6.763987570004795174e-12,6.763854357960768231e-12
1.380000000000000000e+04,6.660583718057714254e-12,6.660452518377680673e-12
1.380500000000000000e+04,6.558754168343576722e-12,6.558624985723665408e-12
1.381000000000000000e+04,6.458475178467357560e-12,6.458347909768814658e-12
1.381500000000000000e+04,6.359723091204074445e-12,6.359597799447065329e-12
1.382000000000000000e+04,6.262474957097372125e-12,6.262351517486384817e-12
1.382500000000000000e+04,6.166707809269745439e-12,6.166586275118349180e-12
1.383000000000000000e+04,6.072399337869769804e-12,6.072279626866397178e-12
1.383500000000000000e+04,5.979527363289825572e-12,5.979409465411169630e-12
1.384000000000000000e+04,5.888070109373915269e-12,5.887954016531740165e-12
1.384500000000000000e+04,5.798006185719985749e-12,5.797891834122568544e-12
1.385000000000000000e+04,5.709314401577848381e-12,5.709201795283762869e-12
1.385500000000000000e+04,5.621973998822443382e-12,5.621863095484233033e-12
1.386000000000000000e+04,5.535964474147534165e-12,5.535855243797111815e-12
1.386500000000000000e+04,5.451265608377481619e-12,5.451158058205331232e-12
1.387000000000000000e+04,5.367857596296258355e-12,5.367751660977223272e-12
1.387500000000000000e+04,5.285720804548826410e-12,5.285616474110299229e-12
1.388000000000000000e+04,5.204835959678900476e-12,5.204733214843587270e-12
1.388500000000000000e+04,5.125184073466897988e-12,5.125082891235771263e-12
1.389000000000000000e+04,5.046746448460458198e-12,5.046646797809007250e-12
1.389500000000000000e+04,4.969504647971356549e-12,4.969406511258250371e-12
1.390000000000000000e+04,4.893440533268272936e-12,4.893343886223468515e-12
1.390500000000000000e+04,4.818536235232862360e-12,4.818441051125212833e-12
1.391000000000000000e+04,4.744774136800340661e-12,4.744680404061648419e-12
1.391500000000000000e+04,4.672136924116825726e-12,4.672044608766893293e-12
1.392000000000000000e+04,4.600607504134548285e-12,4.600516590629550928e-12
1.392500000000000000e+04,4.530169061299706543e-12,4.530079532769892628e-12
1.393000000000000000e+04,4.460805047044474203e-12,4.460716872175899783e-12
1.393500000000000000e+04,4.392499131256666132e-12,4.392412295896698250e-12
1.394000000000000000e+04,4.325235251777915210e-12,4.325149737292127102e-12
1.394500000000000000e+04,4.258997586889321138e-12,4.258913372338827899e-12
1.395000000000000000e+04,4.193770555311451241e-12,4.193687615990810743e-12
1.395500000000000000e+04,4.129538793529198617e-12,4.129457118594342833e-12
1.396000000000000000e+04,4.066287203907328213e-12,4.066206762355929257e-12
1.396500000000000000e+04,4.004000868967375835e-12,4.003921657863405399e-12
1.397000000000000000e+04,3.942665149001372704e-12,3.942587140658432486e-12
1.397500000000000000e+04,3.882265597040059851e-12,3.882188767859884934e-12
1.398000000000000000e+04,3.822787974200091057e-12,3.822712314838026908e-12
1.398500000000000000e+04,3.764218280793219705e-12,3.764143771937731643e-12
1.399000000000000000e+04,3.706542714709115100e-12,3.706469341250879244e-12
1.399500000000000000e+04,3.649747692016563009e-12,3.649675433436371486e-12
