benchmark,horizon_days,strike,clean_call,noise,observed_call
lognormal,30,5209.421009514305,800.9258132755986,-0.01586834732286213,800.9099449282756
lognormal,30,5231.040932219042,779.5374544771594,0.013507908051632933,779.550962385211
lognormal,30,5252.660854923778,758.1840213451287,-0.07032545343436614,758.1136958916943
lognormal,30,5274.280777628514,736.8718083943795,0.26260876296447444,737.1344171573439
lognormal,30,5295.900700333252,715.6079624375834,-0.13021380513319725,715.4777486324502
lognormal,30,5317.520623037987,694.4005441370364,-0.40621719088170605,693.9943269461546
lognormal,30,5339.1405457427245,673.2585846187367,-0.49324525742516956,672.7653393613115
lognormal,30,5360.760468447461,652.1921353100097,0.1513588317424467,652.3434941417521
lognormal,30,5382.380391152197,631.2123090976584,-0.2976017800890639,630.9147073175693
lognormal,30,5404.000313856934,610.331310889208,0.3239585662163128,610.6552694554243
lognormal,30,5425.62023656167,589.5624557009833,0.32129453923554074,589.8837502402188
lognormal,30,5447.240159266407,568.9201724981813,-0.2202012162532212,568.699971281928
lognormal,30,5468.860081971144,548.4199921757336,-0.39272287033649833,548.0272693053971
lognormal,30,5490.48000467588,528.0785182948675,0.009055150584553529,528.0875734454521
lognormal,30,5512.0999273806165,507.9133794766949,-0.03592026505465451,507.87745921164026
lognormal,30,5533.719850085354,487.9431626957021,-0.39765056963171874,487.5455121260704
lognormal,30,5555.339772790089,468.187327105903,-0.40376039984092327,467.7835667060621
lognormal,30,5576.9596954948265,448.6660984607797,-0.05256355845280214,448.61353490232693
lognormal,30,5598.579618199563,429.4003446436145,0.08519327105699692,429.4855379146715
lognormal,30,5620.199540904299,410.4114332941508,0.3292434352291108,410.7406767293799
lognormal,30,5641.819463609037,391.7210729864282,-0.09601622384821751,391.62505676258
lognormal,30,5663.439386313773,373.35113986612396,-0.3319930094848347,373.0191468566391
lognormal,30,5685.059309018509,355.3234920787645,0.33209783285746874,355.655589911622
lognormal,30,5706.679231723246,337.6597746984189,0.091119436491511,337.7508941349104
lognormal,30,5728.299154427983,320.381218186576,0.3595655188145557,320.7407837053906
lognormal,30,5749.9190771327185,303.50843366134995,0.3289048760063912,303.83733853735635
lognormal,30,5771.538999837456,287.06120842860855,0.039586512304948696,287.1007949409135
lognormal,30,5793.158922542192,271.0583053123555,0.3673242765431337,271.42562958889863
lognormal,30,5814.7788452469285,255.51726931769736,-0.07583366843656714,255.4414356492608
lognormal,30,5836.398767951665,240.45424506548716,-0.008069069285929875,240.44617599620122
lognormal,30,5858.018690656402,225.8838082550942,0.2557277201750734,226.13953597526927
lognormal,30,5879.638613361139,211.81881414625923,-0.31950683115626777,211.49930731510295
lognormal,30,5901.258536065875,198.27026571044735,-0.4344252361006181,197.83584047434672
lognormal,30,5922.878458770611,185.24720369683928,-0.2777047878157114,184.96949890902357
lognormal,30,5944.498381475348,172.75662040061115,0.23246185249829798,172.98908225310944
lognormal,30,5966.118304180085,160.80339842513376,-0.2534216563875934,160.54997676874618
lognormal,30,5987.7382268848205,149.39027521001708,0.41556101864784245,149.80583622866493
lognormal,30,6009.358149589558,138.5178335686669,0.4236191617490547,138.94145273041596
lognormal,30,6030.978072294294,128.18451795727606,0.16617628518091643,128.35069424245697
lognormal,30,6052.597994999031,118.38667569598829,0.30126370549550885,118.6879394014838
lognormal,30,6074.217917703767,109.1186218957514,0.10906784881409992,109.22768974456551
lognormal,30,6095.837840408504,100.37272642226435,0.16615871498358292,100.53888513724793
lognormal,30,6117.457763113241,92.13952086125119,-0.42279101640665406,91.71672984484454
lognormal,30,6139.077685817978,84.40782314433136,-0.4266175432308643,83.9812056011005
lognormal,30,6160.697608522713,77.16487725717093,-0.1160511660343847,77.04882609113655
lognormal,30,6182.31753122745,70.39650528415405,0.2921225490512154,70.68862783320526
lognormal,30,6203.937453932187,64.08726894710003,0.10866767432111613,64.19593662142114
lognormal,30,6225.557376636923,58.220637767805556,-0.1562371590948175,58.06440060871074
lognormal,30,6247.177299341659,52.779161021928985,0.20866741995430937,52.987828441883295
lognormal,30,6268.797222046396,47.744640749685004,-0.33395700526732286,47.41068374441768
lognormal,30,6290.417144751133,43.09830324022869,-0.4844313639862926,42.61387187624239
lognormal,30,6312.03706745587,38.820966603878105,0.4364387617641666,39.25740536564227
lognormal,30,6333.656990160606,34.89320228098336,0.02400914310277158,34.91721142408613
lognormal,30,6355.276912865343,31.29548859942588,-0.18533869859678576,31.110149900829093
lognormal,30,6376.89683557008,28.008354775628163,0.13099308086952788,28.13934785649769
lognormal,30,6398.516758274815,25.01251404781624,0.10124818401173774,25.113762231827977
lognormal,30,6420.136680979552,22.288984926995,0.10276638610293076,22.39175131309793
lognormal,30,6441.756603684289,19.81919984308638,0.12739112609411296,19.946590969180495
lognormal,30,6463.3765263890255,17.58510074437379,-0.4351083863280403,17.14999235804575
lognormal,30,6484.996449093763,15.569221472047502,0.2283230529066873,15.797544524954189
lognormal,30,6506.616371798498,13.754756973673352,0.06237992628567024,13.817136899959023
lognormal,30,6528.236294503235,12.125619636237843,0.13279174659173087,12.258411382829575
lognormal,30,6549.856217207972,10.666483208567115,0.19643343635802546,10.862916644925141
lognormal,30,6571.476139912708,9.362814942907278,-0.10535203432583917,9.257462908581438
lognormal,30,6593.096062617446,8.200896715769375,0.293990753580608,8.494887469349983
lognormal,30,6614.715985322182,7.1678359890884735,0.49110729570759715,7.658943284796071
lognormal,30,6636.335908026917,6.2515675454123425,-0.24025669422631057,6.011310851186032
lognormal,30,6657.955830731654,5.4408469768548,0.3617509844459269,5.8025979613007275
lognormal,30,6679.575753436391,4.725236929117472,-0.07755659757950684,4.6476803315379644
lognormal,30,6701.1956761411275,4.095087101490719,-0.022467163391629463,4.0726199380990895
lognormal,30,6722.815598845865,3.5415089841722818,0.023531949131286756,3.5650409333035684
lognormal,30,6744.4355215506,3.0563462783725868,-0.29807729558504614,2.7582689827875404
lognormal,30,6766.055444255337,2.6321418954134685,0.11004143781166054,2.742183333225129
lognormal,30,6787.675366960074,2.2621023712635093,-0.34459435489984225,1.917508016363667
lognormal,30,6809.29528966481,1.9400604653813218,0.1629999413304133,2.103060406711735
lognormal,30,6830.915212369548,1.660436639926786,0.39191444984598667,2.0523510897727726
lognormal,30,6852.535135074284,1.4182000396391743,0.43839115018088803,1.8565911898200622
lognormal,30,6874.155057779021,1.2088295160351876,0.42953598401195536,1.638365500047143
lognormal,30,6895.774980483757,1.0282751637898073,-0.24112582915066927,0.787149334639138
lognormal,30,6917.394903188493,0.8729207637426057,-0.013929068906914699,0.858991694835691
lognormal,30,6939.0148258932295,0.7395474571009828,0.44136706335429454,1.1809145204552773
lognormal,60,4919.209489599415,1099.131906854518,0.3204358922673983,1099.4523427467855
lognormal,60,4949.9524569407495,1068.827167670468,-0.04533532092541026,1068.7818323495426
lognormal,60,4980.695424282084,1038.5771470101272,0.4584207969769055,1039.0355678071041
lognormal,60,5011.438391623418,1008.3921553817136,0.23611994772779676,1008.6282753294414
lognormal,60,5042.181358964752,978.283920122999,-0.12734918039112553,978.1565709426079
lognormal,60,5072.924326306086,948.2656775495352,0.11469511215284811,948.380372661688
lognormal,60,5103.667293647421,918.352252996272,0.4684916746120197,918.820744670884
lognormal,60,5134.410260988755,888.560125390738,0.12374161246561732,888.6838670032037
lognormal,60,5165.153228330089,858.9074730303691,-0.17475901589529563,858.7327140144738
lognormal,60,5195.896195671424,829.4141973835413,-0.06630713130748378,829.3478902522338
lognormal,60,5226.639163012757,800.1019219982036,-0.42178269604111385,799.6801393021625
lognormal,60,5257.382130354092,770.993963983482,-0.17339813173838514,770.8205658517436
lognormal,60,5288.125097695426,742.1152760232271,0.47466411697849253,742.5899401402056
lognormal,60,5318.8680650367605,713.492357475845,0.08568618284829899,713.5780436586933
lognormal,60,5349.611032378095,685.1531337972192,-0.08307129397922952,685.07006250324
lognormal,60,5380.353999719429,657.1268042735437,-0.41868359403336575,656.7081206795103
lognormal,60,5411.096967060764,629.4436588454664,-0.04645368329405253,629.3972051621723
lognormal,60,5441.839934402098,602.1348656187229,0.4805424595978073,602.6154080783207
lognormal,60,5472.582901743432,575.2322314615421,0.4435764061017846,575.6758078676439
lognormal,60,5503.325869084766,548.7679388581691,0.11301952547490646,548.880958383644
lognormal,60,5534.0688364261005,522.7742628935321,-0.4051199152405658,522.3691429782915
lognormal,60,5564.811803767435,497.28327286107015,0.4274652625612846,497.7107381236314
lognormal,60,5595.554771108769,472.3265234921155,0.040152550212329996,472.3666760423278
lognormal,60,5626.297738450104,447.9347411824119,0.4492956548697479,448.38403683728166
lognormal,60,5657.040705791437,424.1375108259963,-0.07020641145910544,424.0673044145372
lognormal,60,5687.783673132772,400.9629689503836,0.26228441631941757,401.225253366703
lognormal,60,5718.526640474106,378.43750877702405,-0.1845258423674676,378.2529829346566
lognormal,60,5749.26960781544,356.5855026101158,-0.20683809298080857,356.37866451713495
lognormal,60,5780.012575156775,335.4290465930776,0.40121832416129266,335.8302649172389
lognormal,60,5810.755542498109,314.98773237855585,0.13373779342268877,315.12147017197856
lognormal,60,5841.498509839444,295.27844965159693,-0.3322243310524359,294.9462253205445
lognormal,60,5872.241477180777,276.315222747603,0.31508718061851815,276.6303099282215
lognormal,60,5902.9844445221115,258.1090838397413,-0.392339767568613,257.7167440721727
lognormal,60,5933.727411863446,240.6679843594693,-0.19413466051730777,240.473849698952
lognormal,60,5964.47037920478,223.996745483817,-0.2703775969512193,223.72636788686577
lognormal,60,5995.213346546115,208.09704769879272,0.23811864641555558,208.33516634520828
lognormal,60,6025.956313887448,192.96745865321918,0.3815741789641395,193.34903283218333
lognormal,60,6056.699281228783,178.60349777252804,0.2337675324921551,178.8372653050202
lognormal,60,6087.442248570117,164.99773542624462,0.08905263677036268,165.08678806301498
lognormal,60,6118.185215911451,152.13992385105848,0.44543216565902044,152.5853560167175
lognormal,60,6148.928183252785,140.01715653539804,0.21272992697610127,140.22988646237414
lognormal,60,6179.671150594119,128.6140523788672,-0.22957236069086617,128.38448001817633
lognormal,60,6210.414117935454,117.91296065520555,0.41785341794432684,118.33081407314988
lognormal,60,6241.157085276788,107.89418263088282,0.06385346541468284,107.9580360962975
lognormal,60,6271.900052618123,98.53620562032029,-0.07510957077015123,98.46109604955014
lognormal,60,6302.643019959457,89.81594528733513,-0.12577850257602396,89.6901667847591
lognormal,60,6333.385987300791,81.70899212227641,0.4424882754586873,82.1514803977351
lognormal,60,6364.128954642125,74.18985822535092,-0.3369578450191528,73.85290038033176
lognormal,60,6394.87192198346,67.23222079693414,0.0316244891787385,67.26384528611288
lognormal,60,6425.614889324793,60.809159062497656,0.017411863379557357,60.82657092587721
lognormal,60,6456.357856666127,54.89338173004535,0.14093389188547023,55.034315621930816
lognormal,60,6487.100824007462,49.4574424783832,0.26346950621992526,49.72091198460313
lognormal,60,6517.843791348796,44.47394139252583,-0.28773227920586164,44.18620911331997
lognormal,60,6548.58675869013,39.915710686033776,0.046491362945112136,39.96220204897889
lognormal,60,6579.329726031465,35.755983468373756,0.3420417218843631,36.09802519025812
lognormal,60,6610.072693372799,31.96854471882989,-0.09314839851519197,31.875396320314696
lognormal,60,6640.815660714134,28.52786400906814,-0.12524356472473785,28.402620444343402
lognormal,60,6671.558628055468,25.40920986756771,-0.13766057228679562,25.271549295280916
lognormal,60,6702.301595396802,22.588745995765294,-0.19401392545280283,22.39473207031249
lognormal,60,6733.044562738137,20.043609824365717,0.11315069280386869,20.156760517169587
lognormal,60,6763.787530079469,17.751974136859246,-0.48309780232777944,17.268876334531466
lognormal,60,6794.530497420806,15.693092684916508,-0.2844293507395088,15.408663334177
lognormal,60,6825.273464762138,13.847330877528236,-0.3020559904216096,13.545274887106627
lognormal,60,6856.016432103473,12.19618274380872,0.4640182185739834,12.660200962382703
lognormal,60,6886.759399444807,10.72227545049401,0.40445014704855653,11.126725597542567
lognormal,60,6917.5023667861415,9.4093627022296,-0.2914279117837476,9.117934790445853
lognormal,60,6948.245334127476,8.24230836904266,-0.3975578939275467,7.844750475115114
lognormal,60,6978.98830146881,7.207061674597554,0.216725167966467,7.423786842564021
lognormal,60,7009.731268810145,6.290625244765522,0.3697051471823909,6.660330391947912
lognormal,60,7040.474236151479,5.4810172625413145,-0.3166422781220135,5.164374984419301
lognormal,60,7071.2172034928135,4.767228906236426,0.3360740213523946,5.10330292758882
lognormal,60,7101.960170834148,4.139178166733046,0.3541690240383423,4.493347190771389
lognormal,60,7132.703138175482,3.5876610498665826,0.33382976706654177,3.921490816933124
lognormal,60,7163.446105516815,3.1043010747269335,0.14262932595232958,3.246930400679263
lognormal,60,7194.18907285815,2.681497880658611,-0.43620539484337895,2.245292485815232
lognormal,60,7224.932040199484,2.312375657366175,0.17369478226744695,2.486070439633622
lognormal,60,7255.675007540818,1.9907320158714725,0.1304111194114954,2.121143135282968
lognormal,60,7286.4179748821525,1.7109878248038441,0.42218991348702606,2.13317773829087
lognormal,60,7317.160942223487,1.4681384479876485,0.2666126467451788,1.7347510947328273
lognormal,60,7347.903909564821,1.2577067365613956,0.28188230409150494,1.5395890406529005
lognormal,60,7378.646876906156,1.0756980526380886,0.39267725766030903,1.4683753102983976
lognormal,90,4709.784184175493,1315.339187340971,0.3721876659464314,1315.7113750069175
lognormal,90,4747.642914131474,1278.1515803157727,-0.469232368215731,1277.682347947557
lognormal,90,4785.501644087455,1241.0365800963655,-0.470393357771831,1240.5661867385936
lognormal,90,4823.360374043437,1204.0083464092759,-0.20866349048744837,1203.7996829187884
lognormal,90,4861.2191039994195,1167.0830038566028,0.23769225793371052,1167.3206961145365
lognormal,90,4899.077833955401,1130.2787567995974,-0.39673883335430216,1129.8820179662432
lognormal,90,4936.936563911383,1093.6159828279933,-0.1480775120491823,1093.467905315944
lognormal,90,4974.795293867364,1057.1172999408782,-0.2455755366904453,1056.8717244041877
lognormal,90,5012.6540238233465,1020.8076028203104,-0.16096737184437293,1020.6466354484661
lognormal,90,5050.512753779328,984.7140640192911,-0.04457404080729366,984.6694899784837
lognormal,90,5088.371483735309,948.8660965069203,-0.14181674550099288,948.7242797614192
lognormal,90,5126.230213691291,913.2952748032385,-0.09335427980225208,913.2019205234362
lognormal,90,5164.0889436472735,878.0352128733457,-0.48881100510734554,877.5464018682384
lognormal,90,5201.947673603255,843.1213980065095,0.06919481519290227,843.1905928217024
lognormal,90,5239.806403559237,808.5909810465764,0.1681231841046149,808.759104230681
lognormal,90,5277.665133515218,774.4825245254278,0.13999230689575204,774.6225168323236
lognormal,90,5315.5238634712,740.8357114389846,-0.3404691719223033,740.4952422670623
lognormal,90,5353.382593427182,707.6910185520264,-0.13889816813289546,707.5521203838936
lognormal,90,5391.241323383163,675.0893591811873,0.4949305632591249,675.5842897444464
lognormal,90,5429.100053339145,643.0717013457006,-0.3755856886339842,642.6961156570666
lognormal,90,5466.9587832951265,611.6786679579263,0.4255698495132144,612.1042378074395
lognormal,90,5504.817513251109,580.950126322271,-0.2241723896272566,580.7259539326437
lognormal,90,5542.676243207091,550.9247746008896,-0.08945735901705976,550.8353172418725
lognormal,90,5580.534973163072,521.6397330748741,0.4686979559055895,522.1084310307797
lognormal,90,5618.3937031190535,493.1301479767453,0.1410810737902659,493.27122905053557
lognormal,90,5656.252433075036,465.4288153984139,0.48108545286171933,465.9099008512756
lognormal,90,5694.111163031017,438.56583230104934,0.0838703297863942,438.64970263083575
lognormal,90,5731.969892986999,412.56828098939013,-0.4025026013116614,412.1657783880785
lognormal,90,5769.8286229429805,387.45995258912535,-0.08987474737944878,387.3700778417459
lognormal,90,5807.687352898962,363.26111411253305,0.3077502876308129,363.5688644001639
lognormal,90,5845.546082854945,339.988322649097,0.25998553006588354,340.24830817916285
lognormal,90,5883.404812810926,317.65428910983246,-0.10717369298437418,317.5471154168481
lognormal,90,5921.263542766907,296.26779282288953,-0.054677764172720855,296.2131150587168
lognormal,90,5959.122272722889,275.83364715855805,0.44595451146419673,276.27960167002226
lognormal,90,5996.981002678871,256.35271528652174,-0.01577938886510799,256.33693589765664
lognormal,90,6034.839732634853,237.82197416627287,0.4765732281444104,238.29854739441728
lognormal,90,6072.698462590835,220.23462396754212,0.19839593211341278,220.43301989965553
lognormal,90,6110.557192546817,203.58023933135564,-0.250995471339862,203.3292438600158
lognormal,90,6148.415922502798,187.84495822831832,-0.23793069596649274,187.60702753235182
lognormal,90,6186.27465245878,173.01170365817643,0.46270250346392894,173.47440616164036
lognormal,90,6224.133382414761,159.0604330676133,0.4121494902134121,159.4725825578267
lognormal,90,6261.992112370743,145.9684101406374,-0.2787312859502439,145.68967885468714
lognormal,90,6299.850842326725,133.71049353256808,0.12908094060100617,133.83957447316908
lognormal,90,6337.709572282706,122.2594371652965,0.17198386619358075,122.43142103149009
lognormal,90,6375.5683022386875,111.58619686606608,-0.015646287197295106,111.57055057886878
lognormal,90,6413.427032194669,101.6602383998129,0.019797622461728892,101.68003602227462
lognormal,90,6451.285762150652,92.44984229981651,0.42025925157282296,92.87010155138934
lognormal,90,6489.144492106633,83.92240132594452,0.32312972337307244,84.24553104931759
lognormal,90,6527.003222062615,76.04470685657452,0.2252838221604786,76.269990678735
lognormal,90,6564.861952018597,68.78322103227401,-0.4030164639756022,68.38020456829841
lognormal,90,6602.720681974578,62.1043320002002,-0.0392567710963162,62.06507522910388
lognormal,90,6640.579411930561,55.97459014298738,1.3105030602034162e-05,55.974603248017985
lognormal,90,6678.438141886542,50.36092370111453,-0.49819144085150324,49.86273226026302
lognormal,90,6716.2968718425245,45.230832701857935,0.03439681310956777,45.2652295149675
lognormal,90,6754.155601798506,40.552560581250646,-0.23010348132449676,40.32245709992615
lognormal,90,6792.014331754487,36.29524332030326,0.18704279756410558,36.48228611786736
lognormal,90,6829.873061710469,32.4290363073884,-0.4824889403628565,31.946547367025545
lognormal,90,6867.731791666451,28.925219481436784,-0.2195411612162511,28.70567832022053
lognormal,90,6905.590521622432,25.756281603223897,-0.011647345725845248,25.744634257498053
lognormal,90,6943.449251578413,22.89598474417238,0.0852682018692168,22.981252946041597
lognormal,90,6981.307981534395,20.319410274573954,-0.2945892555860433,20.02482101898791
lognormal,90,7019.166711490377,18.002987777991848,-0.28002290932318796,17.72296486866866
lognormal,90,7057.02544144636,15.924508418748871,-0.3811736402125119,15.543334778536359
lognormal,90,7094.884171402341,14.063124348619283,-0.36768163887609995,13.695442709743183
lognormal,90,7132.742901358322,12.399335761167833,0.44923295662278806,12.848568717790622
lognormal,90,7170.6016313143045,10.914967192219308,-0.22051903786310278,10.694448154356206
lognormal,90,7208.460361270286,9.593134627275447,0.32453825188116403,9.91767287915661
lognormal,90,7246.319091226269,8.418204915985939,-0.10450114957014178,8.313703766415797
lognormal,90,7284.17782118225,7.3757489145364445,-0.05474177747346376,7.321007137062981
lognormal,90,7322.0365511382315,6.4524896832946865,0.25565206227457005,6.7081417455692565
lognormal,90,7359.895281094214,5.636246963267695,0.43084228247282697,6.067089245740521
lognormal,90,7397.754011050195,4.915879044435712,0.20351919936887486,5.1193982438045875
lognormal,90,7435.612741006176,4.2812230250785746,0.04063794320084835,4.321860968279423
lognormal,90,7473.4714709621585,3.72303434658906,0.2503325708464349,3.9733669174354946
lognormal,90,7511.33020091814,3.2329263753218527,0.18325035947136858,3.416176734793221
lognormal,90,7549.188930874121,2.8033106937432564,0.41634700670420954,3.219657700447466
lognormal,90,7587.047660830102,2.4273386590581225,0.22268303137755807,2.650021690435681
lognormal,90,7624.906390786085,2.0988446898227124,0.2857508828883454,2.3845955727110577
lognormal,90,7662.765120742068,1.8122916506337603,-0.2654080002570005,1.5468836503767598
lognormal,90,7700.623850698049,1.5627186224050007,-0.02444835997105199,1.5382702624339486
lognormal,90,7738.48258065403,1.3456912712836768,-0.043594367052810834,1.3020969042308659
lognormal,120,4541.637172672938,1489.3685714982375,-0.13334872372063344,1489.2352227745168
lognormal,120,4585.592146177447,1446.34356965194,0.11478775259643248,1446.4583574045364
lognormal,120,4629.547119681956,1403.4083596885812,0.48150430363015606,1403.8898639922113
lognormal,120,4673.502093186465,1360.5809699017436,0.3512008172188401,1360.9321707189624
lognormal,120,4717.457066690975,1317.8819478894284,0.4287779927540518,1318.3107258821824
lognormal,120,4761.412040195484,1275.334491835235,-0.20198878926361385,1275.1325030459714
lognormal,120,4805.367013699994,1232.9645489177765,0.07270295820792061,1233.0372518759843
lognormal,120,4849.321987204503,1190.8008745121406,-0.4665406824636924,1190.3343338296768
lognormal,120,4893.276960709012,1148.875046454952,0.10391544048090884,1148.978961895433
lognormal,120,4937.231934213522,1107.2214295127724,0.29786379597840595,1107.5192933087508
lognormal,120,4981.186907718032,1065.8770863007258,-0.061366060258052024,1065.8157202404677
lognormal,120,5025.141881222541,1024.8816322102093,-0.0971706177541416,1024.7844615924553
lognormal,120,5069.09685472705,984.2770333767457,0.00977178367615883,984.2868051604219
lognormal,120,5113.051828231559,944.1073482973761,-0.09261431354920513,944.0147339838269
lognormal,120,5157.006801736068,904.4184153319538,-0.07049630148829455,904.3479190304655
lognormal,120,5200.9617752405775,865.2574899313413,0.18052191873054546,865.4380118500718
lognormal,120,5244.916748745088,826.6728369650327,0.4334226362946255,827.1062596013273
lognormal,120,5288.871722249597,788.7132849117497,0.4697053214441831,789.1829902331939
lognormal,120,5332.826695754106,751.4277498757283,0.30378769339159406,751.7315375691198
lognormal,120,5376.781669258616,714.86473835373,-0.14248452094965447,714.7222538327803
lognormal,120,5420.736642763125,679.0718383692492,0.3995831841121422,679.4714215533613
lognormal,120,5464.691616267635,644.0952089883149,0.07409115280103884,644.169300141116
lognormal,120,5508.646589772144,609.9790783256713,-0.0744866027764477,609.9045917228948
lognormal,120,5552.601563276654,576.7652599434887,-0.3776958071627623,576.3875641363259
lognormal,120,5596.556536781162,544.4926970513561,0.2125574836905596,544.7052545350467
lognormal,120,5640.511510285672,513.1970431607688,-0.36433193274143816,512.8327112280273
lognormal,120,5684.466483790181,482.91028686393474,-0.02651852182674641,482.883768342108
lognormal,120,5728.42145729469,453.6604272359673,0.21294246362965685,453.87336969959694
lognormal,120,5772.3764307992005,425.4712050474441,-0.41819867157114565,425.05300637587294
lognormal,120,5816.33140430371,398.36189356940986,0.038805631083402514,398.40069920049325
lognormal,120,5860.286377808219,372.34715130396853,-0.08693771909957337,372.26021358486895
lognormal,120,5904.2413513127285,347.4369375283809,0.431334497788885,347.8682720261698
lognormal,120,5948.196324817238,323.63649014297425,0.39599410975634297,324.03248425273057
lognormal,120,5992.151298321748,300.946364002853,-0.06581314021980489,300.8805508626332
lognormal,120,6036.1062718262565,279.3625267235693,0.337077081338618,279.69960380490795
lognormal,120,6080.061245330766,258.8765079086361,-0.3986088653130868,258.477899043323
lognormal,120,6124.016218835275,239.47559687154944,0.23420839815125494,239.7098052697007
lognormal,120,6167.9711923397845,221.1430832293936,0.06519548203208503,221.2082787114257
lognormal,120,6211.926165844295,203.85853423470826,0.13566236136486398,203.99419659607312
lognormal,120,6255.881139348803,187.59810238613318,0.18088360667909187,187.77898599281227
lognormal,120,6299.836112853313,172.33485670974824,-0.029029738829772334,172.30582697091847
lognormal,120,6343.791086357822,158.03913112034002,-0.2918211697383386,157.74730995060168
lognormal,120,6387.746059862332,144.67888343941854,0.42077154465588473,145.09965498407442
lognormal,120,6431.701033366842,132.2200589460915,0.4444361174364786,132.664495063528
lognormal,120,6475.656006871351,120.62695274714315,0.4267148290162993,121.05366757615946
lognormal,120,6519.61098037586,109.86256575215475,0.2824364758266822,110.14500222798144
lognormal,120,6563.565953880369,99.8889496062236,-0.09129025273342017,99.79765935349019
lognormal,120,6607.520927384879,90.66753654531817,0.07447554691775815,90.74201209223592
lognormal,120,6651.475900889389,82.15945077719334,0.13087127072104365,82.29032204791439
lognormal,120,6695.430874393897,74.325798635502,-0.48205684612778765,73.8437417893742
lognormal,120,6739.385847898406,67.12793538959068,0.22594884118334257,67.35388423077401
lognormal,120,6783.340821402916,60.527707203220984,-0.08294285048827721,60.444764352732705
lognormal,120,6827.295794907426,54.48766731025819,-0.32169992442051354,54.165967385837675
lognormal,120,6871.250768411935,48.971266004820336,0.06518161195207883,49.03644761677241
lognormal,120,6915.205741916445,43.943014520630186,-0.32165832083238055,43.6213561997978
lognormal,120,6959.160715420953,39.36862329463429,0.34352764834641736,39.712150942980706
lognormal,120,7003.1156889254635,35.21511547093928,-0.3808901081442978,34.83422536279498
lognormal,120,7047.070662429973,31.45091680207497,0.43218869183632813,31.883105493911298
lognormal,120,7091.025635934482,28.04592334657309,-0.45554962654241293,27.590373720030676
lognormal,120,7134.980609438991,24.971548547242037,-0.3621817487150556,24.60936679852698
lognormal,120,7178.9355829435,22.200751406777385,0.2637130939241862,22.46446450070157
lognormal,120,7222.89055644801,19.708047560795478,-0.41728014464885965,19.29076741614662
lognormal,120,7266.84552995252,17.469505087922528,0.3814414808046719,17.8509465687272
lognormal,120,7310.800503457029,15.462726897461835,0.3991640689378061,15.86189096639964
lognormal,120,7354.755476961539,13.666821502796893,0.07496098000963047,13.741782482806522
lognormal,120,7398.710450466047,12.06236392852665,-0.46128047560407415,11.601083452922577
lognormal,120,7442.665423970558,10.63134841656398,-0.20229192420577613,10.429056492358205
lognormal,120,7486.620397475067,9.357134496069989,0.18443298901169347,9.541567485081682
lognormal,120,7530.575370979576,8.224387868786607,-0.11327089221533937,8.111116976571267
lognormal,120,7574.530344484085,7.219017439210347,-0.33328203588781313,6.885735403322534
lognormal,120,7618.485317988594,6.328109691945514,0.43552027454864006,6.763629966494154
lognormal,120,7662.440291493104,5.539861489673996,-0.410452825305212,5.129408664368784
lognormal,120,7706.3952649976145,4.843512237308204,-0.4677845332751914,4.375727704033013
lognormal,120,7750.350238502123,4.229276233355563,0.19130591211878878,4.420582145474352
lognormal,120,7794.305212006631,3.688275910156733,-0.39306259763666906,3.295213312520064
lognormal,120,7838.260185511142,3.2124765519478586,-0.007143076326415088,3.2053334756214436
lognormal,120,7882.215159015652,2.7946229746586226,0.3440067481583551,3.1386297228169777
lognormal,120,7926.170132520161,2.4281785547533943,-0.4366987809102697,1.9914797738431247
lognormal,120,7970.1251060246705,2.1072669066455205,-0.4290372731427412,1.6782296335027793
lognormal,120,8014.080079529179,1.8266164294493876,0.41272959437128054,2.2393460238206684
lognormal,120,8058.035053033688,1.5815078740241901,-0.14163048211715423,1.4398773919070358
lognormal,180,4275.772529692832,1764.9288458370875,-0.23084802576049657,1764.697997811327
lognormal,180,4330.1968319003845,1712.0247105284607,0.09014130139803922,1712.1148518298587
lognormal,180,4384.621134107937,1659.2442255698206,-0.06391149038763899,1659.180314079433
lognormal,180,4439.0454363154895,1606.6134635934804,0.3776895805417393,1606.9911531740222
lognormal,180,4493.469738523043,1554.162172948818,0.19939003543364198,1554.3615629842516
lognormal,180,4547.8940407305945,1501.923922878177,-0.44509038239477094,1501.4788324957824
lognormal,180,4602.318342938148,1449.9361862636033,0.2580101452774446,1450.1941964088808
lognormal,180,4656.7426451457,1398.2403510926633,0.1344750515815366,1398.374826144245
lognormal,180,4711.166947353252,1346.8816535414753,0.08813926257663918,1346.9697928040518
lognormal,180,4765.591249560805,1295.9090277139794,0.07506180392350337,1295.984089517903
lognormal,180,4820.015551768358,1245.3748695204986,0.019912694261369657,1245.39478221476
lognormal,180,4874.43985397591,1195.334714821298,0.06293674372565616,1195.3976515650236
lognormal,180,4928.864156183463,1145.8468346863674,-0.3185938933035132,1145.5282407930638
lognormal,180,4983.288458391016,1096.971753311258,-0.3687107017786495,1096.6030426094794
lognormal,180,5037.712760598569,1048.7716966635235,0.37674322509009095,1049.1484398886137
lognormal,180,5092.13706280612,1001.3099822076401,-0.018472155867261253,1001.2915100517729
lognormal,180,5146.561365013674,954.650361975233,-0.04219534036635286,954.6081666348666
lognormal,180,5200.985667221226,908.8563327384863,-0.48233818968152664,908.3739945488048
lognormal,180,5255.409969428779,863.9904280563487,-0.18612715778553857,863.8043008985632
lognormal,180,5309.834271636331,820.113507467945,-0.2105884175312892,819.9029190504137
lognormal,180,5364.258573843885,777.2840581014707,0.4279312596399337,777.7119893611107
lognormal,180,5418.682876051436,735.5575234686312,-0.04755202796730773,735.5099714406639
lognormal,180,5473.107178258989,694.9856732630496,-0.40581401845036646,694.5798592445993
lognormal,180,5527.531480466542,655.6160266318602,0.12686755959256035,655.7428941914528
lognormal,180,5581.955782674095,617.4913397113901,0.23952920441540726,617.7308689158054
lognormal,180,5636.380084881647,580.6491662881986,0.045109803086787026,580.6942760912854
lognormal,180,5690.8043870892,545.121498347442,-0.15120441736737444,544.9702939300746
lognormal,180,5745.228689296752,510.93449108431287,-0.24368109984383435,510.690809984469
lognormal,180,5799.652991504305,478.10827476033046,-0.45257862737246624,477.655696132958
lognormal,180,5854.077293711857,446.65685365754507,0.0640594839638482,446.7209131415089
lognormal,180,5908.501595919411,416.5880903844786,0.12075815917937016,416.708848543658
lognormal,180,5962.925898126963,387.90377197142834,0.489728200035321,388.39350017146364
lognormal,180,6017.350200334516,360.59975260163674,0.25336160444363975,360.85311420608036
lognormal,180,6071.774502542068,334.66616648853096,-0.17481912733674443,334.49134736119424
lognormal,180,6126.198804749621,310.08770334575047,0.03936303427173682,310.1270663800222
lognormal,180,6180.623106957174,286.8439381125331,0.47728455072636333,287.3212226632595
lognormal,180,6235.047409164726,264.9097060887684,-0.2197337926052031,264.6899722961632
lognormal,180,6289.471711372278,244.25551438902858,0.3526273248730951,244.60814171390166
lognormal,180,6343.896013579832,224.84798062359232,0.025179561333963818,224.8731601849263
lognormal,180,6398.320315787385,206.65028993135365,0.21982354430930118,206.87011347566295
lognormal,180,6452.744617994937,189.62266189524098,-0.1807373625260975,189.4419245327149
lognormal,180,6507.168920202489,173.72281943346684,-0.07892384842257694,173.64389558504425
lognormal,180,6561.5932224100425,158.90645244683697,-0.01659487648506519,158.8898575703519
lognormal,180,6616.017524617594,145.12766978082686,-0.2692759780271837,144.85839380279967
lognormal,180,6670.441826825147,132.3394339001386,0.4165387199669556,132.75597262010555
lognormal,180,6724.8661290327,120.49397354398593,-0.17277622677907456,120.32119731720685
lognormal,180,6779.2904312402525,109.54317050631471,-0.23428813985179053,109.30888236646292
lognormal,180,6833.714733447804,99.43891754393917,0.18251382957165774,99.62143137351083
lognormal,180,6888.1390356553575,90.13344523790761,0.2620004290608947,90.3954456669685
lognormal,180,6942.563337862911,81.57961640380154,0.18795147932028078,81.76756788312181
lognormal,180,6996.9876400704625,73.73118735336561,-0.4592568899040492,73.27193046346156
lognormal,180,7051.411942278015,66.54303594424618,0.30071116858837144,66.84374711283456
lognormal,180,7105.836244485568,59.97135691150845,-0.13306042828707665,59.83829648322138
lognormal,180,7160.260546693121,53.97382545156472,0.4670317614002769,54.440857212965
lognormal,180,7214.6848489006725,48.509730426126566,0.3627836317340086,48.87251405786058
lognormal,180,7269.109151108226,43.54007887303362,0.20553136004470574,43.745610233078324
lognormal,180,7323.5334533157775,39.02767375596079,0.2997982414556265,39.32747199741642
lognormal,180,7377.95775552333,34.9371670613383,-0.19110190325383147,34.74606515808447
lognormal,180,7432.382057730883,31.235090464221628,-0.39139804937980793,30.84369241484182
lognormal,180,7486.806359938437,27.889865842168092,-0.17668699264630106,27.713178849521793
lognormal,180,7541.230662145989,24.871797924295606,-0.3797172816993809,24.492080642596225
lognormal,180,7595.654964353543,22.153051328835943,0.0783064003380648,22.231357729174007
lognormal,180,7650.079266561094,19.707614173559307,0.280519271538327,19.988133445097635
lognormal,180,7704.503568768647,17.51125034617678,-0.31987796040008143,17.1913723857767
lognormal,180,7758.927870976198,15.54144240252191,0.07504461325647871,15.616487015778388
lognormal,180,7813.352173183752,13.77732692469337,0.3982949942478783,14.175621918941248
lognormal,180,7867.776475391304,12.199624024681611,0.2887329768624145,12.488357001544026
lognormal,180,7922.200777598858,10.790562525846411,-0.2137959270390004,10.57676659880741
lognormal,180,7976.625079806411,9.53380219897491,0.19442418932420769,9.728226388299118
lognormal,180,8031.049382013963,8.41435427488446,-0.33621705283447423,8.078137222049985
lognormal,180,8085.473684221515,7.418501304450672,0.2851871852821951,7.703688489732867
lognormal,180,8139.897986429067,6.533717291759814,0.45294905833770327,6.986666350097517
lognormal,180,8194.32228863662,5.74858888854628,-0.03329098067276315,5.715297907873516
lognormal,180,8248.746590844174,5.05273830946939,-0.13541718905913058,4.91732112041026
lognormal,180,8303.170893051725,4.436748508957152,-0.37670354475139867,4.060044964205753
lognormal,180,8357.595195259279,3.8920910518405805,-0.18667549501746927,3.705415556823111
lognormal,180,8412.01949746683,3.411057012028593,0.28893833272998615,3.699995344758579
lognormal,180,8466.443799674384,2.9866911459940724,-0.3762404640061622,2.6104506819879103
lognormal,180,8520.868101881935,2.6127295106391557,0.2864754103729744,2.8992049210121302
lognormal,180,8575.292404089489,2.283540627759038,-0.2264528280382221,2.057087799720816
lognormal,180,8629.716706297042,1.9940702393337446,-0.4320615340183823,1.5620087053153622
lognormal,240,4066.389066287289,1981.8534715017522,-0.1820615789134864,1981.6714099228386
lognormal,240,4129.921207625446,1920.520785319252,0.14670636790243696,1920.6674916871543
lognormal,240,4193.453348963604,1859.3460431379654,-0.35969423473198137,1858.9863489032334
lognormal,240,4256.985490301761,1798.3639544193356,-0.38550494919515566,1797.9784494701405
lognormal,240,4320.517631639918,1737.614141826878,-0.25848133400534945,1737.3556604928726
lognormal,240,4384.049772978075,1677.1412721402176,0.19808347498621204,1677.3393556152037
lognormal,240,4447.581914316233,1616.995085968344,-0.4050835233114978,1616.5900024450325
lognormal,240,4511.1140556543905,1557.2303159641524,-0.4363404712408132,1556.7939754929116
lognormal,240,4574.646196992548,1497.9064867778616,-0.2706220047895981,1497.635864773072
lognormal,240,4638.178338330706,1439.0875939553107,-0.07422903665493796,1439.0133649186557
lognormal,240,4701.710479668863,1380.8416631891978,0.22650642837041923,1381.0681696175682
lognormal,240,4765.24262100702,1323.2401955577225,-0.12782616341128805,1323.1123693943111
lognormal,240,4828.774762345178,1266.3575084291897,0.4274914561965698,1266.7849998853862
lognormal,240,4892.306903683335,1210.269985382496,0.328243451512528,1210.5982288340085
lognormal,240,4955.839045021492,1155.0552516284833,-0.1450806508361856,1154.910170977647
lognormal,240,5019.37118635965,1100.7912938870395,0.4746784190137494,1101.2659723060533
lognormal,240,5082.903327697807,1047.5555453916186,0.40988878168366527,1047.9654341733024
lognormal,240,5146.435469035964,995.4239576104928,-0.30174066920226594,995.1222169412906
lognormal,240,5209.967610374121,944.4700803891283,0.27692709847915076,944.7470074876074
lognormal,240,5273.499751712279,894.7641715652844,0.1482667111788305,894.9124382764633
lognormal,240,5337.031893050436,846.3723557568192,0.1689018911948459,846.541257648014
lognormal,240,5400.564034388593,799.3558500670433,0.32599133140746306,799.6818413984507
lognormal,240,5464.096175726751,753.7702720094185,0.46295241953338095,754.2332244289519
lognormal,240,5527.6283170649085,709.6650421492568,-0.06663714033712798,709.5984050089197
lognormal,240,5591.160458403066,667.082890926562,0.353065696875972,667.435956623438
lognormal,240,5654.692599741224,626.0594759902428,-0.015430489104604872,626.0440455011383
lognormal,240,5718.224741079381,586.623113260548,0.3063258690081627,586.9294391295563
lognormal,240,5781.756882417538,548.7946219514979,-0.23770298210075236,548.5569189693972
lognormal,240,5845.289023755696,512.5872810202363,0.07880400167113644,512.6660850219075
lognormal,240,5908.821165093853,478.00689203849197,0.36657781010665846,478.37346984859863
lognormal,240,5972.35330643201,445.0519413567972,0.012640489240209107,445.0645818460374
lognormal,240,6035.885447770168,413.7138526893327,0.07704504995279815,413.7908977392855
lognormal,240,6099.417589108325,383.9773199027386,-0.2875551152869521,383.6897647874516
lognormal,240,6162.949730446482,355.8207088458912,-0.24171704285824036,355.578991803033
lognormal,240,6226.48187178464,329.2165164953781,-0.12128675463501071,329.09522974074304
lognormal,240,6290.014013122797,304.1318754871281,-0.08346267991257961,304.0484128072155
lognormal,240,6353.546154460954,280.529092223459,-0.354260430050108,280.1748317934089
lognormal,240,6417.078295799112,258.36620714521496,0.21691239118254213,258.5831195363975
lognormal,240,6480.610437137269,237.5975663954132,0.4828767923717726,238.08044318778497
lognormal,240,6544.1425784754265,218.17439492682206,0.4971963389029094,218.67159126572497
lognormal,240,6607.6747198135845,200.0453620745766,-0.350865856552802,199.69449621802377
lognormal,240,6671.206861151742,183.15713168157026,0.38380035634442333,183.5409320379147
lognormal,240,6734.739002489899,167.45488998740916,-0.4603837608262702,166.9945062265829
lognormal,240,6798.271143828057,152.88284563402658,0.49253416574058095,153.37537979976716
lognormal,240,6861.803285166213,139.38469727004622,-0.447235564664627,138.9374617053816
lognormal,240,6925.335426504371,126.90406532444194,-0.1009188107105361,126.8031465137314
lognormal,240,6988.867567842529,115.38488554584546,0.4920339533874688,115.87691949923293
lognormal,240,7052.399709180686,104.77176285009978,0.2277603944081531,104.99952324450793
lognormal,240,7115.931850518843,95.0102848731708,0.1566594658175059,95.16694433898832
lognormal,240,7179.463991857001,86.04729538171341,0.4112106932905124,86.45850607500392
lognormal,240,7242.996133195157,77.83112834556573,-0.30967399064988943,77.52145435491585
lognormal,240,7306.528274533315,70.31180402497614,0.24770377561973367,70.55950780059588
lognormal,240,7370.060415871473,63.44118887277625,0.2629402858814217,63.70412915865767
lognormal,240,7433.59255720963,57.173121402866286,0.3784985016777086,57.551619904544
lognormal,240,7497.124698547787,51.463506437677665,0.36235633620304764,51.825862773880715
lognormal,240,7560.656839885944,46.27038032648386,-0.05883876385765663,46.2115415626262
lognormal,240,7624.188981224102,41.55394983213637,-0.43881840298692587,41.11513142914944
lognormal,240,7687.72112256226,37.276607424932195,0.17980972985852128,37.456417154790714
lognormal,240,7751.253263900418,33.40292570807378,-0.16343156897033972,33.23949413910344
lognormal,240,7814.785405238575,29.899633638368925,0.033994115025185456,29.93362775339411
lognormal,240,7878.317546576732,26.735577107069332,-0.2775823029755672,26.457994804093765
lognormal,240,7941.849687914888,23.88166631710118,-0.29636891783748676,23.58529739926369
lognormal,240,8005.381829253046,21.31081224165382,-0.49822453424843416,20.812587707405388
lognormal,240,8068.913970591204,18.99785428186857,-0.2330043464435284,18.76484993542504
lognormal,240,8132.446111929362,16.919481064066844,-0.07155660615887016,16.847924457907972
lognormal,240,8195.978253267518,15.054146134603144,-0.25172880538880693,14.802417329214338
lognormal,240,8259.510394605675,13.38198012736666,0.01891887527795333,13.400899002644612
lognormal,240,8323.042535943832,11.884700798787321,0.278451739181407,12.163152537968728
lognormal,240,8386.57467728199,10.545522150765692,-0.34693960073124297,10.198582550034448
lognormal,240,8450.106818620148,9.34906369557001,-0.42094763632525845,8.92811605924475
lognormal,240,8513.638959958305,8.281260760082745,0.0019309875046183977,8.283191747587363
lognormal,240,8577.171101296462,7.329276581059318,-0.18321851578649517,7.146058065272823
lognormal,240,8640.70324263462,6.481416809016807,0.22403194302917306,6.70544875204598
lognormal,240,8704.235383972777,5.7270469164301545,-0.3721315771475002,5.3549153392826545
lognormal,240,8767.767525310934,5.056512896104977,-0.07577792568384989,4.980734970421127
lognormal,240,8831.299666649093,4.461065537789608,0.421767234364409,4.882832772154017
lognormal,240,8894.83180798725,3.9327884848729298,-0.39037844976986535,3.5424100351030643
lognormal,240,8958.363949325407,3.464530197866516,0.16381034923730342,3.6283405471038193
lognormal,240,9021.896090663564,3.0498398866378835,0.1331919864009894,3.183031873038873
lognormal,240,9085.428232001721,2.6829074183134693,-0.060852138002869594,2.6220552803105996
lognormal,240,9148.960373339878,2.3585071616262283,0.2635089956920261,2.6220161573182543
lognormal,300,3892.3340888214566,2161.744883454342,-0.45375722751669156,2161.2911262268253
lognormal,300,3964.1419274260943,2092.898196080005,-0.21293205420119077,2092.685264025804
lognormal,300,4035.949766030733,2024.2448289961058,0.4899753229348687,2024.7348043190407
lognormal,300,4107.757604635371,1955.8288395344466,-0.3775025921952866,1955.4513369422514
lognormal,300,4179.565443240009,1887.700524625679,0.05444677242471441,1887.7549713981036
lognormal,300,4251.373281844647,1819.9165040076828,0.21289921752492635,1820.1294032252076
lognormal,300,4323.181120449285,1752.5396539093476,0.3760095450658515,1752.9156634544136
lognormal,300,4394.988959053922,1685.6388812765558,0.22509902832509843,1685.863980304881
lognormal,300,4466.7967976585605,1619.2887346097268,-0.017447632487528675,1619.2712869772392
lognormal,300,4538.604636263199,1553.5688537820188,-0.3059646443429772,1553.2628891376758
lognormal,300,4610.412474867837,1488.563267452023,0.031178671030671068,1488.5944461230536
lognormal,300,4682.220313472475,1424.3595525400506,0.09373771843508216,1424.4532902584856
lognormal,300,4754.028152077112,1361.0478754071828,-0.057229141192269406,1360.9906462659906
lognormal,300,4825.83599068175,1298.7199386223556,0.2761340584433639,1298.996072680799
lognormal,300,4897.643829286389,1237.4678603531984,0.11703810902711198,1237.5848984622255
lognormal,300,4969.451667891026,1177.3830153724693,0.40548059074222564,1177.7884959632115
lognormal,300,5041.259506495665,1118.5548674070892,-0.3574898657301706,1118.197377541359
lognormal,300,5113.067345100302,1061.069822111439,0.04904370522957935,1061.1188658166686
lognormal,300,5184.87518370494,1005.0101284185812,0.39269333005407725,1005.4028217486352
lognormal,300,5256.6830223095785,950.4528535566201,-0.22996807657250296,950.2228854800476
lognormal,300,5328.490860914216,897.4689537890044,-0.2450315849023712,897.2239222041021
lognormal,300,5400.298699518855,846.1224591431614,0.05473829010660047,846.177197433268
lognormal,300,5472.106538123492,796.4697862341018,-0.35958554879117,796.1102006853106
lognormal,300,5543.91437672813,748.5591889655007,0.2810038909350361,748.8401928564357
lognormal,300,5615.722215332768,702.4303525839982,-0.33916101329252635,702.0911915707057
lognormal,300,5687.530053937406,658.1141324336782,-0.4986591696438655,657.6154732640343
lognormal,300,5759.337892542045,615.6324349421748,-0.23337011380430994,615.3990648283705
lognormal,300,5831.145731146682,574.9982349724614,0.1269782543986595,575.1252132268601
lognormal,300,5902.95356975132,536.2157207699856,-0.33795243692477284,535.8777683330609
lognormal,300,5974.761408355958,499.28055536923375,-0.25006400347573443,499.030491365758
lognormal,300,6046.569246960596,464.1802415149309,-0.43671681940928153,463.7435246955216
lognormal,300,6118.377085565235,430.89457589572294,0.07247459364978737,430.96705048937275
lognormal,300,6190.184924169872,399.3961777564027,0.15385795279859893,399.5500357092013
lognormal,300,6261.99276277451,369.6510767069226,0.31356906412215635,369.96464577104473
lognormal,300,6333.800601379149,341.61934472934126,-0.30774354874799226,341.3116011805933
lognormal,300,6405.608439983786,315.2557579362583,-0.3117888214788368,314.94396911477946
lognormal,300,6477.416278588425,290.51047449107637,-0.0564949435749833,290.4539795475014
lognormal,300,6549.224117193062,267.3297161957487,-0.22759086879597912,267.1021253269527
lognormal,300,6621.0319557977,245.6564425211095,0.3391305704859683,245.99557309159547
lognormal,300,6692.839794402337,225.4310072384833,0.2599143314562037,225.6909215699395
lognormal,300,6764.647633006975,206.59178925409537,-0.3109863081720856,206.28080294592328
lognormal,300,6836.4554716116145,189.07579070190513,-0.10256507714137242,188.97322562476376
lognormal,300,6908.263310216252,172.81919677478186,-0.32117807494631767,172.49801869983554
lognormal,300,6980.07114882089,157.75789313492987,0.23404467644225857,157.99193781137214
lognormal,300,7051.878987425529,143.82793801586945,-0.42701673959265796,143.4009212762768
lognormal,300,7123.686826030166,130.9659872906418,0.4365720792894884,131.40255936993128
lognormal,300,7195.494664634804,119.10967182122454,0.17442706352539705,119.28409888474994
lognormal,300,7267.302503239442,108.19792731501389,0.42250002710021595,108.6204273421141
lognormal,300,7339.11034184408,98.17127769304045,-0.1450038633703713,98.02627382967007
lognormal,300,7410.918180448717,88.97207362305414,-0.09974033243406621,88.87233329062008
lognormal,300,7482.726019053355,80.54468839345486,0.05734481838585159,80.60203321184072
lognormal,300,7554.533857657994,72.8356737088476,0.07935590648333146,72.91502961533092
lognormal,300,7626.341696262632,65.79387828390986,0.3172465116181099,66.11112479552797
lognormal,300,7698.149534867271,59.370532310046315,0.48752653775823374,59.85805884780455
lognormal,300,7769.957373471908,53.51930098004141,0.007623406601195981,53.526924386642605
lognormal,300,7841.765212076546,48.19631029126526,0.29779729526756915,48.494107586532834
lognormal,300,7913.573050681183,43.36014831934011,-0.11055542255117479,43.24959289678894
lognormal,300,7985.3808892858215,38.97184507255133,0.28125874397896844,39.2531038165303
lognormal,300,8057.188727890459,34.994833912931256,-0.18512198293720605,34.80971192999405
lognormal,300,8128.996566495097,31.394897372655407,-0.481746907824233,30.913150464831173
lognormal,300,8200.804405099734,28.140100012535015,-0.38810633834486896,27.751993674190146
lognormal,300,8272.612243704374,25.200710770917965,0.022132381985118688,25.222843152903085
lognormal,300,8344.42008230901,22.549117042707906,0.1566287188318387,22.705745761539745
lognormal,300,8416.22792091365,20.159732515367637,-0.21155236931181487,19.948180146055822
lognormal,300,8488.035759518289,18.008900576416863,0.3051005191710411,18.314001095587905
lognormal,300,8559.843598122925,16.07479489899731,-0.10631150463424022,15.968483394363071
lognormal,300,8631.651436727563,14.337318611730495,-0.3896800813789224,13.947638530351574
lognormal,300,8703.459275332201,12.77800326868504,-0.484952023523192,12.293051245161848
lognormal,300,8775.26711393684,11.379908656612912,0.3415064784310148,11.721415135043927
lognormal,300,8847.074952541476,10.127524310848628,0.4409978440999598,10.568522154948587
lognormal,300,8918.882791146114,9.00667345915835,-0.28446834846054525,8.722205110697804
lognormal,300,8990.690629750754,8.004419974653572,0.40749677871877255,8.411916753372346
lognormal,300,9062.49846835539,7.108978794632435,-0.41297917852240906,6.695999616110026
lognormal,300,9134.30630696003,6.309630151583576,0.16649121770797604,6.476121369291552
lognormal,300,9206.114145564668,5.596637865089917,-0.056428286873156375,5.540209578216761
lognormal,300,9277.921984169305,4.961171858318409,-0.34654939242451055,4.614622465893898
lognormal,300,9349.729822773943,4.395234989420359,0.23671742042818233,4.631952409848542
lognormal,300,9421.537661378581,3.8915942256288716,0.133218360971597,4.0248125866004685
lognormal,300,9493.34549998322,3.4437161352410897,0.005327776689982189,3.4490439119310716
lognormal,300,9565.153338587856,3.0457066290936794,-0.05794026382095574,2.9877663652727238
lognormal,300,9636.961177192496,2.6922548476821433,0.18787828778503968,2.880133135467183
lognormal,365,3731.31033879012,2327.5055135956545,0.12988239993477635,2327.635395995589
lognormal,365,3811.453373183676,2251.2363392256175,-0.017037692601122978,2251.2193015330163
lognormal,365,3891.5964075772313,2175.2004375696633,0.22370294874752772,2175.4241405184107
lognormal,365,3971.739441970786,2099.4528847559072,-0.11376760166500166,2099.339117154242
lognormal,365,4051.8824763643415,2024.0565357012856,-0.3864884618315588,2023.670047239454
lognormal,365,4132.025510757897,1949.0820104821082,-0.44803635283884724,1948.6339741292693
lognormal,365,4212.168545151452,1874.6074678934242,-0.46387554103894213,1874.1435923523852
lognormal,365,4292.311579545008,1800.7181597052377,0.20461934667281723,1800.9227790519105
lognormal,365,4372.454613938563,1727.5057685459806,-0.30126966026458146,1727.204498885716
lognormal,365,4452.597648332118,1655.067541594687,-0.2039410930038461,1654.8636005016833
lognormal,365,4532.740682725674,1583.505240797012,-0.45278913201217197,1583.0524516649998
lognormal,365,4612.883717119229,1512.923937674565,-0.47606868286386317,1512.4478689917012
lognormal,365,4693.026751512785,1443.4306866205043,-0.15308680865107804,1443.2775998118532
lognormal,365,4773.16978590634,1375.133114639878,0.2714826526102867,1375.4045972924882
lognormal,365,4853.312820299895,1308.137967701115,-0.09017612245654005,1308.0477915786585
lognormal,365,4933.45585469345,1242.549654234972,0.0254783322627683,1242.5751325672347
lognormal,365,5013.598889087006,1178.4688249730716,0.08753960587626042,1178.556364578948
lognormal,365,5093.741923480561,1115.9910254668898,0.036769556936475434,1116.0277950238262
lognormal,365,5173.8849578741165,1055.2054535365273,-0.4613841513163076,1054.744069385211
lognormal,365,5254.027992267672,996.1938488692485,0.1517918922358118,996.3456407614843
lognormal,365,5334.171026661227,939.0295363357045,0.015797874111605825,939.0453342098161
lognormal,365,5414.314061054783,883.7766386253061,0.1830917436047208,883.9597303689108
lognormal,365,5494.457095448338,830.4894678061946,0.4877716761029208,830.9772394822976
lognormal,365,5574.600129841893,779.2120996390377,-0.35502319748237,778.8570764415553
lognormal,365,5654.743164235449,729.9781291237837,0.051660847149337275,730.029789970933
lognormal,365,5734.886198629004,682.8106009929802,-0.30468832445643723,682.5059126685237
lognormal,365,5815.029233022559,637.7221047952366,-0.24138637272950292,637.4807184225072
lognormal,365,5895.172267416115,594.7150209027159,0.16732271779505636,594.8823436205109
lognormal,365,5975.31530180967,553.7819012505106,-0.4197579900622963,553.3621432604483
lognormal,365,6055.458336203225,514.9059668610239,0.38573592490043984,515.2917027859244
lognormal,365,6135.601370596782,478.0617031813117,0.16177863075342258,478.22348181206513
lognormal,365,6215.744404990337,443.21553390155304,0.22224725111337085,443.4377811526664
lognormal,365,6295.887439383892,410.32655414862666,0.3986032708909656,410.72515741951764
lognormal,365,6376.030473777448,379.34730467045165,0.3557819658116813,379.7030866362633
lognormal,365,6456.173508171002,350.22456975080877,0.44517900588432846,350.6697487566931
lognormal,365,6536.3165425645575,322.9001830275406,0.15345502072507156,323.05363804826567
lognormal,365,6616.459576958113,297.311827040181,-0.008379896825065902,297.3034471433559
lognormal,365,6696.602611351668,273.39381412430043,-0.004854713734560923,273.38895941056586
lognormal,365,6776.745645745224,251.07783812569824,-0.27707865187543845,250.8007594738228
lognormal,365,6856.888680138778,230.29368826514178,-0.15293784765877427,230.14075041748302
lognormal,365,6937.031714532333,210.9699182908132,0.11409345298640805,211.0840117437996
lognormal,365,7017.174748925889,193.0344657691703,0.06727699477313098,193.10174276394343
lognormal,365,7097.317783319444,176.41521795351673,-0.35688584736337914,176.05833210615336
lognormal,365,7177.460817713,161.04052211068392,-0.06181207072481032,160.9787100399591
lognormal,365,7257.603852106556,146.83963946572317,0.2975169267926596,147.13715639251583
lognormal,365,7337.746886500111,133.74314303536448,0.0037342708376884026,133.74687730620218
lognormal,365,7417.889920893666,121.68326056263618,-0.12901213796674582,121.55424842466944
lognormal,365,7498.032955287222,110.59416454145935,0.1693077092323012,110.76347225069165
lognormal,365,7578.175989680777,100.41221193959211,0.441434904210776,100.85364684380289
lognormal,365,7658.319024074333,91.07613670185742,-0.4663264200592495,90.60981028179818
lognormal,365,7738.462058467889,82.52719845622903,0.3867565599161594,82.9139550161452
lognormal,365,7818.605092861444,74.70929106740334,0.15602925133300594,74.86532031873635
lognormal,365,7898.748127254999,67.56901480055262,0.07935411790263736,67.64836891845526
lognormal,365,7978.891161648554,61.05571588708642,-0.4391363551740979,60.61657953191232
lognormal,365,8059.034196042109,55.1214972385809,0.1287903259115053,55.2502875644924
lognormal,365,8139.177230435665,49.72120394841181,-0.1866519301877515,49.53455201822406
lognormal,365,8219.32026482922,44.81238706554967,0.34791142641307893,45.16029849196275
lognormal,365,8299.463299222776,40.35524893297048,-0.15564322058674807,40.199605712383736
lognormal,365,8379.60633361633,36.31257316454139,0.030176450519526443,36.34274961506092
lognormal,365,8459.749368009885,32.649642097949425,0.49202740048104887,33.141669498430474
lognormal,365,8539.89240240344,29.334144315086917,-0.3617847519420687,28.97235956314485
lognormal,365,8620.035436796996,26.336074571759298,0.3710332707119174,26.707107842471213
lognormal,365,8700.178471190551,23.627628231109952,-0.43618521334577554,23.191443017764175
lognormal,365,8780.321505584106,21.18309205404529,0.2266773805351041,21.409769434580394
lognormal,365,8860.464539977662,18.978732968656317,0.47404098562321173,19.45277395427953
lognormal,365,8940.607574371219,16.992686221688245,-0.12382753339501029,16.868858688293237
lognormal,365,9020.750608764774,15.204844110351672,-0.12505836700781592,15.079785743343857
lognormal,365,9100.89364315833,13.596746303374346,0.24883598810697438,13.84558229148132
lognormal,365,9181.036677551885,12.151472586820745,-0.4169433695469774,11.734529217273767
lognormal,365,9261.17971194544,10.853538713044088,-0.4080204155851882,10.4455182974589
lognormal,365,9341.322746338996,9.688795890046578,0.12607449335718512,9.814870383403763
lognormal,365,9421.46578073255,8.644334323043694,-0.4519245348268588,8.192409788216835
lognormal,365,9501.608815126105,7.7083911095173505,0.2558240052369751,7.964215114754325
lognormal,365,9581.75184951966,6.87026269265067,0.2675643920481753,7.137827084698845
lognormal,365,9661.894883913217,6.120221994852258,-0.08154206774739536,6.038679927104863
lognormal,365,9742.037918306773,5.449440282079294,0.4536142729369659,5.90305455501626
lognormal,365,9822.180952700326,4.849913749825504,-0.021456795638545967,4.828456954186958
lognormal,365,9902.323987093883,4.314394771897895,-0.06722206108882456,4.24717271080907
lognormal,365,9982.467021487437,3.836327712451819,0.15779302531029726,3.9941207377621164
lognormal,365,10062.610055880992,3.4097891691634103,-0.029834794326597303,3.379954374836813
lognormal,365,10142.753090274548,3.029432489980003,-0.3419661888888358,2.6874663010911672
mixture,30,5209.421009514305,808.3731831382754,-0.01586834732286213,808.3573147909525
mixture,30,5231.040932219042,787.4749718624114,0.013507908051632933,787.4884797704631
mixture,30,5252.660854923778,766.618199118333,-0.07032545343436614,766.5478736648986
mixture,30,5274.280777628514,745.8050744031095,0.26260876296447444,746.067683166074
mixture,30,5295.900700333252,725.0380568256567,-0.13021380513319725,724.9078430205235
mixture,30,5317.520623037987,704.3199249658339,-0.40621719088170605,703.9137077749522
mixture,30,5339.1405457427245,683.6538619995185,-0.49324525742516956,683.1606167420933
mixture,30,5360.760468447461,663.0435573611185,0.1513588317424467,663.1949161928609
mixture,30,5382.380391152197,642.493325704386,-0.2976017800890639,642.195723924297
mixture,30,5404.000313856934,622.0082432034387,0.3239585662163128,622.3322017696551
mixture,30,5425.62023656167,601.5943003014704,0.32129453923554074,601.9155948407059
mixture,30,5447.240159266407,581.2585688748334,-0.2202012162532212,581.0383676585801
mixture,30,5468.860081971144,561.009380464734,-0.39272287033649833,560.6166575943976
mixture,30,5490.48000467588,540.8565107901545,0.009055150584553529,540.8655659407391
mixture,30,5512.0999273806165,520.8113642691299,-0.03592026505465451,520.7754440040752
mixture,30,5533.719850085354,500.8871508370596,-0.39765056963171874,500.4895002674279
mixture,30,5555.339772790089,481.0990460735504,-0.40376039984092327,480.6952856737095
mixture,30,5576.9596954948265,461.4643246556052,-0.05256355845280214,461.4117610971524
mixture,30,5598.579618199563,442.0024565681398,0.08519327105699692,442.0876498391968
mixture,30,5620.199540904299,422.73515543539816,0.3292434352291108,423.06439887062726
mixture,30,5641.819463609037,403.68636887981336,-0.09601622384821751,403.59035265596515
mixture,30,5663.439386313773,384.88220202584046,-0.3319930094848347,384.5502090163556
mixture,30,5685.059309018509,366.3507671599523,0.33209783285746874,366.68286499280975
mixture,30,5706.679231723246,348.121955099757,0.091119436491511,348.2130745362485
mixture,30,5728.299154427983,330.22712692719233,0.3595655188145557,330.5866924460069
mixture,30,5749.9190771327185,312.698728264702,0.3289048760063912,313.0276331407084
mixture,30,5771.538999837456,295.56983203568655,0.039586512304948696,295.6094185479915
mixture,30,5793.158922542192,278.87361943472115,0.3673242765431337,279.24094371126426
mixture,30,5814.7788452469285,262.6428124031023,-0.07583366843656714,262.5669787346657
mixture,30,5836.398767951665,246.9090740250707,-0.008069069285929875,246.90100495578477
mixture,30,5858.018690656402,231.70239570971535,0.2557277201750734,231.9581234298904
mixture,30,5879.638613361139,217.05049162026478,-0.31950683115626777,216.7309847891085
mixture,30,5901.258536065875,202.97822142333928,-0.4344252361006181,202.54379618723866
mixture,30,5922.878458770611,189.5070619870769,-0.2777047878157114,189.2293571992612
mixture,30,5944.498381475348,176.65464715895746,0.23246185249829798,176.88710901145575
mixture,30,5966.118304180085,164.43439227286854,-0.2534216563875934,164.18097061648095
mixture,30,5987.7382268848205,152.85521670714138,0.41556101864784245,153.27077772578923
mixture,30,6009.358149589558,141.9213738327462,0.4236191617490547,142.34499299449527
mixture,30,6030.978072294294,131.63239328612394,0.16617628518091643,131.79856957130485
mixture,30,6052.597994999031,121.98313592949455,0.30126370549550885,122.28439963499007
mixture,30,6074.217917703767,112.96395738206434,0.10906784881409992,113.07302523087844
mixture,30,6095.837840408504,104.5609718628765,0.16615871498358292,104.72713057786008
mixture,30,6117.457763113241,96.75640449307025,-0.42279101640665406,96.3336134766636
mixture,30,6139.077685817978,89.52901733051459,-0.4266175432308643,89.10239978728373
mixture,30,6160.697608522713,82.85459236791115,-0.1160511660343847,82.73854120187677
mixture,30,6182.31753122745,76.70645357288777,0.2921225490512154,76.99857612193898
mixture,30,6203.937453932187,71.05600978444505,0.10866767432111613,71.16467745876616
mixture,30,6225.557376636923,65.87330084979004,-0.1562371590948175,65.71706369069523
mixture,30,6247.177299341659,61.1275306902283,0.20866741995430937,61.33619811018261
mixture,30,6268.797222046396,56.78757289086403,-0.33395700526732286,56.453615885596705
mixture,30,6290.417144751133,52.82243676117275,-0.4844313639862926,52.33800539718646
mixture,30,6312.03706745587,49.20168444718999,0.4364387617641666,49.638123208954156
mixture,30,6333.656990160606,45.89579242833622,0.02400914310277158,45.919801571438995
mixture,30,6355.276912865343,42.876453452483815,-0.18533869859678576,42.69111475388703
mixture,30,6376.89683557008,40.116817521579506,0.13099308086952788,40.247810602449036
mixture,30,6398.516758274815,37.59167283287651,0.10124818401173774,37.69292101688825
mixture,30,6420.136680979552,35.277569532143474,0.10276638610293076,35.3803359182464
mixture,30,6441.756603684289,33.152890699145004,0.12739112609411296,33.280281825239115
mixture,30,6463.3765263890255,31.197876144083907,-0.4351083863280403,30.762767757755867
mixture,30,6484.996449093763,29.394605353098804,0.2283230529066873,29.622928406005492
mixture,30,6506.616371798498,27.7269463082144,0.06237992628567024,27.78932623450007
mixture,30,6528.236294503235,26.18047696462132,0.13279174659173087,26.313268711213052
mixture,30,6549.856217207972,24.742385948356414,0.19643343635802546,24.93881938471444
mixture,30,6571.476139912708,23.40135859827863,-0.10535203432583917,23.29600656395279
mixture,30,6593.096062617446,22.14745387659755,0.293990753580608,22.441444630178157
mixture,30,6614.715985322182,20.97197696843145,0.49110729570759715,21.463084264139045
mixture,30,6636.335908026917,19.86735163396395,-0.24025669422631057,19.62709493973764
mixture,30,6657.955830731654,18.826995610484055,0.3617509844459269,19.18874659492998
mixture,30,6679.575753436391,17.8452016214894,-0.07755659757950684,17.767645023909896
mixture,30,6701.1956761411275,16.917025863119104,-0.022467163391629463,16.894558699727476
mixture,30,6722.815598845865,16.03818522315179,0.023531949131286756,16.061717172283075
mixture,30,6744.4355215506,15.20496395592382,-0.29807729558504614,14.906886660338774
mixture,30,6766.055444255337,14.414130092449522,0.11004143781166054,14.524171530261182
mixture,30,6787.675366960074,13.66286150822907,-0.34459435489984225,13.318267153329229
mixture,30,6809.29528966481,12.94868129703638,0.1629999413304133,13.111681238366794
mixture,30,6830.915212369548,12.269401899886601,0.39191444984598667,12.661316349732587
mixture,30,6852.535135074284,11.623077305105182,0.43839115018088803,12.06146845528607
mixture,30,6874.155057779021,11.007962557759365,0.42953598401195536,11.43749854177132
mixture,30,6895.774980483757,10.422479784426383,-0.24112582915066927,10.181353955275714
mixture,30,6917.394903188493,9.865189942462571,-0.013929068906914699,9.851260873555656
mixture,30,6939.0148258932295,9.33476953265734,0.44136706335429454,9.776136596011634
mixture,60,4919.209489599415,1109.3312723767133,0.3204358922673983,1109.6517082689807
mixture,60,4949.9524569407495,1079.7509744560907,-0.04533532092541026,1079.7056391351653
mixture,60,4980.695424282084,1050.2350304772542,0.4584207969769055,1050.6934512742312
mixture,60,5011.438391623418,1020.786924823002,0.23611994772779676,1021.0230447707298
mixture,60,5042.181358964752,991.4105640136459,-0.12734918039112553,991.2832148332548
mixture,60,5072.924326306086,962.1104028094508,0.11469511215284811,962.2250979216036
mixture,60,5103.667293647421,932.8915973795686,0.4684916746120197,933.3600890541805
mixture,60,5134.410260988755,903.7601870464282,0.12374161246561732,903.8839286588939
mixture,60,5165.153228330089,874.7233048684059,-0.17475901589529563,874.5485458525105
mixture,60,5195.896195671424,845.789415682849,-0.06630713130748378,845.7231085515416
mixture,60,5226.639163012757,816.9685782201055,-0.42178269604111385,816.5467955240645
mixture,60,5257.382130354092,788.2727255814613,-0.17339813173838514,788.0993274497229
mixture,60,5288.125097695426,759.7159558583884,0.47466411697849253,760.1906199753669
mixture,60,5318.8680650367605,731.3148221087595,0.08568618284829899,731.4005082916078
mixture,60,5349.611032378095,703.0886084867599,-0.08307129397922952,703.0055371927807
mixture,60,5380.353999719429,675.0595772615414,-0.41868359403336575,674.6408936675081
mixture,60,5411.096967060764,647.2531699799305,-0.04645368329405253,647.2067162966364
mixture,60,5441.839934402098,619.6981453450193,0.4805424595978073,620.1786878046171
mixture,60,5472.582901743432,592.4266366777846,0.4435764061017846,592.8702130838864
mixture,60,5503.325869084766,565.4741132313623,0.11301952547490646,565.5871327568371
mixture,60,5534.0688364261005,538.8792321934421,-0.4051199152405658,538.4741122782016
mixture,60,5564.811803767435,512.683571910182,0.4274652625612846,513.1110371727433
mixture,60,5595.554771108769,486.9312415707965,0.040152550212329996,486.9713941210088
mixture,60,5626.297738450104,461.6683680893382,0.4492956548697479,462.1176637442079
mixture,60,5657.040705791437,436.9424669120141,-0.07020641145910544,436.872260500555
mixture,60,5687.783673132772,412.80170960626504,0.26228441631941757,413.06399402258444
mixture,60,5718.526640474106,389.2941069581665,-0.1845258423674676,389.109581115799
mixture,60,5749.26960781544,366.4666315199371,-0.20683809298080857,366.25979342695626
mixture,60,5780.012575156775,344.3643077410071,0.40121832416129266,344.7655260651684
mixture,60,5810.755542498109,323.0293006751359,0.13373779342268877,323.1630384685586
mixture,60,5841.498509839444,302.50003556048966,-0.3322243310524359,302.16781122943723
mixture,60,5872.241477180777,282.81038020243636,0.31508718061851815,283.12546738305485
mixture,60,5902.9844445221115,263.98892004900756,-0.392339767568613,263.59658028143895
mixture,60,5933.727411863446,246.05835225066073,-0.19413466051730777,245.86421759014343
mixture,60,5964.47037920478,229.0350200587859,-0.2703775969512193,228.76464246183468
mixture,60,5995.213346546115,212.92860294783623,0.23811864641555558,213.16672159425178
mixture,60,6025.956313887448,197.74197121177895,0.3815741789641395,198.1235453907431
mixture,60,6056.699281228783,183.47120688666132,0.2337675324921551,183.70497441915347
mixture,60,6087.442248570117,170.10578608861329,0.08905263677036268,170.19483872538365
mixture,60,6118.185215911451,157.6289116038671,0.44543216565902044,158.0743437695261
mixture,60,6148.928183252785,146.01797914487577,0.21272992697610127,146.23070907185186
mixture,60,6179.671150594119,135.24515634256545,-0.22957236069086617,135.01558398187458
mixture,60,6210.414117935454,125.27805044339698,0.41785341794432684,125.69590386134131
mixture,60,6241.157085276788,116.08043889632319,0.06385346541468284,116.14429236173787
mixture,60,6271.900052618123,107.61303653802395,-0.07510957077015123,107.5379269672538
mixture,60,6302.643019959457,99.83427382639258,-0.12577850257602396,99.70849532381655
mixture,60,6333.385987300791,92.70106237988347,0.4424882754586873,93.14355065534215
mixture,60,6364.128954642125,86.16952675485553,-0.3369578450191528,85.83256890983637
mixture,60,6394.87192198346,80.19568470669225,0.0316244891787385,80.22730919587099
mixture,60,6425.614889324793,74.73606189512356,0.017411863379557357,74.75347375850312
mixture,60,6456.357856666127,69.74823087780209,0.14093389188547023,69.88916476968755
mixture,60,6487.100824007462,65.19126807695332,0.26346950621992526,65.45473758317324
mixture,60,6517.843791348796,61.02612602050293,-0.28773227920586164,60.73839374129707
mixture,60,6548.58675869013,57.21592140780622,0.046491362945112136,57.26241277075133
mixture,60,6579.329726031465,53.726142328123714,0.3420417218843631,54.06818405000808
mixture,60,6610.072693372799,50.524780205203115,-0.09314839851519197,50.431631806687925
mixture,60,6640.815660714134,47.58239372991251,-0.12524356472473785,47.45715016518777
mixture,60,6671.558628055468,44.87211318420648,-0.13766057228679562,44.734452611919686
mixture,60,6702.301595396802,42.3695941902772,-0.19401392545280283,42.1755802648244
mixture,60,6733.044562738137,40.052930095462635,0.11315069280386869,40.166080788266505
mixture,60,6763.787530079469,37.90253199644549,-0.48309780232777944,37.41943419411771
mixture,60,6794.530497420806,35.900984892634,-0.2844293507395088,35.61655554189449
mixture,60,6825.273464762138,34.032887716643245,-0.3020559904216096,33.73083172622164
mixture,60,6856.016432103473,32.28468409436448,0.4640182185739834,32.74870231293846
mixture,60,6886.759399444807,30.644489706211505,0.40445014704855653,31.048939853260062
mixture,60,6917.5023667861415,29.101921113395168,-0.2914279117837476,28.810493201611422
mixture,60,6948.245334127476,27.647929926632273,-0.3975578939275467,27.250372032704725
mixture,60,6978.98830146881,26.27464526665168,0.216725167966467,26.491370434618148
mixture,60,7009.731268810145,24.975226622710046,0.3697051471823909,25.344931769892437
mixture,60,7040.474236151479,23.743728473912896,-0.3166422781220135,23.42708619579088
mixture,60,7071.2172034928135,22.57497740677726,0.3360740213523946,22.911051428129657
mixture,60,7101.960170834148,21.464461942579618,0.3541690240383423,21.81863096661796
mixture,60,7132.703138175482,20.40823487555829,0.33382976706654177,20.742064642624833
mixture,60,7163.446105516815,19.402827609982637,0.14262932595232958,19.54545693593497
mixture,60,7194.18907285815,18.445175759813853,-0.43620539484337895,18.008970364970473
mixture,60,7224.932040199484,17.532555127135776,0.17369478226744695,17.706249909403223
mixture,60,7255.675007540818,16.662527092126005,0.1304111194114954,16.7929382115375
mixture,60,7286.4179748821525,15.832892415793964,0.42218991348702606,16.25508232928099
mixture,60,7317.160942223487,15.04165246549222,0.2666126467451788,15.308265112237398
mixture,60,7347.903909564821,14.286976911980668,0.28188230409150494,14.568859216072173
mixture,60,7378.646876906156,13.567177006546794,0.39267725766030903,13.959854264207102
mixture,90,4709.784184175493,1327.5199355351847,0.3721876659464314,1327.8921232011312
mixture,90,4747.642914131474,1291.250240945804,-0.469232368215731,1290.7810085775884
mixture,90,4785.501644087455,1255.0653078763532,-0.470393357771831,1254.5949145185814
mixture,90,4823.360374043437,1218.9697784795553,-0.20866349048744837,1218.761114989068
mixture,90,4861.2191039994195,1182.9688910763316,0.23769225793371052,1183.2065833342654
mixture,90,4899.077833955401,1147.068666980002,-0.39673883335430216,1146.6719281466478
mixture,90,4936.936563911383,1111.2761365554202,-0.1480775120491823,1111.128059043371
mixture,90,4974.795293867364,1075.5996056773479,-0.2455755366904453,1075.3540301406574
mixture,90,5012.6540238233465,1040.0489615167367,-0.16096737184437293,1039.8879941448922
mixture,90,5050.512753779328,1004.6360137733786,-0.04457404080729366,1004.5914397325713
mixture,90,5088.371483735309,969.3748641783139,-0.14181674550099288,969.2330474328129
mixture,90,5126.230213691291,934.2822934705359,-0.09335427980225208,934.1889391907337
mixture,90,5164.0889436472735,899.3781513384771,-0.48881100510734554,898.8893403333698
mixture,90,5201.947673603255,864.6857312953068,0.06919481519290227,864.7549261104997
mixture,90,5239.806403559237,830.2321094548386,0.1681231841046149,830.4002326389432
mixture,90,5277.665133515218,796.0484240310159,0.13999230689575204,796.1884163379117
mixture,90,5315.5238634712,762.1700714174916,-0.3404691719223033,761.8296022455693
mixture,90,5353.382593427182,728.6367951784518,-0.13889816813289546,728.497897010319
mixture,90,5391.241323383163,695.492646372634,0.4949305632591249,695.9875769358931
mixture,90,5429.100053339145,662.7857973977135,-0.3755856886339842,662.4102117090795
mixture,90,5466.9587832951265,630.5681969053869,0.4255698495132144,630.9937667549001
mixture,90,5504.817513251109,598.8950600810822,-0.2241723896272566,598.6708876914549
mixture,90,5542.676243207091,567.8241963561354,-0.08945735901705976,567.7347389971184
mixture,90,5580.534973163072,537.4151849635992,0.4686979559055895,537.8838829195048
mixture,90,5618.3937031190535,507.7284171249304,0.1410810737902659,507.86949819872063
mixture,90,5656.252433075036,478.82403149388085,0.48108545286171933,479.30511694674254
mixture,90,5694.111163031017,450.76077623224046,0.0838703297863942,450.84464656202687
mixture,90,5731.969892986999,423.59483625887015,-0.4025026013116614,423.1923336575585
mixture,90,5769.8286229429805,397.37866741443565,-0.08987474737944878,397.2887926670562
mixture,90,5807.687352898962,372.1598802736519,0.3077502876308129,372.4676305612827
mixture,90,5845.546082854945,347.9802150284145,0.25998553006588354,348.24020055848035
mixture,90,5883.404812810926,324.8746453372298,-0.10717369298437418,324.76747164424546
mixture,90,5921.263542766907,302.87064352263906,-0.054677764172720855,302.81596575846635
mixture,90,5959.122272722889,281.987632365884,0.44595451146419673,282.4335868773482
mixture,90,5996.981002678871,262.2366404635595,-0.01577938886510799,262.2208610746944
mixture,90,6034.839732634853,243.62016920164547,0.4765732281444104,244.09674242978988
mixture,90,6072.698462590835,226.13227041215782,0.19839593211341278,226.33066634427124
mixture,90,6110.557192546817,209.75882522705353,-0.250995471339862,209.5078297557137
mixture,90,6148.415922502798,194.47800699242373,-0.23793069596649274,194.24007629645723
mixture,90,6186.27465245878,180.26090472377473,0.46270250346392894,180.72360722723866
mixture,90,6224.133382414761,167.07227873203612,0.4121494902134121,167.48442822224953
mixture,90,6261.992112370743,154.87141687429772,-0.2787312859502439,154.59268558834748
mixture,90,6299.850842326725,143.61305841137005,0.12908094060100617,143.74213935197105
mixture,90,6337.709572282706,133.24835260782578,0.17198386619358075,133.42033647401936
mixture,90,6375.5683022386875,123.72582082152252,-0.015646287197295106,123.71017453432522
mixture,90,6413.427032194669,114.9922936628231,0.019797622461728892,115.01209128528482
mixture,90,6451.285762150652,106.99379857857224,0.42025925157282296,107.41405783014507
mixture,90,6489.144492106633,99.67637763182961,0.32312972337307244,99.99950735520268
mixture,90,6527.003222062615,92.98682000637953,0.2252838221604786,93.21210382854001
mixture,90,6564.861952018597,86.87329858668446,-0.4030164639756022,86.47028212270885
mixture,90,6602.720681974578,81.28590460583325,-0.0392567710963162,81.24664783473693
mixture,90,6640.579411930561,76.17707861781193,1.3105030602034162e-05,76.17709172284253
mixture,90,6678.438141886542,71.5019397878856,-0.49819144085150324,71.0037483470341
mixture,90,6716.2968718425245,67.21851860923191,0.03439681310956777,67.25291542234147
mixture,90,6754.155601798506,63.28790059701956,-0.23010348132449676,63.05779711569506
mixture,90,6792.014331754487,59.674290277875514,0.18704279756410558,59.86133307543962
mixture,90,6829.873061710469,56.34500591439165,-0.4824889403628565,55.86251697402879
mixture,90,6867.731791666451,53.27041593980752,-0.2195411612162511,53.05087477859127
mixture,90,6905.590521622432,50.42382810562089,-0.011647345725845248,50.412180759895044
mixture,90,6943.449251578413,47.781341954047456,0.0852682018692168,47.866610155916675
mixture,90,6981.307981534395,45.32167451160542,-0.2945892555860433,45.027085256019376
mixture,90,7019.166711490377,43.02596815124243,-0.28002290932318796,42.745945241919244
mixture,90,7057.02544144636,40.87758847339687,-0.3811736402125119,40.49641483318436
mixture,90,7094.884171402341,38.861918886384956,-0.36768163887609995,38.494237247508856
mixture,90,7132.742901358322,36.966157386853396,0.44923295662278806,37.41539034347618
mixture,90,7170.6016313143045,35.17911990233539,-0.22051903786310278,34.95860086447228
mixture,90,7208.460361270286,33.49105349820422,0.32453825188116403,33.81559175008538
mixture,90,7246.319091226269,31.893461796639993,-0.10450114957014178,31.788960647069853
mixture,90,7284.17782118225,30.378944121266382,-0.05474177747346376,30.32420234379292
mixture,90,7322.0365511382315,28.941049174484352,0.25565206227457005,29.196701236758923
mixture,90,7359.895281094214,27.574143474700893,0.43084228247282697,28.00498575717372
mixture,90,7397.754011050195,26.273294321541265,0.20351919936887486,26.476813520910138
mixture,90,7435.612741006176,25.034166708774276,0.04063794320084835,25.074804651975125
mixture,90,7473.4714709621585,23.852933354653047,0.2503325708464349,24.103265925499482
mixture,90,7511.33020091814,22.72619685394906,0.18325035947136858,22.909447213420428
mixture,90,7549.188930874121,21.650922861183275,0.41634700670420954,22.067269867887486
mixture,90,7587.047660830102,20.624383176833888,0.22268303137755807,20.847066208211444
mixture,90,7624.906390786085,19.644107615122866,0.2857508828883454,19.92985849801121
mixture,90,7662.765120742068,18.70784357201851,-0.2654080002570005,18.44243557176151
mixture,90,7700.623850698049,17.813522275658258,-0.02444835997105199,17.789073915687204
mixture,90,7738.48258065403,16.95923078021377,-0.043594367052810834,16.915636413160957
mixture,120,4541.637172672938,1503.132785401783,-0.13334872372063344,1502.9994366780622
mixture,120,4585.592146177447,1461.1985707773379,0.11478775259643248,1461.3133585299342
mixture,120,4629.547119681956,1419.3684782270443,0.48150430363015606,1419.8499825306744
mixture,120,4673.502093186465,1377.6482641810294,0.3512008172188401,1377.9994649982482
mixture,120,4717.457066690975,1336.0444641739982,0.4287779927540518,1336.4732421667522
mixture,120,4761.412040195484,1294.5646465784807,-0.20198878926361385,1294.362657789217
mixture,120,4805.367013699994,1253.2177183168224,0.07270295820792061,1253.2904212750302
mixture,120,4849.321987204503,1212.0142827335044,-0.4665406824636924,1211.5477420510406
mixture,120,4893.276960709012,1170.9670463209184,0.10391544048090884,1171.0709617613993
mixture,120,4937.231934213522,1130.0912667710213,0.29786379597840595,1130.3891305669997
mixture,120,4981.186907718032,1089.4052300705944,-0.061366060258052024,1089.3438640103363
mixture,120,5025.141881222541,1048.9307393699821,-0.0971706177541416,1048.833568752228
mixture,120,5069.09685472705,1008.6935935234128,0.00977178367615883,1008.7033653070889
mixture,120,5113.051828231559,968.7240289747991,-0.09261431354920513,968.6314146612499
mixture,120,5157.006801736068,929.0570955208938,-0.07049630148829455,928.9865992194054
mixture,120,5200.9617752405775,889.7329348738675,0.18052191873054546,889.913456792598
mixture,120,5244.916748745088,850.7969312418829,0.4334226362946255,851.2303538781775
mixture,120,5288.871722249597,812.2997055990081,0.4697053214441831,812.7694109204523
mixture,120,5332.826695754106,774.296930009824,0.30378769339159406,774.6007177032155
mixture,120,5376.781669258616,736.8489452053781,-0.14248452094965447,736.7064606844284
mixture,120,5420.736642763125,700.0201732750827,0.3995831841121422,700.4197564591948
mixture,120,5464.691616267635,663.8783273618886,0.07409115280103884,663.9524185146897
mixture,120,5508.646589772144,628.4934309955779,-0.0744866027764477,628.4189443928014
mixture,120,5552.601563276654,593.9366704453279,-0.3776958071627623,593.5589746381651
mixture,120,5596.556536781162,560.2791134576407,0.2125574836905596,560.4916709413313
mixture,120,5640.511510285672,527.5903362430291,-0.36433193274143816,527.2260043102876
mixture,120,5684.466483790181,495.93700695650114,-0.02651852182674641,495.9104884346744
mixture,120,5728.42145729469,465.3814777090008,0.21294246362965685,465.59442017263046
mixture,120,5772.3764307992005,435.98043806951114,-0.41819867157114565,435.56223939794
mixture,120,5816.33140430371,407.7836810060908,0.038805631083402514,407.82248663717417
mixture,120,5860.286377808219,380.8330274202166,-0.08693771909957337,380.746089701117
mixture,120,5904.2413513127285,355.1614482013765,0.431334497788885,355.5927826991654
mixture,120,5948.196324817238,330.7924135783734,0.39599410975634297,331.1884076881297
mixture,120,5992.151298321748,307.73948909435387,-0.06581314021980489,307.67367595413407
mixture,120,6036.1062718262565,286.0061864670537,0.337077081338618,286.3432635483923
mixture,120,6080.061245330766,265.5860665998549,-0.3986088653130868,265.18745773454185
mixture,120,6124.016218835275,246.4630817194285,0.23420839815125494,246.69729011757974
mixture,120,6167.9711923397845,228.6121345759998,0.06519548203208503,228.67733005803188
mixture,120,6211.926165844295,211.99982527215263,0.13566236136486398,212.1354876335175
mixture,120,6255.881139348803,196.58535086203443,0.18088360667909187,196.76623446871352
mixture,120,6299.836112853313,182.32151951280588,-0.029029738829772334,182.29248977397611
mixture,120,6343.791086357822,169.15583973066123,-0.2918211697383386,168.8640185609229
mixture,120,6387.746059862332,157.0316457862802,0.42077154465588473,157.45241733093607
mixture,120,6431.701033366842,145.88922279063507,0.4444361174364786,146.33365890807156
mixture,120,6475.656006871351,135.6668985610566,0.4267148290162993,136.0936133900729
mixture,120,6519.61098037586,126.30207412719096,0.2824364758266822,126.58451060301765
mixture,120,6563.565953880369,117.73217009161198,-0.09129025273342017,117.64087983887856
mixture,120,6607.520927384879,109.89547172755104,0.07447554691775815,109.9699472744688
mixture,120,6651.475900889389,102.73186134650118,0.13087127072104365,102.86273261722222
mixture,120,6695.430874393897,96.18343182965194,-0.48205684612778765,95.70137498352415
mixture,120,6739.385847898406,90.19498007456158,0.22594884118334257,90.42092891574492
mixture,120,6783.340821402916,84.71438330891016,-0.08294285048827721,84.63144045842188
mixture,120,6827.295794907426,79.69286467309392,-0.32169992442051354,79.37116474867341
mixture,120,6871.250768411935,75.08515713490608,0.06518161195207883,75.15033874685817
mixture,120,6915.205741916445,70.84957668211048,-0.32165832083238055,70.5279183612781
mixture,120,6959.160715420953,66.94801689055195,0.34352764834641736,67.29154453889838
mixture,120,7003.1156889254635,63.34587746313016,-0.3808901081442978,62.96498735498586
mixture,120,7047.070662429973,60.01193927393852,0.43218869183632813,60.444127965774854
mixture,120,7091.025635934482,56.91819793722981,-0.45554962654241293,56.4626483106874
mixture,120,7134.980609438991,54.03966705974321,-0.3621817487150556,53.67748531102816
mixture,120,7178.9355829435,51.35416123016295,0.2637130939241862,51.61787432408714
mixture,120,7222.89055644801,48.84206754489671,-0.41728014464885965,48.42478740024785
mixture,120,7266.84552995252,46.486113146742326,0.3814414808046719,46.867554627547
mixture,120,7310.800503457029,44.27113493025436,0.3991640689378061,44.67029899919217
mixture,120,7354.755476961539,42.1838562982325,0.07496098000963047,42.25881727824213
mixture,120,7398.710450466047,40.212674677310915,-0.46128047560407415,39.75139420170684
mixture,120,7442.665423970558,38.34746244377049,-0.20229192420577613,38.145170519564715
mixture,120,7486.620397475067,36.57938298885612,0.18443298901169347,36.763815977867814
mixture,120,7530.575370979576,34.90072287196638,-0.11327089221533937,34.78745197975104
mixture,120,7574.530344484085,33.30474036853698,-0.33328203588781313,32.97145833264917
mixture,120,7618.485317988594,31.785530209933334,0.43552027454864006,32.22105048448197
mixture,120,7662.440291493104,30.337903924056697,-0.410452825305212,29.927451098751483
mixture,120,7706.3952649976145,28.957284903865066,-0.4677845332751914,28.489500370589873
mixture,120,7750.350238502123,27.639617141811165,0.19130591211878878,27.830923053929954
mixture,120,7794.305212006631,26.38128645611301,-0.39306259763666906,25.988223858476342
mixture,120,7838.260185511142,25.17905298531082,-0.007143076326415088,25.171909908984404
mixture,120,7882.215159015652,24.029993727157187,0.3440067481583551,24.37400047531554
mixture,120,7926.170132520161,22.93145393454283,-0.4366987809102697,22.49475515363256
mixture,120,7970.1251060246705,21.881006244309035,-0.4290372731427412,21.451968971166295
mixture,120,8014.080079529179,20.876416495660035,0.41272959437128054,21.289146090031316
mixture,120,8058.035053033688,19.91561528615912,-0.14163048211715423,19.773984804041966
mixture,180,4275.772529692832,1781.1732183925774,-0.23084802576049657,1780.942370366817
mixture,180,4330.1968319003845,1729.6711468041071,0.09014130139803922,1729.7612881055052
mixture,180,4384.621134107937,1678.310713674391,-0.06391149038763899,1678.2468021840034
mixture,180,4439.0454363154895,1627.0998704025149,0.3776895805417393,1627.4775599830566
mixture,180,4493.469738523043,1576.047752057116,0.19939003543364198,1576.2471420925497
mixture,180,4547.8940407305945,1525.1650866096425,-0.44509038239477094,1524.7199962272477
mixture,180,4602.318342938148,1474.464683275493,0.2580101452774446,1474.7226934207704
mixture,180,4656.7426451457,1423.961995870044,0.1344750515815366,1424.0964709216255
mixture,180,4711.166947353252,1373.67575027266,0.08813926257663918,1373.7638895352366
mixture,180,4765.591249560805,1323.6286173876247,0.07506180392350337,1323.7036791915482
mixture,180,4820.015551768358,1273.8479049580335,0.019912694261369657,1273.867817652295
mixture,180,4874.43985397591,1224.3662339439938,0.06293674372565616,1224.4291706877195
mixture,180,4928.864156183463,1175.2221587289246,-0.3185938933035132,1174.903564835621
mixture,180,4983.288458391016,1126.4606859854373,-0.3687107017786495,1126.0919752836587
mixture,180,5037.712760598569,1078.1336453464032,0.37674322509009095,1078.5103885714934
mixture,180,5092.13706280612,1030.2998666364174,-0.018472155867261253,1030.28139448055
mixture,180,5146.561365013674,983.0251236081635,-0.04219534036635286,982.9829282677972
mixture,180,5200.985667221226,936.3818128617484,-0.48233818968152664,935.8994746720668
mixture,180,5255.409969428779,890.448348525056,-0.18612715778553857,890.2622213672704
mixture,180,5309.834271636331,845.3082676389354,-0.2105884175312892,845.0976792214041
mixture,180,5364.258573843885,801.0490570534084,0.4279312596399337,801.4769883130484
mixture,180,5418.682876051436,757.7607288517938,-0.04755202796730773,757.7131768238265
mixture,180,5473.107178258989,715.5341866591144,-0.40581401845036646,715.1283726406641
mixture,180,5527.531480466542,674.4594384866433,0.12686755959256035,674.5863060462359
mixture,180,5581.955782674095,634.6237220007084,0.23952920441540726,634.8632512051238
mixture,180,5636.380084881647,596.1096145167844,0.045109803086787026,596.1547243198712
mixture,180,5690.8043870892,558.9932021609061,-0.15120441736737444,558.8419977435387
mixture,180,5745.228689296752,523.3423804073974,-0.24368109984383435,523.0986993075536
mixture,180,5799.652991504305,489.21535183498133,-0.45257862737246624,488.76277320760886
mixture,180,5854.077293711857,456.6593769871954,0.0640594839638482,456.72343647115923
mixture,180,5908.501595919411,425.7098214642275,0.12075815917937016,425.8305796234069
mixture,180,5962.925898126963,396.389527758731,0.489728200035321,396.8792559587663
mixture,180,6017.350200334516,368.70852489671404,0.25336160444363975,368.96188650115766
mixture,180,6071.774502542068,342.66407365959367,-0.17481912733674443,342.48925453225695
mixture,180,6126.198804749621,318.2410309558139,0.03936303427173682,318.28039399008566
mixture,180,6180.623106957174,295.4125045369864,0.47728455072636333,295.88978908771276
mixture,180,6235.047409164726,274.14075927650947,-0.2197337926052031,273.92102548390426
mixture,180,6289.471711372278,254.37832899471277,0.3526273248730951,254.73095631958586
mixture,180,6343.896013579832,236.06928345559265,0.025179561333963818,236.09446301692662
mixture,180,6398.320315787385,219.15059860962452,0.21982354430930118,219.37042215393382
mixture,180,6452.744617994937,203.55357918114697,-0.1807373625260975,203.37284181862088
mixture,180,6507.168920202489,189.20528593495624,-0.07892384842257694,189.12636208653365
mixture,180,6561.5932224100425,176.0299249571848,-0.01659487648506519,176.01333008069972
mixture,180,6616.017524617594,163.9501625596672,-0.2692759780271837,163.68088658164
mixture,180,6670.441826825147,152.88833647054707,0.4165387199669556,153.30487519051403
mixture,180,6724.8661290327,142.7675413417407,-0.17277622677907456,142.59476511496163
mixture,180,6779.2904312402525,133.5125738751282,-0.23428813985179053,133.2782857352764
mixture,180,6833.714733447804,125.05072970428952,0.18251382957165774,125.23324353386118
mixture,180,6888.1390356553575,117.31245030752558,0.2620004290608947,117.57445073658647
mixture,180,6942.563337862911,110.23182349285048,0.18795147932028078,110.41977497217076
mixture,180,6996.9876400704625,103.74694528644788,-0.4592568899040492,103.28768839654383
mixture,180,7051.411942278015,97.80015434163633,0.30071116858837144,98.10086551022471
mixture,180,7105.836244485568,92.33815229275328,-0.13306042828707665,92.2050918644662
mixture,180,7160.260546693121,87.31202487937593,0.4670317614002769,87.7790566407762
mixture,180,7214.6848489006725,82.67717926514169,0.3627836317340086,83.03996289687569
mixture,180,7269.109151108226,78.39321289592633,0.20553136004470574,78.59874425597103
mixture,180,7323.5334533157775,74.42372861684652,0.2997982414556265,74.72352685830215
mixture,180,7377.95775552333,70.73610972895153,-0.19110190325383147,70.5450078256977
mixture,180,7432.382057730883,67.30126733943294,-0.39139804937980793,66.90986929005314
mixture,180,7486.806359938437,64.09337085631965,-0.17668699264630106,63.91668386367335
mixture,180,7541.230662145989,61.08957089681152,-0.3797172816993809,60.709853615112145
mixture,180,7595.654964353543,58.269722297337765,0.0783064003380648,58.34802869767583
mixture,180,7650.079266561094,55.61611339543872,0.280519271538327,55.89663266697704
mixture,180,7704.503568768647,53.113206344324716,-0.31987796040008143,52.79332838392463
mixture,180,7758.927870976198,50.747391951173654,0.07504461325647871,50.822436564430134
mixture,180,7813.352173183752,48.506761417504556,0.3982949942478783,48.90505641175243
mixture,180,7867.776475391304,46.38089641111834,0.2887329768624145,46.669629387980756
mixture,180,7922.200777598858,44.3606781124194,-0.2137959270390004,44.1468821853804
mixture,180,7976.625079806411,42.438115245238976,0.19442418932420769,42.632539434563185
mixture,180,8031.049382013963,40.606190611005246,-0.33621705283447423,40.26997355817077
mixture,180,8085.473684221515,38.85872527982479,0.2851871852821951,39.143912465106986
mixture,180,8139.897986429067,37.19025933601991,0.45294905833770327,37.643208394357615
mixture,180,8194.32228863662,35.59594791183519,-0.03329098067276315,35.56265693116243
mixture,180,8248.746590844174,34.0714711549128,-0.13541718905913058,33.93605396585367
mixture,180,8303.170893051725,32.612956747385304,-0.37670354475139867,32.236253202633904
mixture,180,8357.595195259279,31.216913613219322,-0.18667549501746927,31.030238118201854
mixture,180,8412.01949746683,29.880175503651483,0.28893833272998615,30.16911383638147
mixture,180,8466.443799674384,28.59985322787371,-0.3762404640061622,28.223612763867546
mixture,180,8520.868101881935,27.37329438899168,0.2864754103729744,27.659769799364657
mixture,180,8575.292404089489,26.198049586732623,-0.2264528280382221,25.9715967586944
mixture,180,8629.716706297042,25.07184415305182,-0.4320615340183823,24.63978261903344
mixture,240,4066.389066287289,2000.0201034519641,-0.1820615789134864,1999.8380418730505
mixture,240,4129.921207625446,1940.3739129135588,0.14670636790243696,1940.5206192814612
mixture,240,4193.453348963604,1880.906606273059,-0.35969423473198137,1880.546912038327
mixture,240,4256.985490301761,1821.6283517437182,-0.38550494919515566,1821.242846794523
mixture,240,4320.517631639918,1762.5509695475234,-0.25848133400534945,1762.292488213518
mixture,240,4384.049772978075,1703.6885291846565,0.19808347498621204,1703.8866126596427
mixture,240,4447.581914316233,1645.05805443226,-0.4050835233114978,1644.6529709089484
mixture,240,4511.1140556543905,1586.6803238317923,-0.4363404712408132,1586.2439833605515
mixture,240,4574.646196992548,1528.580743186168,-0.2706220047895981,1528.3101211813785
mixture,240,4638.178338330706,1470.7902546918867,-0.07422903665493796,1470.7160256552318
mixture,240,4701.710479668863,1413.3462359228338,0.22650642837041923,1413.5727423512042
mixture,240,4765.24262100702,1356.293332259202,-0.12782616341128805,1356.1655060957908
mixture,240,4828.774762345178,1299.6841598152164,0.4274914561965698,1300.111651271413
mixture,240,4892.306903683335,1243.5798135943935,0.328243451512528,1243.908057045906
mixture,240,4955.839045021492,1188.050118293249,-0.1450806508361856,1187.9050376424127
mixture,240,5019.37118635965,1133.173567228208,0.4746784190137494,1133.6482456472218
mixture,240,5082.903327697807,1079.0369080863725,0.40988878168366527,1079.4467968680563
mixture,240,5146.435469035964,1025.7343518647917,-0.30174066920226594,1025.4326111955895
mixture,240,5209.967610374121,973.3664022444877,0.27692709847915076,973.6433293429669
mixture,240,5273.499751712279,922.0383251575264,0.1482667111788305,922.1865918687052
mixture,240,5337.031893050436,871.8583006582093,0.1689018911948459,872.0272025494041
mixture,240,5400.564034388593,822.9353195970259,0.32599133140746306,823.2613109284333
mixture,240,5464.096175726751,775.3769043827133,0.46295241953338095,775.8398568022467
mixture,240,5527.6283170649085,729.2867449965795,-0.06663714033712798,729.2201078562424
mixture,240,5591.160458403066,684.7623475358845,0.353065696875972,685.1154132327605
mixture,240,5654.692599741224,641.8927925616214,-0.015430489104604872,641.8773620725168
mixture,240,5718.224741079381,600.7566945809011,0.3063258690081627,601.0630204499093
mixture,240,5781.756882417538,561.420442746245,-0.23770298210075236,561.1827397641443
mixture,240,5845.289023755696,523.9367873254351,0.07880400167113644,524.0155913271063
mixture,240,5908.821165093853,488.3438179692596,0.36657781010665846,488.71039577936625
mixture,240,5972.35330643201,454.6643596930004,0.012640489240209107,454.6770001822406
mixture,240,6035.885447770168,422.9057922015014,0.07704504995279815,422.9828372514542
mixture,240,6099.417589108325,393.0602790205129,-0.2875551152869521,392.7727239052259
mixture,240,6162.949730446482,365.10537593386005,-0.24171704285824036,364.8636588910018
mixture,240,6226.48187178464,339.0049742827367,-0.12128675463501071,338.8836875281017
mixture,240,6290.014013122797,314.71052427661095,-0.08346267991257961,314.62706159669835
mixture,240,6353.546154460954,292.1624768127467,-0.354260430050108,291.8082163826966
mixture,240,6417.078295799112,271.29187934662843,0.21691239118254213,271.50879173781095
mixture,240,6480.610437137269,252.02206181114957,0.4828767923717726,252.50493860352134
mixture,240,6544.1425784754265,234.27035198494292,0.4971963389029094,234.76754832384583
mixture,240,6607.6747198135845,217.9497654801915,-0.350865856552802,217.5988996236387
mixture,240,6671.206861151742,202.97062302036403,0.38380035634442333,203.35442337670847
mixture,240,6734.739002489899,189.24205626658568,-0.4603837608262702,188.78167250575942
mixture,240,6798.271143828057,176.6733725244062,0.49253416574058095,177.16590669014678
mixture,240,6861.803285166213,165.17525768860912,-0.447235564664627,164.7280221239445
mixture,240,6925.335426504371,154.660805323481,-0.1009188107105361,154.55988651277045
mixture,240,6988.867567842529,145.0463674942202,0.4920339533874688,145.53840144760767
mixture,240,7052.399709180686,136.25222963149469,0.2277603944081531,136.47999002590285
mixture,240,7115.931850518843,128.2031171942487,0.1566594658175059,128.35977666006622
mixture,240,7179.463991857001,120.82854615164767,0.4112106932905124,121.23975684493819
mixture,240,7242.996133195157,114.06303236239135,-0.30967399064988943,113.75335837174147
mixture,240,7306.528274533315,107.84617687322178,0.24770377561973367,108.09388064884152
mixture,240,7370.060415871473,102.1226451129789,0.2629402858814217,102.38558539886033
mixture,240,7433.59255720963,96.84205807279714,0.3784985016777086,97.22055657447486
mixture,240,7497.124698547787,91.95881299667664,0.36235633620304764,92.32116933287969
mixture,240,7560.656839885944,87.43185001915256,-0.05883876385765663,87.37301125529491
mixture,240,7624.188981224102,83.22437972868615,-0.43881840298692587,82.78556132569922
mixture,240,7687.72112256226,79.30358494251985,0.17980972985852128,79.48339467237837
mixture,240,7751.253263900418,75.64030816819182,-0.16343156897033972,75.47687659922148
mixture,240,7814.785405238575,72.20873439547051,0.033994115025185456,72.2427285104957
mixture,240,7878.317546576732,68.98607708627209,-0.2775823029755672,68.70849478329652
mixture,240,7941.849687914888,65.95227356572349,-0.29636891783748676,65.655904647886
mixture,240,8005.381829253046,63.089694503659004,-0.49822453424843416,62.59146996941057
mixture,240,8068.913970591204,60.382870835875174,-0.2330043464435284,60.149866489431645
mixture,240,8132.446111929362,57.81824031890448,-0.07155660615887016,57.74668371274561
mixture,240,8195.978253267518,55.38391494123891,-0.25172880538880693,55.132186135850105
mixture,240,8259.510394605675,53.06946962041411,0.01891887527795333,53.088388495692065
mixture,240,8323.042535943832,50.865751986324554,0.278451739181407,51.14420372550596
mixture,240,8386.57467728199,48.764712570160626,-0.34693960073124297,48.417772969429386
mixture,240,8450.106818620148,46.759254367200086,-0.42094763632525845,46.33830673087483
mixture,240,8513.638959958305,44.84310050145453,0.0019309875046183977,44.84503148895915
mixture,240,8577.171101296462,43.010678572367475,-0.18321851578649517,42.82746005658098
mixture,240,8640.70324263462,41.25702019098111,0.22403194302917306,41.481052134010284
mixture,240,8704.235383972777,39.577674199323816,-0.3721315771475002,39.20554262217632
mixture,240,8767.767525310934,37.96863209820781,-0.07577792568384989,37.89285417252396
mixture,240,8831.299666649093,36.42626427294761,0.421767234364409,36.84803150731202
mixture,240,8894.83180798725,34.94726569357409,-0.39037844976986535,34.556887243804226
mixture,240,8958.363949325407,33.528609867435115,0.16381034923730342,33.69242021667242
mixture,240,9021.896090663564,32.167509930955234,0.1331919864009894,32.30070191735622
mixture,240,9085.428232001721,30.86138587852318,-0.060852138002869594,30.80053374052031
mixture,240,9148.960373339878,29.607837036017475,0.2635089956920261,29.8713460317095
mixture,300,3892.3340888214566,2181.4797900114686,-0.45375722751669156,2181.026032783952
mixture,300,3964.1419274260943,2114.587974701483,-0.21293205420119077,2114.3750426472816
mixture,300,4035.949766030733,2047.912766233468,0.4899753229348687,2048.402741556403
mixture,300,4107.757604635371,1981.4666091429629,-0.3775025921952866,1981.0891065507676
mixture,300,4179.565443240009,1915.2641438744151,0.05444677242471441,1915.3185906468398
mixture,300,4251.373281844647,1849.3230283670177,0.21289921752492635,1849.5359275845426
mixture,300,4323.181120449285,1783.6648961916912,0.3760095450658515,1784.0409057367572
mixture,300,4394.988959053922,1718.316425904976,0.22509902832509843,1718.5415249333012
mixture,300,4466.7967976585605,1653.3104796012722,-0.017447632487528675,1653.2930319687846
mixture,300,4538.604636263199,1588.6872521868327,-0.3059646443429772,1588.3812875424896
mixture,300,4610.412474867837,1524.495358619758,0.031178671030671068,1524.5265372907886
mixture,300,4682.220313472475,1460.7927762442746,0.09373771843508216,1460.8865139627096
mixture,300,4754.028152077112,1397.6475551321869,-0.057229141192269406,1397.5903259909946
mixture,300,4825.83599068175,1335.1382122565637,0.2761340584433639,1335.4143463150072
mixture,300,4897.643829286389,1273.3537358735339,0.11703810902711198,1273.470773982561
mixture,300,4969.451667891026,1212.3931443605445,0.40548059074222564,1212.7986249512867
mixture,300,5041.259506495665,1152.3645678100302,-0.3574898657301706,1152.0070779443
mixture,300,5113.067345100302,1093.3838490484377,0.04904370522957935,1093.4328927536674
mixture,300,5184.87518370494,1035.5726910786805,0.39269333005407725,1035.9653844087345
mixture,300,5256.6830223095785,979.05640763036,-0.22996807657250296,978.8264395537875
mixture,300,5328.490860914216,923.9613600039969,-0.2450315849023712,923.7163284190946
mixture,300,5400.298699518855,870.4121845019691,0.05473829010660047,870.4669227920757
mixture,300,5472.106538123492,818.5289287910053,-0.35958554879117,818.1693432422142
mixture,300,5543.91437672813,768.4242215761226,0.2810038909350361,768.7052254670576
mixture,300,5615.722215332768,720.2005977735862,-0.33916101329252635,719.8614367602937
mixture,300,5687.530053937406,673.9480914599668,-0.4986591696438655,673.449432290323
mixture,300,5759.337892542045,629.7421923710376,-0.23337011380430994,629.5088222572333
mixture,300,5831.145731146682,587.6422402089725,0.1269782543986595,587.7692184633711
mixture,300,5902.95356975132,547.690306339273,-0.33795243692477284,547.3523539023482
mixture,300,5974.761408355958,509.91058654650453,-0.25006400347573443,509.6605225430288
mixture,300,6046.569246960596,474.30930319787456,-0.43671681940928153,473.87258637846526
mixture,300,6118.377085565235,440.8750920217873,0.07247459364978737,440.9475666154371
mixture,300,6190.184924169872,409.5798289886586,0.15385795279859893,409.7336869414572
mixture,300,6261.99276277451,380.3798373306679,0.31356906412215635,380.69340639479003
mixture,300,6333.800601379149,353.21740399529824,-0.30774354874799226,352.9096604465503
mixture,300,6405.608439983786,328.02252885224425,-0.3117888214788368,327.7107400307654
mixture,300,6477.416278588425,304.7148284950662,-0.0564949435749833,304.6583335514912
mixture,300,6549.224117193062,283.2055189727642,-0.22759086879597912,282.9779281039682
mixture,300,6621.0319557977,263.3994075523895,0.3391305704859683,263.73853812287547
mixture,300,6692.839794402337,245.19683185657976,0.2599143314562037,245.45674618803596
mixture,300,6764.647633006975,228.4954946210717,-0.3109863081720856,228.18450831289962
mixture,300,6836.4554716116145,213.19215309596296,-0.10256507714137242,213.0895880188216
mixture,300,6908.263310216252,199.18413307240445,-0.32117807494631767,198.86295499745813
mixture,300,6980.07114882089,186.3706480690969,0.23404467644225857,186.60469274553915
mixture,300,7051.878987425529,174.65391390509294,-0.42701673959265796,174.22689716550028
mixture,300,7123.686826030166,163.94005739473346,0.4365720792894884,164.37662947402293
mixture,300,7195.494664634804,154.13982503123708,0.17442706352539705,154.31425209476248
mixture,300,7267.302503239442,145.16910319423488,0.42250002710021595,145.5916032213351
mixture,300,7339.11034184408,136.9492656342497,-0.1450038633703713,136.80426177087935
mixture,300,7410.918180448717,129.40736683843056,-0.09974033243406621,129.3076265059965
mixture,300,7482.726019053355,122.47620150418427,0.05734481838585159,122.53354632257013
mixture,300,7554.533857657994,116.09425091172862,0.07935590648333146,116.17360681821195
mixture,300,7626.341696262632,110.20553668065067,0.3172465116181099,110.52278319226878
mixture,300,7698.149534867271,104.75940140916501,0.48752653775823374,105.24692794692324
mixture,300,7769.957373471908,99.71023420961714,0.007623406601195981,99.71785761621834
mixture,300,7841.765212076546,95.01715733507581,0.29779729526756915,95.31495463034338
mixture,300,7913.573050681183,90.64368808388812,-0.11055542255117479,90.53313266133695
mixture,300,7985.3808892858215,86.55738809221535,0.28125874397896844,86.83864683619431
mixture,300,8057.188727890459,82.72951007512545,-0.18512198293720605,82.54438809218824
mixture,300,8128.996566495097,79.13465012775345,-0.481746907824233,78.65290321992921
mixture,300,8200.804405099734,75.75041190103586,-0.38810633834486896,75.36230556269099
mixture,300,8272.612243704374,72.55708735466678,0.022132381985118688,72.5792197366519
mixture,300,8344.42008230901,69.5373573806299,0.1566287188318387,69.69398609946174
mixture,300,8416.22792091365,66.67601438877992,-0.21155236931181487,66.4644620194681
mixture,300,8488.035759518289,63.95970794660181,0.3051005191710411,64.26480846577284
mixture,300,8559.843598122925,61.376713756575384,-0.10631150463424022,61.27040225194114
mixture,300,8631.651436727563,58.91672561992475,-0.3896800813789224,58.52704553854583
mixture,300,8703.459275332201,56.57066955551031,-0.484952023523192,56.085717531987115
mixture,300,8775.26711393684,54.33053889663337,0.3415064784310148,54.672045375064386
mixture,300,8847.074952541476,52.18924895596184,0.4409978440999598,52.6302468000618
mixture,300,8918.882791146114,50.14050970987751,-0.28446834846054525,49.85604136141697
mixture,300,8990.690629750754,48.17871489006374,0.40749677871877255,48.58621166878251
mixture,300,9062.49846835539,46.29884586564279,-0.41297917852240906,45.885866687120384
mixture,300,9134.30630696003,44.496388739304784,0.16649121770797604,44.66287995701276
mixture,300,9206.114145564668,42.767263153315625,-0.056428286873156375,42.71083486644247
mixture,300,9277.921984169305,41.10776139580356,-0.34654939242451055,40.76121200337904
mixture,300,9349.729822773943,39.514496505893646,0.23671742042818233,39.75121392632183
mixture,300,9421.537661378581,37.9843581914396,0.133218360971597,38.117576552411194
mixture,300,9493.34549998322,36.514475490074794,0.005327776689982189,36.519803266764775
mixture,300,9565.153338587856,35.1021852192389,-0.05794026382095574,35.044244955417945
mixture,300,9636.961177192496,33.745005370890496,0.18787828778503968,33.932883658675536
mixture,365,3731.31033879012,2348.659982513529,0.12988239993477635,2348.7898649134636
mixture,365,3811.453373183676,2274.6245783611303,-0.017037692601122978,2274.607540668529
mixture,365,3891.5964075772313,2200.847626231752,0.22370294874752772,2201.0713291804996
mixture,365,3971.739441970786,2127.344126763806,-0.11376760166500166,2127.2303591621408
mixture,365,4051.8824763643415,2054.1319640028114,-0.3864884618315588,2053.74547554098
mixture,365,4132.025510757897,1981.2330149988168,-0.44803635283884724,1980.7849786459778
mixture,365,4212.168545151452,1908.6744253651418,-0.46387554103894213,1908.2105498241028
mixture,365,4292.311579545008,1836.4900043359178,0.20461934667281723,1836.6946236825906
mixture,365,4372.454613938563,1764.7216693581802,-0.30126966026458146,1764.4203996979156
mixture,365,4452.597648332118,1693.4208490274748,-0.2039410930038461,1693.216907934471
mixture,365,4532.740682725674,1622.649737257258,-0.45278913201217197,1622.1969481252459
mixture,365,4612.883717119229,1552.4822836756375,-0.47606868286386317,1552.0062149927737
mixture,365,4693.026751512785,1483.0048073230919,-0.15308680865107804,1482.8517205144408
mixture,365,4773.16978590634,1414.3161336386984,0.2714826526102867,1414.5876162913087
mixture,365,4853.312820299895,1346.527178051032,-0.09017612245654005,1346.4370019285755
mixture,365,4933.45585469345,1279.7599315515363,0.0254783322627683,1279.785409883799
mixture,365,5013.598889087006,1214.1458416771418,0.08753960587626042,1214.2333812830182
mixture,365,5093.741923480561,1149.8236229029658,0.036769556936475434,1149.8603924599022
mixture,365,5173.8849578741165,1086.9365698007093,-0.4613841513163076,1086.475185649393
mixture,365,5254.027992267672,1025.6294808811626,0.1517918922358118,1025.7812727733985
mixture,365,5334.171026661227,966.0453278129431,0.015797874111605825,966.0611256870548
mixture,365,5414.314061054783,908.3218215776226,0.1830917436047208,908.5049133212273
mixture,365,5494.457095448338,852.58803301931,0.4877716761029208,853.075804695413
mixture,365,5574.600129841893,798.9612201939477,-0.35502319748237,798.6061969964653
mixture,365,5654.743164235449,747.5439999276048,0.051660847149337275,747.5956607747542
mixture,365,5734.886198629004,698.4219778526281,-0.30468832445643723,698.1172895281716
mixture,365,5815.029233022559,651.6619222380903,-0.24138637272950292,651.4205358653608
mixture,365,5895.172267416115,607.3105347500875,0.16732271779505636,607.4778574678826
mixture,365,5975.31530180967,565.3938384344946,-0.4197579900622963,564.9740804444323
mixture,365,6055.458336203225,525.9171720305553,0.38573592490043984,526.3029079554558
mixture,365,6135.601370596782,488.8657521039944,0.16177863075342258,489.0275307347478
mixture,365,6215.744404990337,454.2057418214814,0.22224725111337085,454.42798907259476
mixture,365,6295.887439383892,421.88574830762707,0.3986032708909656,422.28435157851806
mixture,365,6376.030473777448,391.83865972943363,0.3557819658116813,392.1944416952453
mixture,365,6456.173508171002,363.9837283681861,0.44517900588432846,364.42890737407043
mixture,365,6536.3165425645575,338.2288064142524,0.15345502072507156,338.38226143497747
mixture,365,6616.459576958113,314.47264623510404,-0.008379896825065902,314.46426633827895
mixture,365,6696.602611351668,292.6071854398184,-0.004854713734560923,292.60233072608384
mixture,365,6776.745645745224,272.51974815345875,-0.27707865187543845,272.2426695015833
mixture,365,6856.888680138778,254.0951065073317,-0.15293784765877427,253.94216865967294
mixture,365,6937.031714532333,237.2173595226626,0.11409345298640805,237.331452975649
mixture,365,7017.174748925889,221.77159952896545,0.06727699477313098,221.83887652373858
mixture,365,7097.317783319444,207.64534838859564,-0.35688584736337914,207.28846254123226
mixture,365,7177.460817713,194.72975663946306,-0.06181207072481032,194.66794456873825
mixture,365,7257.603852106556,182.92056792508765,0.2975169267926596,183.21808485188032
mixture,365,7337.746886500111,172.11885860856475,0.0037342708376884026,172.12259287940245
mixture,365,7417.889920893666,162.2315682418834,-0.12901213796674582,162.10255610391664
mixture,365,7498.032955287222,153.17184066001246,0.1693077092323012,153.34114836924476
mixture,365,7578.175989680777,144.85919803767393,0.441434904210776,145.30063294188471
mixture,365,7658.319024074333,137.2195714803334,-0.4663264200592495,136.75324506027414
mixture,365,7738.462058467889,130.18521183924264,0.3867565599161594,130.5719683991588
mixture,365,7818.605092861444,123.69450367033618,0.15602925133300594,123.85053292166918
mixture,365,7898.748127254999,117.69170381788493,0.07935411790263736,117.77105793578757
mixture,365,7978.891161648554,112.12662419849596,-0.4391363551740979,111.68748784332186
mixture,365,8059.034196042109,106.95427616755356,0.1287903259115053,107.08306649346507
mixture,365,8139.177230435665,102.13449151934233,-0.1866519301877515,101.94783958915458
mixture,365,8219.32026482922,97.63153282590984,0.34791142641307893,97.97944425232292
mixture,365,8299.463299222776,93.41370355256132,-0.15564322058674807,93.25806033197456
mixture,365,8379.60633361633,89.45296626827167,0.030176450519526443,89.48314271879119
mixture,365,8459.749368009885,85.72457534322675,0.49202740048104887,86.2166027437078
mixture,365,8539.89240240344,82.20672881988743,-0.3617847519420687,81.84494406794536
mixture,365,8620.035436796996,78.88024266945963,0.3710332707119174,79.25127594017155
mixture,365,8700.178471190551,75.72824940136704,-0.43618521334577554,75.29206418802126
mixture,365,8780.321505584106,72.73592196903476,0.2266773805351041,72.96259934956987
mixture,365,8860.464539977662,69.89022309459826,0.47404098562321173,70.36426408022146
mixture,365,8940.607574371219,67.17967949767502,-0.12382753339501029,67.05585196428001
mixture,365,9020.750608764774,64.59418003667236,-0.12505836700781592,64.46912166966455
mixture,365,9100.89364315833,62.1247964323842,0.24883598810697438,62.37363242049118
mixture,365,9181.036677551885,59.763625020510354,-0.4169433695469774,59.346681650963376
mixture,365,9261.17971194544,57.50364785125721,-0.4080204155851882,57.09562743567202
mixture,365,9341.322746338996,55.33861140130067,0.12607449335718512,55.464685894657855
mixture,365,9421.46578073255,53.262921169152435,-0.4519245348268588,52.810996634325576
mixture,365,9501.608815126105,51.27155047473104,0.2558240052369751,51.52737447996802
mixture,365,9581.75184951966,49.3599618652696,0.2675643920481753,49.62752625731777
mixture,365,9661.894883913217,47.52403963227107,-0.08154206774739536,47.44249756452368
mixture,365,9742.037918306773,45.760032059748895,0.4536142729369659,46.21364633268586
mixture,365,9822.180952700326,44.06450214577127,-0.021456795638545967,44.04304535013272
mixture,365,9902.323987093883,42.43428566238231,-0.06722206108882456,42.36706360129348
mixture,365,9982.467021487437,40.86645553938096,0.15779302531029726,41.024248564691256
mixture,365,10062.610055880992,39.35829167258865,-0.029834794326597303,39.32845687826205
mixture,365,10142.753090274548,37.90725536524447,-0.3419661888888358,37.565289176355634
